zone,crop_pixels,valid_pixels,crop_ha,valid_ha,missing_ha,coverage_percent,yield_Mg_ha_mean,quartile_mean,quartile_ha,return_usd_ac_mean,return_usd_ac_sum_usd,cash_margin_usd_ac_mean,cash_margin_usd_ac_sum_usd,revenue_usd_ac_mean,revenue_usd_ac_sum_usd,economic_loss_ha,both_ha,disagree_ha,year,scenario,source,price_factor,cost_factor,experimental,GEOID,NAME
1,56626,56584,5096.34,5092.5599999999995,3.78,99.92582912443048,9.324231874271986,0.36644634525660963,1866.1499999999999,-36.22585839156524,-455865.8330189575,135.76314160843677,1708441.9911775237,444.4661416084419,5593157.398865979,2656.5299999999997,1866.1499999999999,790.38,2019,M1_fixed,UNL,0.85,0.85,False,31023,Butler
2,384550,384318,34609.5,34588.619999999995,20.88,99.93966974385646,10.313043749567733,0.13537226983903955,4682.34,10.908683618483082,932368.9130442825,182.89768361848516,15632327.459268369,491.6006836184942,42017278.25900029,11183.039999999999,4682.34,6500.7,2019,M1_fixed,UNL,0.85,0.85,False,31025,Cass
4,583555,583020,52519.95,52471.799999999996,48.15,99.90832055247577,9.834192919838282,0.3844910980755377,20174.94,-11.917108743363542,-1545179.965117665,160.07189125663666,20755024.114887625,468.77489125664465,60781653.14412812,28386.0,20174.94,8211.06,2019,M1_fixed,UNL,0.85,0.85,False,31067,Gage
5,133263,133156,11993.67,11984.039999999999,9.629999999999999,99.91970764578315,9.852270107511867,0.384766739763886,4611.0599999999995,-11.05540796578238,-327386.0929310706,160.93359203422014,4765759.896018235,469.6365920342118,13907445.970282007,6577.469999999999,4611.0599999999995,1966.4099999999999,2019,M1_fixed,UNL,0.85,0.85,False,31095,Jefferson
6,232775,232584,20949.75,20932.559999999998,17.189999999999998,99.91794651487488,10.010417275489784,0.24822859698001581,5196.0599999999995,-3.5168715474208376,-181911.87676240975,168.47212845257314,8714302.088013694,477.17512845257943,24682113.631591644,7625.5199999999995,5196.0599999999995,2429.46,2019,M1_fixed,UNL,0.85,0.85,False,31097,Johnson
7,571098,570651,51398.82,51358.59,40.23,99.9217297206434,10.102464170844328,0.2032993896444587,10441.17,0.8708065988247157,110513.92589759758,172.85980659882563,21937610.3521937,481.5628065988448,61115058.60811278,19479.69,10441.17,9038.52,2019,M1_fixed,UNL,0.85,0.85,False,31109,Lancaster
8,331732,331187,29855.879999999997,29806.829999999998,49.05,99.83571075446444,10.252044167479152,0.18235921095936736,5435.55,8.000964327905542,589305.2746766624,179.98996432791014,13257031.405246627,488.6929643279068,35994328.90500064,9634.23,5435.55,4198.68,2019,M1_fixed,UNL,0.85,0.85,False,31127,Nemaha
9,533913,533339,48052.17,48000.509999999995,51.66,99.89249184792278,10.263552213114838,0.1832605528566259,8796.6,8.549528189263206,1014075.2982302058,180.53852818925952,21414007.6227228,489.24152818925575,58029839.497830495,15920.82,8796.6,7124.219999999999,2019,M1_fixed,UNL,0.85,0.85,False,31131,Otoe
10,239783,239542,21580.469999999998,21558.78,21.689999999999998,99.8994924577639,9.861734341934243,0.3335490227183542,7190.91,-10.60426820288142,-564920.1784908767,161.38473179711744,8597433.575638631,470.08773179711943,25042939.3403159,9794.699999999999,7190.91,2603.79,2019,M1_fixed,UNL,0.85,0.85,False,31133,Pawnee
11,380407,379298,34236.63,34136.82,99.81,99.70847013856212,10.327396086578178,0.15018270594624808,5126.76,11.592828751306032,977900.5407349307,183.58182875130518,15485846.764085406,492.2848287513062,41526154.70812252,9563.85,5126.76,4437.09,2019,M1_fixed,UNL,0.85,0.85,False,31147,Richardson
12,103025,102936,9272.25,9264.24,8.01,99.91361320067945,9.971861385551932,0.27462695266961995,2544.21,-5.354748154097866,-122583.22722924681,166.63425184590366,3814663.877809075,475.3372518459032,10881627.422376648,4226.94,2544.21,1682.73,2019,M1_fixed,UNL,0.85,0.85,False,31151,Saline
14,343472,343168,30912.48,30885.12,27.36,99.91149205757675,9.86162725580333,0.3683735080193957,11377.26,-10.609372769141856,-809694.530515001,161.37962723086272,12316298.460681614,470.0826272308547,35876138.99909486,18568.079999999998,11377.26,7190.82,2019,M1_fixed,UNL,0.85,0.85,False,31155,Saunders
15,32027,32019,2882.43,2881.71,0.72,99.97502107596715,9.722183733252427,0.27677316593272744,797.5799999999999,-17.256346511987037,-122880.03604923288,154.73265348801323,1101829.6384691193,463.435653488013,3300060.633781831,1267.29,797.5799999999999,469.71,2019,M1_fixed,UNL,0.85,0.85,False,31159,Seward
1,56626,56584,5096.34,5092.5599999999995,3.78,99.92582912443048,9.324231874271986,0.36644634525660963,1866.1499999999999,-121.05385839156389,-1523340.5209986195,81.28614160843439,1022903.9780560131,444.4661416084419,5593157.398865979,4993.2,1866.1499999999999,3127.0499999999997,2019,M1_fixed,UNL,0.85,1.0,False,31023,Butler
2,384550,384318,34609.5,34588.619999999995,20.88,99.93966974385646,10.313043749567733,0.13537226983903955,4682.34,-73.91931638151704,-6317909.206830149,128.4206836184816,10976159.671080219,491.6006836184942,42017278.25900029,33339.51,4682.34,28657.17,2019,M1_fixed,UNL,0.85,1.0,False,31025,Cass
4,583555,583020,52519.95,52471.799999999996,48.15,99.90832055247577,9.834192919838282,0.3844910980755377,20174.94,-96.74510874336455,-12544032.86674922,105.59489125663269,13691501.345021324,468.77489125664465,60781653.14412812,51440.22,20174.94,31265.28,2019,M1_fixed,UNL,0.85,1.0,False,31067,Gage
5,133263,133156,11993.67,11984.039999999999,9.629999999999999,99.91970764578315,9.852270107511867,0.384766739763886,4611.0599999999995,-95.88340796578295,-2839415.280556956,106.45659203421852,3152521.1770304195,469.6365920342118,13907445.970282007,11840.76,4611.0599999999995,7229.7,2019,M1_fixed,UNL,0.85,1.0,False,31095,Jefferson
6,232775,232584,20949.75,20932.559999999998,17.189999999999998,99.91794651487488,10.010417275489784,0.24822859698001581,5196.0599999999995,-88.34487154742321,-4569681.084119129,113.9951284525785,5896452.992088505,477.17512845257943,24682113.631591644,20203.829999999998,5196.0599999999995,15007.769999999999,2019,M1_fixed,UNL,0.85,1.0,False,31097,Johnson
7,571098,570651,51398.82,51358.59,40.23,99.9217297206434,10.102464170844328,0.2032993896444587,10441.17,-83.95719340117371,-10654993.959198551,118.38280659882545,15023943.012914266,481.5628065988448,61115058.60811278,49778.46,10441.17,39337.29,2019,M1_fixed,UNL,0.85,1.0,False,31109,Lancaster
8,331732,331187,29855.879999999997,29806.829999999998,49.05,99.83571075446444,10.252044167479152,0.18235921095936736,5435.55,-76.82703567209334,-5658640.071851001,125.51296432790612,9244567.140583815,488.6929643279068,35994328.90500064,28764.09,5435.55,23328.54,2019,M1_fixed,UNL,0.85,1.0,False,31127,Nemaha
9,533913,533339,48052.17,48000.509999999995,51.66,99.89249184792278,10.263552213114838,0.1832605528566259,8796.6,-76.27847181073825,-9047530.148758408,126.06152818926455,14952390.232998433,489.24152818925575,58029839.497830495,46072.53,8796.6,37275.93,2019,M1_fixed,UNL,0.85,1.0,False,31131,Otoe
10,239783,239542,21580.469999999998,21558.78,21.689999999999998,99.8994924577639,9.861734341934243,0.3335490227183542,7190.91,-95.43226820288112,-5083954.21122146,106.9077317971179,5695285.499519157,470.08773179711943,25042939.3403159,20765.43,7190.91,13574.519999999999,2019,M1_fixed,UNL,0.85,1.0,False,31133,Pawnee
11,380407,379298,34236.63,34136.82,99.81,99.70847013856212,10.327396086578178,0.15018270594624808,5126.76,-73.23517124869547,-6177673.724098298,129.10482875130174,10890498.303372702,492.2848287513062,41526154.70812252,32365.079999999998,5126.76,27238.32,2019,M1_fixed,UNL,0.85,1.0,False,31147,Richardson
12,103025,102936,9272.25,9264.24,8.01,99.91361320067945,9.971861385551932,0.27462695266961995,2544.21,-90.18274815409893,-2064502.753630307,112.15725184590244,2567552.6640618257,475.3372518459032,10881627.422376648,9087.119999999999,2544.21,6542.91,2019,M1_fixed,UNL,0.85,1.0,False,31151,Saline
14,343472,343168,30912.48,30885.12,27.36,99.91149205757675,9.86162725580333,0.3683735080193957,11377.26,-95.43737276914183,-7283665.153387374,106.90262723085836,8158679.542137658,470.0826272308547,35876138.99909486,30463.469999999998,11377.26,19086.21,2019,M1_fixed,UNL,0.85,1.0,False,31155,Saunders
15,32027,32019,2882.43,2881.71,0.72,99.97502107596715,9.722183733252427,0.27677316593272744,797.5799999999999,-102.08434651198681,-726928.3895488307,100.25565348801226,713906.5216492218,463.435653488013,3300060.633781831,2819.7,797.5799999999999,2022.12,2019,M1_fixed,UNL,0.85,1.0,False,31159,Seward
1,56626,56584,5096.34,5092.5599999999995,3.78,99.92582912443048,9.324231874271986,0.36644634525660963,1866.1499999999999,-205.88185839156267,-2590815.208978283,26.80914160843506,337365.96493454097,444.4661416084419,5593157.398865979,5092.5599999999995,1866.1499999999999,3226.41,2019,M1_fixed,UNL,0.85,1.15,False,31023,Butler
2,384550,384318,34609.5,34588.619999999995,20.88,99.93966974385646,10.313043749567733,0.13537226983903955,4682.34,-158.74731638152213,-13568187.326705003,73.94368361848306,6319991.882892492,491.6006836184942,42017278.25900029,34541.549999999996,4682.34,29859.21,2019,M1_fixed,UNL,0.85,1.15,False,31025,Cass
4,583555,583020,52519.95,52471.799999999996,48.15,99.90832055247577,9.834192919838282,0.3844910980755377,20174.94,-181.57310874336397,-23542885.768380564,51.11789125663729,6627978.575156134,468.77489125664465,60781653.14412812,52423.2,20174.94,32248.26,2019,M1_fixed,UNL,0.85,1.15,False,31067,Gage
5,133263,133156,11993.67,11984.039999999999,9.629999999999999,99.91970764578315,9.852270107511867,0.384766739763886,4611.0599999999995,-180.71140796578325,-5351444.468182833,51.979592034217454,1539282.4580426193,469.6365920342118,13907445.970282007,11976.66,4611.0599999999995,7365.599999999999,2019,M1_fixed,UNL,0.85,1.15,False,31095,Jefferson
6,232775,232584,20949.75,20932.559999999998,17.189999999999998,99.91794651487488,10.010417275489784,0.24822859698001581,5196.0599999999995,-173.1728715474187,-8957450.291475492,59.51812845257889,3078603.8961630613,477.17512845257943,24682113.631591644,20905.02,5196.0599999999995,15708.96,2019,M1_fixed,UNL,0.85,1.15,False,31097,Johnson
7,571098,570651,51398.82,51358.59,40.23,99.9217297206434,10.102464170844328,0.2032993896444587,10441.17,-168.78519340117103,-21420501.844294555,63.90580659882389,8110275.673634658,481.5628065988448,61115058.60811278,51342.299999999996,10441.17,40901.13,2019,M1_fixed,UNL,0.85,1.15,False,31109,Lancaster
8,331732,331187,29855.879999999997,29806.829999999998,49.05,99.83571075446444,10.252044167479152,0.18235921095936736,5435.55,-161.6550356720979,-11906585.41837908,71.0359643279052,5232102.875921231,488.6929643279068,35994328.90500064,29766.51,5435.55,24330.96,2019,M1_fixed,UNL,0.85,1.15,False,31127,Nemaha
9,533913,533339,48052.17,48000.509999999995,51.66,99.89249184792278,10.263552213114838,0.1832605528566259,8796.6,-161.10647181073656,-19109135.59574665,71.58452818926341,8490772.843273332,489.24152818925575,58029839.497830495,47934.27,8796.6,39137.67,2019,M1_fixed,UNL,0.85,1.15,False,31131,Otoe
10,239783,239542,21580.469999999998,21558.78,21.689999999999998,99.8994924577639,9.861734341934243,0.3335490227183542,7190.91,-180.2602682028791,-9602988.243951952,52.43073179711856,2793137.4233996933,470.08773179711943,25042939.3403159,21535.649999999998,7190.91,14344.74,2019,M1_fixed,UNL,0.85,1.15,False,31133,Pawnee
11,380407,379298,34236.63,34136.82,99.81,99.70847013856212,10.327396086578178,0.15018270594624808,5126.76,-158.06317124869315,-13333247.988931203,74.62782875130577,6295149.842660624,492.2848287513062,41526154.70812252,34054.56,5126.76,28927.8,2019,M1_fixed,UNL,0.85,1.15,False,31147,Richardson
12,103025,102936,9272.25,9264.24,8.01,99.91361320067945,9.971861385551932,0.27462695266961995,2544.21,-175.0107481540968,-4006422.2800312946,57.68025184590205,1320441.4503145965,475.3372518459032,10881627.422376648,9264.24,2544.21,6720.03,2019,M1_fixed,UNL,0.85,1.15,False,31151,Saline
14,343472,343168,30912.48,30885.12,27.36,99.91149205757675,9.86162725580333,0.3683735080193957,11377.26,-180.26537276914823,-13757635.776260234,52.425627230857486,4001060.6235939707,470.0826272308547,35876138.99909486,30867.21,11377.26,19489.95,2019,M1_fixed,UNL,0.85,1.15,False,31155,Saunders
15,32027,32019,2882.43,2881.71,0.72,99.97502107596715,9.722183733252427,0.27677316593272744,797.5799999999999,-186.91234651198917,-1330976.743048447,45.77865348801311,325983.4048293372,463.435653488013,3300060.633781831,2881.71,797.5799999999999,2084.13,2019,M1_fixed,UNL,0.85,1.15,False,31159,Seward
1,56626,56584,5096.34,5092.5599999999995,3.78,99.92582912443048,9.324231874271986,0.36644634525660963,1866.1499999999999,42.209343068747785,531161.9432515062,214.19834306874762,2695469.76744796,522.901343068751,6580185.175136393,772.1999999999999,772.1999999999999,1093.95,2019,M1_fixed,UNL,1.0,0.85,False,31023,Butler
2,384550,384318,34609.5,34588.619999999995,20.88,99.93966974385646,10.313043749567733,0.13537226983903955,4682.34,97.66174543351059,8347182.723456022,269.65074543351744,23047141.269680515,578.3537454335303,49432092.06941275,539.91,539.91,4142.43,2019,M1_fixed,UNL,1.0,0.85,False,31025,Cass
4,583555,583020,52519.95,52471.799999999996,48.15,99.90832055247577,9.834192919838282,0.3844910980755377,20174.94,70.8078720666307,9180994.119139994,242.79687206662769,31481198.199144866,551.4998720666315,71507827.22838482,3206.97,3206.97,16967.97,2019,M1_fixed,UNL,1.0,0.85,False,31067,Gage
5,133263,133156,11993.67,11984.039999999999,9.629999999999999,99.91970764578315,9.852270107511867,0.384766739763886,4611.0599999999995,71.82163768731472,2126869.0782951927,243.81063768731568,7220015.067244452,552.5136376873195,16361701.141508587,532.35,532.35,4078.71,2019,M1_fixed,UNL,1.0,0.85,False,31095,Jefferson
6,232775,232584,20949.75,20932.559999999998,17.189999999999998,99.91794651487488,10.010417275489784,0.24822859698001581,5196.0599999999995,80.6905040618561,4173755.2346948474,252.67950406186108,13069969.199471518,561.3825040618623,29037780.74304921,1655.1899999999998,1655.1899999999998,3540.87,2019,M1_fixed,UNL,1.0,0.85,False,31097,Johnson
7,571098,570651,51398.82,51358.59,40.23,99.9217297206434,10.102464170844328,0.2032993896444587,10441.17,85.85247835155793,10895524.268505214,257.8414783515562,32722620.694800973,566.5444783515586,71900068.95071793,2333.16,2333.16,8108.009999999999,2019,M1_fixed,UNL,1.0,0.85,False,31109,Lancaster
8,331732,331187,29855.879999999997,29806.829999999998,49.05,99.83571075446444,10.252044167479152,0.18235921095936736,5435.55,94.2408992092986,6941245.66967661,266.22989920930166,19608971.800246462,574.9328992092968,42346269.300000355,875.9699999999999,875.9699999999999,4559.58,2019,M1_fixed,UNL,1.0,0.85,False,31127,Nemaha
9,533913,533339,48052.17,48000.509999999995,51.66,99.89249184792278,10.263552213114838,0.1832605528566259,8796.6,94.88626845795756,11254635.209612312,266.875268457958,31654567.534105394,575.5782684579475,68270399.40921229,1492.29,1492.29,7304.3099999999995,2019,M1_fixed,UNL,1.0,0.85,False,31131,Otoe
10,239783,239542,21580.469999999998,21558.78,21.689999999999998,99.8994924577639,9.861734341934243,0.3335490227183542,7190.91,72.3523903495518,3854422.0580354785,244.34139034954865,13016775.812164878,553.0443903495567,29462281.57684247,1931.04,1931.04,5259.87,2019,M1_fixed,UNL,1.0,0.85,False,31133,Pawnee
11,380407,379298,34236.63,34136.82,99.81,99.70847013856212,10.327396086578178,0.15018270594624808,5126.76,98.46662206035857,8306045.489227015,270.45562206035345,22813991.71257713,579.1586220603534,48854299.65661416,1292.22,1292.22,3834.54,2019,M1_fixed,UNL,1.0,0.85,False,31147,Richardson
12,103025,102936,9272.25,9264.24,8.01,99.91361320067945,9.971861385551932,0.27462695266961995,2544.21,78.52829628929614,1797703.9649548521,250.51729628929542,5734951.069993122,559.2202962892985,12801914.61456078,453.87,453.87,2090.34,2019,M1_fixed,UNL,1.0,0.85,False,31151,Saline
14,343472,343168,30912.48,30885.12,27.36,99.91149205757675,9.86162725580333,0.3683735080193957,11377.26,72.34638497748013,5521388.822266488,244.33538497748404,18647381.813463055,553.0383849774879,42207222.351877205,1258.2,1258.2,10119.06,2019,M1_fixed,UNL,1.0,0.85,False,31155,Saunders
15,32027,32019,2882.43,2881.71,0.72,99.97502107596715,9.722183733252427,0.27677316593272744,797.5799999999999,64.52641586825058,459483.6052063846,236.51541586824814,1684193.2797247174,545.218415868252,3882424.2750374586,294.03,294.03,503.54999999999995,2019,M1_fixed,UNL,1.0,0.85,False,31159,Seward
1,56626,56584,5096.34,5092.5599999999995,3.78,99.92582912443048,9.324231874271986,0.36644634525660963,1866.1499999999999,-42.61865693125266,-536312.7447281784,159.72134306874673,2009931.754326468,522.901343068751,6580185.175136393,2656.5299999999997,1866.1499999999999,790.38,2019,M1_fixed,UNL,1.0,1.0,False,31023,Butler
2,384550,384318,34609.5,34588.619999999995,20.88,99.93966974385646,10.313043749567733,0.13537226983903955,4682.34,12.833745433509668,1096904.6035815226,215.17374543350923,18390973.481491964,578.3537454335303,49432092.06941275,11183.039999999999,4682.34,6500.7,2019,M1_fixed,UNL,1.0,1.0,False,31025,Cass
4,583555,583020,52519.95,52471.799999999996,48.15,99.90832055247577,9.834192919838282,0.3844910980755377,20174.94,-14.020127933369114,-1817858.7824914018,188.3198720666297,24417675.429279346,551.4998720666315,71507827.22838482,28386.0,20174.94,8211.06,2019,M1_fixed,UNL,1.0,1.0,False,31067,Gage
5,133263,133156,11993.67,11984.039999999999,9.629999999999999,99.91970764578315,9.852270107511867,0.384766739763886,4611.0599999999995,-13.006362312685198,-385160.10933067265,189.33363768731476,5606776.348256658,552.5136376873195,16361701.141508587,6577.469999999999,4611.0599999999995,1966.4099999999999,2019,M1_fixed,UNL,1.0,1.0,False,31095,Jefferson
6,232775,232584,20949.75,20932.559999999998,17.189999999999998,99.91794651487488,10.010417275489784,0.24822859698001581,5196.0599999999995,-4.137495938142184,-214013.97266165965,198.20250406185716,10252120.10354585,561.3825040618623,29037780.74304921,7625.5199999999995,5196.0599999999995,2429.46,2019,M1_fixed,UNL,1.0,1.0,False,31097,Johnson
7,571098,570651,51398.82,51358.59,40.23,99.9217297206434,10.102464170844328,0.2032993896444587,10441.17,1.02447835155846,130016.38340893465,203.36447835156488,25808953.355522674,566.5444783515586,71900068.95071793,19479.69,10441.17,9038.52,2019,M1_fixed,UNL,1.0,1.0,False,31109,Lancaster
8,331732,331187,29855.879999999997,29806.829999999998,49.05,99.83571075446444,10.252044167479152,0.18235921095936736,5435.55,9.412899209300672,693300.3231490172,211.75289920930288,15596507.535584034,574.9328992092968,42346269.300000355,9634.23,5435.55,4198.68,2019,M1_fixed,UNL,1.0,1.0,False,31127,Nemaha
9,533913,533339,48052.17,48000.509999999995,51.66,99.89249184792278,10.263552213114838,0.1832605528566259,8796.6,10.058268457956963,1193029.7626238011,212.39826845795895,25192950.144380543,575.5782684579475,68270399.40921229,15920.82,8796.6,7124.219999999999,2019,M1_fixed,UNL,1.0,1.0,False,31131,Otoe
10,239783,239542,21580.469999999998,21558.78,21.689999999999998,99.8994924577639,9.861734341934243,0.3335490227183542,7190.91,-12.475609650448797,-664611.9746951526,189.86439034954833,10114627.736045362,553.0443903495567,29462281.57684247,9794.699999999999,7190.91,2603.79,2019,M1_fixed,UNL,1.0,1.0,False,31133,Pawnee
11,380407,379298,34236.63,34136.82,99.81,99.70847013856212,10.327396086578178,0.15018270594624808,5126.76,13.638622060359902,1150471.2243940248,215.97862206036174,18218643.251865413,579.1586220603534,48854299.65661416,9563.85,5126.76,4437.09,2019,M1_fixed,UNL,1.0,1.0,False,31147,Richardson
12,103025,102936,9272.25,9264.24,8.01,99.91361320067945,9.971861385551932,0.27462695266961995,2544.21,-6.299703710703415,-144215.56144617373,196.0402962892977,4487839.856245954,559.2202962892985,12801914.61456078,4226.94,2544.21,1682.73,2019,M1_fixed,UNL,1.0,1.0,False,31151,Saline
14,343472,343168,30912.48,30885.12,27.36,99.91149205757675,9.86162725580333,0.3683735080193957,11377.26,-12.481615022519975,-952581.8006058945,189.8583849774763,14489762.89491884,553.0383849774879,42207222.351877205,18568.079999999998,11377.26,7190.82,2019,M1_fixed,UNL,1.0,1.0,False,31155,Saunders
15,32027,32019,2882.43,2881.71,0.72,99.97502107596715,9.722183733252427,0.27677316593272744,797.5799999999999,-20.301584131749607,-144564.74829321622,182.03841586824828,1296270.1629048279,545.218415868252,3882424.2750374586,1267.29,797.5799999999999,469.71,2019,M1_fixed,UNL,1.0,1.0,False,31159,Seward
1,56626,56584,5096.34,5092.5599999999995,3.78,99.92582912443048,9.324231874271986,0.36644634525660963,1866.1499999999999,-127.44665693125296,-1603787.432707861,105.24434306874743,1324393.7412049966,522.901343068751,6580185.175136393,4920.12,1866.1499999999999,3053.97,2019,M1_fixed,UNL,1.0,1.15,False,31023,Butler
2,384550,384318,34609.5,34588.619999999995,20.88,99.93966974385646,10.313043749567733,0.13537226983903955,4682.34,-71.99425456649035,-6153373.5162929,160.6967454335134,13734805.693304474,578.3537454335303,49432092.06941275,32694.12,4682.34,28011.78,2019,M1_fixed,UNL,1.0,1.15,False,31025,Cass
4,583555,583020,52519.95,52471.799999999996,48.15,99.90832055247577,9.834192919838282,0.3844910980755377,20174.94,-98.84812793336624,-12816711.68412245,133.84287206662617,17354152.6594131,551.4998720666315,71507827.22838482,50784.84,20174.94,30609.899999999998,2019,M1_fixed,UNL,1.0,1.15,False,31067,Gage
5,133263,133156,11993.67,11984.039999999999,9.629999999999999,99.91970764578315,9.852270107511867,0.384766739763886,4611.0599999999995,-97.83436231268526,-2897189.2969565424,134.85663768731644,3993537.6292689387,552.5136376873195,16361701.141508587,11741.039999999999,4611.0599999999995,7129.98,2019,M1_fixed,UNL,1.0,1.15,False,31095,Jefferson
6,232775,232584,20949.75,20932.559999999998,17.189999999999998,99.91794651487488,10.010417275489784,0.24822859698001581,5196.0599999999995,-88.96549593814142,-4601783.180018215,143.72550406185522,7434271.007620286,561.3825040618623,29037780.74304921,19720.71,5196.0599999999995,14524.65,2019,M1_fixed,UNL,1.0,1.15,False,31097,Johnson
7,571098,570651,51398.82,51358.59,40.23,99.9217297206434,10.102464170844328,0.2032993896444587,10441.17,-83.8035216484391,-10635491.501687104,148.88747835155738,18895286.01624231,566.5444783515586,71900068.95071793,48826.439999999995,10441.17,38385.27,2019,M1_fixed,UNL,1.0,1.15,False,31109,Lancaster
8,331732,331187,29855.879999999997,29806.829999999998,49.05,99.83571075446444,10.252044167479152,0.18235921095936736,5435.55,-75.41510079070045,-5554645.02337881,157.27589920930578,11584043.27092173,574.9328992092968,42346269.300000355,28161.27,5435.55,22725.719999999998,2019,M1_fixed,UNL,1.0,1.15,False,31127,Nemaha
9,533913,533339,48052.17,48000.509999999995,51.66,99.89249184792278,10.263552213114838,0.1832605528566259,8796.6,-74.76973154204458,-8868575.684364822,157.9212684579604,18731332.754655752,575.5782684579475,68270399.40921229,45025.83,8796.6,36229.229999999996,2019,M1_fixed,UNL,1.0,1.15,False,31131,Otoe
10,239783,239542,21580.469999999998,21558.78,21.689999999999998,99.8994924577639,9.861734341934243,0.3335490227183542,7190.91,-97.30360965045004,-5183646.007425819,135.387390349552,7212479.659926059,553.0443903495567,29462281.57684247,20307.69,7190.91,13116.779999999999,2019,M1_fixed,UNL,1.0,1.15,False,31133,Pawnee
11,380407,379298,34236.63,34136.82,99.81,99.70847013856212,10.327396086578178,0.15018270594624808,5126.76,-71.18937793963676,-6005103.040438796,161.501622060356,13623294.791152513,579.1586220603534,48854299.65661416,31520.25,5126.76,26393.489999999998,2019,M1_fixed,UNL,1.0,1.15,False,31147,Richardson
12,103025,102936,9272.25,9264.24,8.01,99.91361320067945,9.971861385551932,0.27462695266961995,2544.21,-91.12770371070282,-2086135.087847196,141.56329628929663,3240728.6424987083,559.2202962892985,12801914.61456078,8963.55,2544.21,6419.34,2019,M1_fixed,UNL,1.0,1.15,False,31151,Saline
14,343472,343168,30912.48,30885.12,27.36,99.91149205757675,9.86162725580333,0.3683735080193957,11377.26,-97.30961502251895,-7426552.423478191,135.38138497748147,10332143.976375611,553.0383849774879,42207222.351877205,30140.19,11377.26,18762.93,2019,M1_fixed,UNL,1.0,1.15,False,31155,Saunders
15,32027,32019,2882.43,2881.71,0.72,99.97502107596715,9.722183733252427,0.27677316593272744,797.5799999999999,-105.12958413174837,-748613.1017928069,127.5614158682511,908347.0460849573,545.218415868252,3882424.2750374586,2766.24,797.5799999999999,1968.6599999999999,2019,M1_fixed,UNL,1.0,1.15,False,31159,Seward
1,56626,56584,5096.34,5092.5599999999995,3.78,99.92582912443048,9.324231874271986,0.36644634525660963,1866.1499999999999,120.6445445290595,1518189.7195219533,292.6335445290574,3682497.543718384,601.3365445290581,7567212.9514067825,762.8399999999999,762.8399999999999,1103.31,2019,M1_fixed,UNL,1.15,0.85,False,31023,Butler
2,384550,384318,34609.5,34588.619999999995,20.88,99.93966974385646,10.313043749567733,0.13537226983903955,4682.34,184.4148072485355,15761996.53386754,356.4038072485353,30461955.08009143,665.1068072485081,56846905.87982025,486.35999999999996,486.35999999999996,4195.98,2019,M1_fixed,UNL,1.15,0.85,False,31025,Cass
4,583555,583020,52519.95,52471.799999999996,48.15,99.90832055247577,9.834192919838282,0.3844910980755377,20174.94,153.5328528766247,19907168.203397624,325.52185287663127,42207372.28340374,634.2248528766519,82234001.31264587,2496.15,2496.15,17678.79,2019,M1_fixed,UNL,1.15,0.85,False,31067,Gage
5,133263,133156,11993.67,11984.039999999999,9.629999999999999,99.91970764578315,9.852270107511867,0.384766739763886,4611.0599999999995,154.6986833404137,4581124.249521513,326.68768334041386,9674270.238470748,635.3906833404266,18815956.312735148,436.95,436.95,4174.11,2019,M1_fixed,UNL,1.15,0.85,False,31095,Jefferson
6,232775,232584,20949.75,20932.559999999998,17.189999999999998,99.91794651487488,10.010417275489784,0.24822859698001581,5196.0599999999995,164.89787967113753,8529422.346152337,336.8868796711318,17425636.310928456,645.5898796711394,33393447.85450648,1501.74,1501.74,3694.3199999999997,2019,M1_fixed,UNL,1.15,0.85,False,31097,Johnson
7,571098,570651,51398.82,51358.59,40.23,99.9217297206434,10.102464170844328,0.2032993896444587,10441.17,170.83415010429394,21680534.611113187,342.8231501042958,43507631.03740941,651.5261501042831,82685079.29332444,2185.65,2185.65,8255.52,2019,M1_fixed,UNL,1.15,0.85,False,31109,Lancaster
8,331732,331187,29855.879999999997,29806.829999999998,49.05,99.83571075446444,10.252044167479152,0.18235921095936736,5435.55,180.480834090695,13293186.064676803,352.4698340907,25960912.195246793,661.1728340907018,48698209.69500119,791.8199999999999,791.8199999999999,4643.73,2019,M1_fixed,UNL,1.15,0.85,False,31127,Nemaha
9,533913,533339,48052.17,48000.509999999995,51.66,99.89249184792278,10.263552213114838,0.1832605528566259,8796.6,181.22300872664852,21495195.12099402,353.21200872665344,41895127.44548763,661.9150087266619,78510959.32059677,1355.31,1355.31,7441.29,2019,M1_fixed,UNL,1.15,0.85,False,31131,Otoe
10,239783,239542,21580.469999999998,21558.78,21.689999999999998,99.8994924577639,9.861734341934243,0.3335490227183542,7190.91,155.30904890198045,8273764.294561591,327.2980489019849,17436118.048691396,636.0010489019775,33881623.813368164,1676.7,1676.7,5514.21,2019,M1_fixed,UNL,1.15,0.85,False,31133,Pawnee
11,380407,379298,34236.63,34136.82,99.81,99.70847013856212,10.327396086578178,0.15018270594624808,5126.76,185.34041536941524,15634190.437719448,357.3294153694126,30142136.66106977,666.032415369407,56182444.605106324,1068.12,1068.12,4058.64,2019,M1_fixed,UNL,1.15,0.85,False,31147,Richardson
12,103025,102936,9272.25,9264.24,8.01,99.91361320067945,9.971861385551932,0.27462695266961995,2544.21,162.4113407326891,3717991.157138927,334.40034073269027,7655238.262177241,643.1033407326951,14722201.806744935,427.85999999999996,427.85999999999996,2116.35,2019,M1_fixed,UNL,1.15,0.85,False,31151,Saline
14,343472,343168,30912.48,30885.12,27.36,99.91149205757675,9.86162725580333,0.3683735080193957,11377.26,155.3021427241038,11852472.175048104,327.2911427240928,24978465.16624353,635.9941427241185,48538305.70465934,1090.53,1090.53,10286.73,2019,M1_fixed,UNL,1.15,0.85,False,31155,Saunders
15,32027,32019,2882.43,2881.71,0.72,99.97502107596715,9.722183733252427,0.27677316593272744,797.5799999999999,146.30917824848763,1041847.246461998,318.2981782484899,2266556.920980364,627.001178248488,4464787.916293064,283.5,283.5,514.0799999999999,2019,M1_fixed,UNL,1.15,0.85,False,31159,Seward
1,56626,56584,5096.34,5092.5599999999995,3.78,99.92582912443048,9.324231874271986,0.36644634525660963,1866.1499999999999,35.81654452905926,450715.03154227143,238.15654452906034,2996959.5305969394,601.3365445290581,7567212.9514067825,777.06,777.06,1089.09,2019,M1_fixed,UNL,1.15,1.0,False,31023,Butler
2,384550,384318,34609.5,34588.619999999995,20.88,99.93966974385646,10.313043749567733,0.13537226983903955,4682.34,99.58680724853804,8511718.413993336,301.9268072485326,25805787.29190335,665.1068072485081,56846905.87982025,559.0799999999999,559.0799999999999,4123.26,2019,M1_fixed,UNL,1.15,1.0,False,31025,Cass
4,583555,583020,52519.95,52471.799999999996,48.15,99.90832055247577,9.834192919838282,0.3844910980755377,20174.94,68.70485287662395,8908315.301766105,271.04485287662794,35143849.51353752,634.2248528766519,82234001.31264587,3824.0099999999998,3824.0099999999998,16350.93,2019,M1_fixed,UNL,1.15,1.0,False,31067,Gage
5,133263,133156,11993.67,11984.039999999999,9.629999999999999,99.91970764578315,9.852270107511867,0.384766739763886,4611.0599999999995,69.8706833404116,2069095.061895582,272.2106833404197,8061031.519483154,635.3906833404266,18815956.312735148,634.77,634.77,3976.29,2019,M1_fixed,UNL,1.15,1.0,False,31095,Jefferson
6,232775,232584,20949.75,20932.559999999998,17.189999999999998,99.91794651487488,10.010417275489784,0.24822859698001581,5196.0599999999995,80.06987967113704,4141653.1387957158,282.4098796711339,14607787.215003097,645.5898796711394,33393447.85450648,1740.78,1740.78,3455.2799999999997,2019,M1_fixed,UNL,1.15,1.0,False,31097,Johnson
7,571098,570651,51398.82,51358.59,40.23,99.9217297206434,10.102464170844328,0.2032993896444587,10441.17,86.0061501042915,10915026.72601653,288.346150104294,36593963.69812977,651.5261501042831,82685079.29332444,2403.36,2403.36,8037.8099999999995,2019,M1_fixed,UNL,1.15,1.0,False,31109,Lancaster
8,331732,331187,29855.879999999997,29806.829999999998,49.05,99.83571075446444,10.252044167479152,0.18235921095936736,5435.55,95.65283409069345,7045240.718148943,297.99283409068914,21948447.930583484,661.1728340907018,48698209.69500119,948.15,948.15,4487.4,2019,M1_fixed,UNL,1.15,1.0,False,31127,Nemaha
9,533913,533339,48052.17,48000.509999999995,51.66,99.89249184792278,10.263552213114838,0.1832605528566259,8796.6,96.39500872665226,11433589.67400602,298.7350087266567,35433510.05576306,661.9150087266619,78510959.32059677,1574.6399999999999,1574.6399999999999,7221.96,2019,M1_fixed,UNL,1.15,1.0,False,31131,Otoe
10,239783,239542,21580.469999999998,21558.78,21.689999999999998,99.8994924577639,9.861734341934243,0.3335490227183542,7190.91,70.48104890198309,3754730.2618311313,272.82104890197854,14533969.972571557,636.0010489019775,33881623.813368164,2070.0,2070.0,5120.91,2019,M1_fixed,UNL,1.15,1.0,False,31133,Pawnee
11,380407,379298,34236.63,34136.82,99.81,99.70847013856212,10.327396086578178,0.15018270594624808,5126.76,100.51241536941471,8478616.172886299,302.8524153694091,25546788.200357057,666.032415369407,56182444.605106324,1348.83,1348.83,3777.93,2019,M1_fixed,UNL,1.15,1.0,False,31147,Richardson
12,103025,102936,9272.25,9264.24,8.01,99.91361320067945,9.971861385551932,0.27462695266961995,2544.21,77.58334073269036,1776071.63073792,279.92334073269194,6408127.048430059,643.1033407326951,14722201.806744935,469.16999999999996,469.16999999999996,2075.04,2019,M1_fixed,UNL,1.15,1.0,False,31151,Saline
14,343472,343168,30912.48,30885.12,27.36,99.91149205757675,9.86162725580333,0.3683735080193957,11377.26,70.47414272410023,5378501.5521754585,272.8141427241031,20820846.247700695,635.9941427241185,48538305.70465934,1385.19,1385.19,9992.07,2019,M1_fixed,UNL,1.15,1.0,False,31155,Saunders
15,32027,32019,2882.43,2881.71,0.72,99.97502107596715,9.722183733252427,0.27677316593272744,797.5799999999999,61.481178248487566,437798.89296239807,263.82117824848876,1878633.804160466,627.001178248488,4464787.916293064,297.36,297.36,500.21999999999997,2019,M1_fixed,UNL,1.15,1.0,False,31159,Seward
1,56626,56584,5096.34,5092.5599999999995,3.78,99.92582912443048,9.324231874271986,0.36644634525660963,1866.1499999999999,-49.0114554709404,-616759.6564374029,183.6795445290578,2311421.5174754267,601.3365445290581,7567212.9514067825,2656.5299999999997,1866.1499999999999,790.38,2019,M1_fixed,UNL,1.15,1.15,False,31023,Butler
2,384550,384318,34609.5,34588.619999999995,20.88,99.93966974385646,10.313043749567733,0.13537226983903955,4682.34,14.758807248536264,1261440.2941187636,247.44980724853266,21149619.503715508,665.1068072485081,56846905.87982025,11183.039999999999,4682.34,6500.7,2019,M1_fixed,UNL,1.15,1.15,False,31025,Cass
4,583555,583020,52519.95,52471.799999999996,48.15,99.90832055247577,9.834192919838282,0.3844910980755377,20174.94,-16.123147123374956,-2090537.5998651737,216.56785287662223,28080326.743670996,634.2248528766519,82234001.31264587,28386.0,20174.94,8211.06,2019,M1_fixed,UNL,1.15,1.15,False,31067,Gage
5,133263,133156,11993.67,11984.039999999999,9.629999999999999,99.91970764578315,9.852270107511867,0.384766739763886,4611.0599999999995,-14.957316659587846,-442934.12573026976,217.73368334041294,6447792.800495184,635.3906833404266,18815956.312735148,6577.469999999999,4611.0599999999995,1966.4099999999999,2019,M1_fixed,UNL,1.15,1.15,False,31095,Jefferson
6,232775,232584,20949.75,20932.559999999998,17.189999999999998,99.91794651487488,10.010417275489784,0.24822859698001581,5196.0599999999995,-4.758120328863553,-246116.0685609108,227.93287967113906,11789938.1190779,645.5898796711394,33393447.85450648,7625.5199999999995,5196.0599999999995,2429.46,2019,M1_fixed,UNL,1.15,1.15,False,31097,Johnson
7,571098,570651,51398.82,51358.59,40.23,99.9217297206434,10.102464170844328,0.2032993896444587,10441.17,1.178150104292203,149518.84092027153,233.86915010429522,29680296.358850513,651.5261501042831,82685079.29332444,19479.69,10441.17,9038.52,2019,M1_fixed,UNL,1.15,1.15,False,31109,Lancaster
8,331732,331187,29855.879999999997,29806.829999999998,49.05,99.83571075446444,10.252044167479152,0.18235921095936736,5435.55,10.824834090695676,797295.3716213625,243.5158340906934,17935983.66592128,661.1728340907018,48698209.69500119,9634.23,5435.55,4198.68,2019,M1_fixed,UNL,1.15,1.15,False,31127,Nemaha
9,533913,533339,48052.17,48000.509999999995,51.66,99.89249184792278,10.263552213114838,0.1832605528566259,8796.6,11.567008726650888,1371984.2270174166,244.25800872665434,28971892.666037813,661.9150087266619,78510959.32059677,15920.82,8796.6,7124.219999999999,2019,M1_fixed,UNL,1.15,1.15,False,31131,Otoe
10,239783,239542,21580.469999999998,21558.78,21.689999999999998,99.8994924577639,9.861734341934243,0.3335490227183542,7190.91,-14.346951098016122,-764303.7708994258,218.34404890198542,11631821.896452425,636.0010489019775,33881623.813368164,9794.699999999999,7190.91,2603.79,2019,M1_fixed,UNL,1.15,1.15,False,31133,Pawnee
11,380407,379298,34236.63,34136.82,99.81,99.70847013856212,10.327396086578178,0.15018270594624808,5126.76,15.684415369413896,1323041.9080531292,248.37541536941268,20951439.739644945,666.032415369407,56182444.605106324,9563.85,5126.76,4437.09,2019,M1_fixed,UNL,1.15,1.15,False,31147,Richardson
12,103025,102936,9272.25,9264.24,8.01,99.91361320067945,9.971861385551932,0.27462695266961995,2544.21,-7.244659267308947,-165847.89566310024,225.44634073269162,5161015.83468283,643.1033407326951,14722201.806744935,4226.94,2544.21,1682.73,2019,M1_fixed,UNL,1.15,1.15,False,31151,Saline
14,343472,343168,30912.48,30885.12,27.36,99.91149205757675,9.86162725580333,0.3683735080193957,11377.26,-14.35385727589714,-1095469.0706967155,218.3371427241011,16663227.329156922,635.9941427241185,48538305.70465934,18568.079999999998,11377.26,7190.82,2019,M1_fixed,UNL,1.15,1.15,False,31155,Saunders
15,32027,32019,2882.43,2881.71,0.72,99.97502107596715,9.722183733252427,0.27677316593272744,797.5799999999999,-23.34682175151181,-166249.46053719698,209.34417824848813,1490710.6873405706,627.001178248488,4464787.916293064,1267.29,797.5799999999999,469.71,2019,M1_fixed,UNL,1.15,1.15,False,31159,Seward
1,56626,56584,5096.34,5092.5599999999995,3.78,99.92582912443048,9.324231874271986,0.36644634525660963,1866.1499999999999,-171.605358391564,-2159480.0821035006,,,444.4661416084419,5593157.398865979,5091.75,1866.1499999999999,3225.6,2019,M1_fixed,ERS_Heartland,0.85,0.85,False,31023,Butler
2,384550,384318,34609.5,34588.619999999995,20.88,99.93966974385646,10.313043749567733,0.13537226983903955,4682.34,-124.47081638151306,-10638563.16987069,,,491.6006836184942,42017278.25900029,34414.65,4682.34,29732.309999999998,2019,M1_fixed,ERS_Heartland,0.85,0.85,False,31025,Cass
4,583555,583020,52519.95,52471.799999999996,48.15,99.90832055247577,9.834192919838282,0.3844910980755377,20174.94,-147.2966087433638,-19098572.788199827,,,468.77489125664465,60781653.14412812,52331.22,20174.94,32156.28,2019,M1_fixed,ERS_Heartland,0.85,0.85,False,31067,Gage
5,133263,133156,11993.67,11984.039999999999,9.629999999999999,99.91970764578315,9.852270107511867,0.384766739763886,4611.0599999999995,-146.43490796578027,-4336407.352493844,,,469.6365920342118,13907445.970282007,11956.859999999999,4611.0599999999995,7345.8,2019,M1_fixed,ERS_Heartland,0.85,0.85,False,31095,Jefferson
6,232775,232584,20949.75,20932.559999999998,17.189999999999998,99.91794651487488,10.010417275489784,0.24822859698001581,5196.0599999999995,-138.89637154742104,-7184481.799515901,,,477.17512845257943,24682113.631591644,20851.2,5196.0599999999995,15655.14,2019,M1_fixed,ERS_Heartland,0.85,0.85,False,31097,Johnson
7,571098,570651,51398.82,51358.59,40.23,99.9217297206434,10.102464170844328,0.2032993896444587,10441.17,-134.50869340117214,-17070476.72259544,,,481.5628065988448,61115058.60811278,51182.46,10441.17,40741.29,2019,M1_fixed,ERS_Heartland,0.85,0.85,False,31109,Lancaster
8,331732,331187,29855.879999999997,29806.829999999998,49.05,99.83571075446444,10.252044167479152,0.18235921095936736,5435.55,-127.37853567209706,-9381974.456547333,,,488.6929643279068,35994328.90500064,29661.48,5435.55,24225.93,2019,M1_fixed,ERS_Heartland,0.85,0.85,False,31127,Nemaha
9,533913,533339,48052.17,48000.509999999995,51.66,99.89249184792278,10.263552213114838,0.1832605528566259,8796.6,-126.82997181074029,-15043536.747445831,,,489.24152818925575,58029839.497830495,47743.11,8796.6,38946.51,2019,M1_fixed,ERS_Heartland,0.85,0.85,False,31131,Otoe
10,239783,239542,21580.469999999998,21558.78,21.689999999999998,99.8994924577639,9.861734341934243,0.3335490227183542,7190.91,-145.9837682028799,-7776979.496570346,,,470.08773179711943,25042939.3403159,21457.62,7190.91,14266.71,2019,M1_fixed,ERS_Heartland,0.85,0.85,False,31133,Pawnee
11,380407,379298,34236.63,34136.82,99.81,99.70847013856212,10.327396086578178,0.15018270594624808,5126.76,-123.78667124869392,-10441890.874670038,,,492.2848287513062,41526154.70812252,33821.1,5126.76,28694.34,2019,M1_fixed,ERS_Heartland,0.85,0.85,False,31147,Richardson
12,103025,102936,9272.25,9264.24,8.01,99.91361320067945,9.971861385551932,0.27462695266961995,2544.21,-140.73424815409865,-3221749.7114609927,,,475.3372518459032,10881627.422376648,9255.33,2544.21,6711.12,2019,M1_fixed,ERS_Heartland,0.85,0.85,False,31151,Saline
14,343472,343168,30912.48,30885.12,27.36,99.91149205757675,9.86162725580333,0.3683735080193957,11377.26,-145.98887276914058,-11141694.64768318,,,470.0826272308547,35876138.99909486,30852.629999999997,11377.26,19475.37,2019,M1_fixed,ERS_Heartland,0.85,0.85,False,31155,Saunders
15,32027,32019,2882.43,2881.71,0.72,99.97502107596715,9.722183733252427,0.27677316593272744,797.5799999999999,-152.63584651198568,-1086898.5685219802,,,463.435653488013,3300060.633781831,2880.0,797.5799999999999,2082.42,2019,M1_fixed,ERS_Heartland,0.85,0.85,False,31159,Seward
1,56626,56584,5096.34,5092.5599999999995,3.78,99.92582912443048,9.324231874271986,0.36644634525660963,1866.1499999999999,-280.3238583915603,-3527592.578745114,,,444.4661416084419,5593157.398865979,5092.5599999999995,1866.1499999999999,3226.41,2019,M1_fixed,ERS_Heartland,0.85,1.0,False,31023,Butler
2,384550,384318,34609.5,34588.619999999995,20.88,99.93966974385646,10.313043749567733,0.13537226983903955,4682.34,-233.18931638151813,-19930770.48084824,,,491.6006836184942,42017278.25900029,34588.619999999995,4682.34,29906.28,2019,M1_fixed,ERS_Heartland,0.85,1.0,False,31025,Cass
4,583555,583020,52519.95,52471.799999999996,48.15,99.90832055247577,9.834192919838282,0.3844910980755377,20174.94,-256.01510874335025,-33195083.24684399,,,468.77489125664465,60781653.14412812,52471.799999999996,20174.94,32296.86,2019,M1_fixed,ERS_Heartland,0.85,1.0,False,31067,Gage
5,133263,133156,11993.67,11984.039999999999,9.629999999999999,99.91970764578315,9.852270107511867,0.384766739763886,4611.0599999999995,-255.15340796577846,-7555910.88004251,,,469.6365920342118,13907445.970282007,11984.039999999999,4611.0599999999995,7372.98,2019,M1_fixed,ERS_Heartland,0.85,1.0,False,31095,Jefferson
6,232775,232584,20949.75,20932.559999999998,17.189999999999998,99.91794651487488,10.010417275489784,0.24822859698001581,5196.0599999999995,-247.61487154741326,-12807998.64029918,,,477.17512845257943,24682113.631591644,20932.559999999998,5196.0599999999995,15736.5,2019,M1_fixed,ERS_Heartland,0.85,1.0,False,31097,Johnson
7,571098,570651,51398.82,51358.59,40.23,99.9217297206434,10.102464170844328,0.2032993896444587,10441.17,-243.22719340117536,-30867924.133896913,,,481.5628065988448,61115058.60811278,51358.59,10441.17,40917.42,2019,M1_fixed,ERS_Heartland,0.85,1.0,False,31109,Lancaster
8,331732,331187,29855.879999999997,29806.829999999998,49.05,99.83571075446444,10.252044167479152,0.18235921095936736,5435.55,-236.0970356720953,-17389557.402702678,,,488.6929643279068,35994328.90500064,29806.829999999998,5435.55,24371.28,2019,M1_fixed,ERS_Heartland,0.85,1.0,False,31127,Nemaha
9,533913,533339,48052.17,48000.509999999995,51.66,99.89249184792278,10.263552213114838,0.1832605528566259,8796.6,-235.54847181074135,-27938838.43778892,,,489.24152818925575,58029839.497830495,48000.509999999995,8796.6,39203.909999999996,2019,M1_fixed,ERS_Heartland,0.85,1.0,False,31131,Otoe
10,239783,239542,21580.469999999998,21558.78,21.689999999999998,99.8994924577639,9.861734341934243,0.3335490227183542,7190.91,-254.70226820288062,-13568729.879550315,,,470.08773179711943,25042939.3403159,21558.78,7190.91,14367.869999999999,2019,M1_fixed,ERS_Heartland,0.85,1.0,False,31133,Pawnee
11,380407,379298,34236.63,34136.82,99.81,99.70847013856212,10.327396086578178,0.15018270594624808,5126.76,-232.50517124869262,-19612722.448103905,,,492.2848287513062,41526154.70812252,34136.82,5126.76,29010.059999999998,2019,M1_fixed,ERS_Heartland,0.85,1.0,False,31147,Richardson
12,103025,102936,9272.25,9264.24,8.01,99.91361320067945,9.971861385551932,0.27462695266961995,2544.21,-249.45274815410244,-5710580.970373597,,,475.3372518459032,10881627.422376648,9264.24,2544.21,6720.03,2019,M1_fixed,ERS_Heartland,0.85,1.0,False,31151,Saline
14,343472,343168,30912.48,30885.12,27.36,99.91149205757675,9.86162725580333,0.3683735080193957,11377.26,-254.70737276914377,-19438959.408879615,,,470.0826272308547,35876138.99909486,30885.12,11377.26,19507.86,2019,M1_fixed,ERS_Heartland,0.85,1.0,False,31155,Saunders
15,32027,32019,2882.43,2881.71,0.72,99.97502107596715,9.722183733252427,0.27677316593272744,797.5799999999999,-261.35434651198915,-1861067.8395167969,,,463.435653488013,3300060.633781831,2881.71,797.5799999999999,2084.13,2019,M1_fixed,ERS_Heartland,0.85,1.0,False,31159,Seward
1,56626,56584,5096.34,5092.5599999999995,3.78,99.92582912443048,9.324231874271986,0.36644634525660963,1866.1499999999999,-389.0423583915662,-4895705.075386848,,,444.4661416084419,5593157.398865979,5092.5599999999995,1866.1499999999999,3226.41,2019,M1_fixed,ERS_Heartland,0.85,1.15,False,31023,Butler
2,384550,384318,34609.5,34588.619999999995,20.88,99.93966974385646,10.313043749567733,0.13537226983903955,4682.34,-341.90781638151674,-29222977.791825246,,,491.6006836184942,42017278.25900029,34588.619999999995,4682.34,29906.28,2019,M1_fixed,ERS_Heartland,0.85,1.15,False,31025,Cass
4,583555,583020,52519.95,52471.799999999996,48.15,99.90832055247577,9.834192919838282,0.3844910980755377,20174.94,-364.73360874335333,-47291593.7054903,,,468.77489125664465,60781653.14412812,52471.799999999996,20174.94,32296.86,2019,M1_fixed,ERS_Heartland,0.85,1.15,False,31067,Gage
5,133263,133156,11993.67,11984.039999999999,9.629999999999999,99.91970764578315,9.852270107511867,0.384766739763886,4611.0599999999995,-363.8719079657893,-10775414.407591555,,,469.6365920342118,13907445.970282007,11984.039999999999,4611.0599999999995,7372.98,2019,M1_fixed,ERS_Heartland,0.85,1.15,False,31095,Jefferson
6,232775,232584,20949.75,20932.559999999998,17.189999999999998,99.91794651487488,10.010417275489784,0.24822859698001581,5196.0599999999995,-356.33337154742435,-18431515.481083434,,,477.17512845257943,24682113.631591644,20932.559999999998,5196.0599999999995,15736.5,2019,M1_fixed,ERS_Heartland,0.85,1.15,False,31097,Johnson
7,571098,570651,51398.82,51358.59,40.23,99.9217297206434,10.102464170844328,0.2032993896444587,10441.17,-351.9456934011676,-44665371.545197,,,481.5628065988448,61115058.60811278,51358.59,10441.17,40917.42,2019,M1_fixed,ERS_Heartland,0.85,1.15,False,31109,Lancaster
8,331732,331187,29855.879999999997,29806.829999999998,49.05,99.83571075446444,10.252044167479152,0.18235921095936736,5435.55,-344.8155356720949,-25397140.34885812,,,488.6929643279068,35994328.90500064,29806.829999999998,5435.55,24371.28,2019,M1_fixed,ERS_Heartland,0.85,1.15,False,31127,Nemaha
9,533913,533339,48052.17,48000.509999999995,51.66,99.89249184792278,10.263552213114838,0.1832605528566259,8796.6,-344.2669718107437,-40834140.128132164,,,489.24152818925575,58029839.497830495,48000.509999999995,8796.6,39203.909999999996,2019,M1_fixed,ERS_Heartland,0.85,1.15,False,31131,Otoe
10,239783,239542,21580.469999999998,21558.78,21.689999999999998,99.8994924577639,9.861734341934243,0.3335490227183542,7190.91,-363.4207682028707,-19360480.26252972,,,470.08773179711943,25042939.3403159,21558.78,7190.91,14367.869999999999,2019,M1_fixed,ERS_Heartland,0.85,1.15,False,31133,Pawnee
11,380407,379298,34236.63,34136.82,99.81,99.70847013856212,10.327396086578178,0.15018270594624808,5126.76,-341.22367124869857,-28783554.021538388,,,492.2848287513062,41526154.70812252,34136.82,5126.76,29010.059999999998,2019,M1_fixed,ERS_Heartland,0.85,1.15,False,31147,Richardson
12,103025,102936,9272.25,9264.24,8.01,99.91361320067945,9.971861385551932,0.27462695266961995,2544.21,-358.1712481540932,-8199412.229285902,,,475.3372518459032,10881627.422376648,9264.24,2544.21,6720.03,2019,M1_fixed,ERS_Heartland,0.85,1.15,False,31151,Saline
14,343472,343168,30912.48,30885.12,27.36,99.91149205757675,9.86162725580333,0.3683735080193957,11377.26,-363.4258727691451,-27736224.1700759,,,470.0826272308547,35876138.99909486,30885.12,11377.26,19507.86,2019,M1_fixed,ERS_Heartland,0.85,1.15,False,31155,Saunders
15,32027,32019,2882.43,2881.71,0.72,99.97502107596715,9.722183733252427,0.27677316593272744,797.5799999999999,-370.0728465119909,-2635237.1105116014,,,463.435653488013,3300060.633781831,2881.71,797.5799999999999,2084.13,2019,M1_fixed,ERS_Heartland,0.85,1.15,False,31159,Seward
1,56626,56584,5096.34,5092.5599999999995,3.78,99.92582912443048,9.324231874271986,0.36644634525660963,1866.1499999999999,-93.17015693125215,-1172452.3058330517,,,522.901343068751,6580185.175136393,4582.349999999999,1866.1499999999999,2716.2,2019,M1_fixed,ERS_Heartland,1.0,0.85,False,31023,Butler
2,384550,384318,34609.5,34588.619999999995,20.88,99.93966974385646,10.313043749567733,0.13537226983903955,4682.34,-37.71775456649077,-3223749.3594593946,,,578.3537454335303,49432092.06941275,29858.219999999998,4682.34,25175.879999999997,2019,M1_fixed,ERS_Heartland,1.0,0.85,False,31025,Cass
4,583555,583020,52519.95,52471.799999999996,48.15,99.90832055247577,9.834192919838282,0.3844910980755377,20174.94,-64.57162793337031,-8372398.703942265,,,551.4998720666315,71507827.22838482,47395.799999999996,20174.94,27220.86,2019,M1_fixed,ERS_Heartland,1.0,0.85,False,31067,Gage
5,133263,133156,11993.67,11984.039999999999,9.629999999999999,99.91970764578315,9.852270107511867,0.384766739763886,4611.0599999999995,-63.557862312685586,-1882152.1812676515,,,552.5136376873195,16361701.141508587,11172.6,4611.0599999999995,6561.54,2019,M1_fixed,ERS_Heartland,1.0,0.85,False,31095,Jefferson
6,232775,232584,20949.75,20932.559999999998,17.189999999999998,99.91794651487488,10.010417275489784,0.24822859698001581,5196.0599999999995,-54.68899593814198,-2828814.6880585337,,,561.3825040618623,29037780.74304921,17105.94,5196.0599999999995,11909.88,2019,M1_fixed,ERS_Heartland,1.0,0.85,False,31097,Johnson
7,571098,570651,51398.82,51358.59,40.23,99.9217297206434,10.102464170844328,0.2032993896444587,10441.17,-49.527021648440645,-6285466.379988038,,,566.5444783515586,71900068.95071793,44537.49,10441.17,34096.32,2019,M1_fixed,ERS_Heartland,1.0,0.85,False,31109,Lancaster
8,331732,331187,29855.879999999997,29806.829999999998,49.05,99.83571075446444,10.252044167479152,0.18235921095936736,5435.55,-41.13860079070055,-3030034.0615471317,,,574.9328992092968,42346269.300000355,25343.73,5435.55,19908.18,2019,M1_fixed,ERS_Heartland,1.0,0.85,False,31127,Nemaha
9,533913,533339,48052.17,48000.509999999995,51.66,99.89249184792278,10.263552213114838,0.1832605528566259,8796.6,-40.493231542043034,-4802976.836063379,,,575.5782684579475,68270399.40921229,40225.5,8796.6,31428.899999999998,2019,M1_fixed,ERS_Heartland,1.0,0.85,False,31131,Otoe
10,239783,239542,21580.469999999998,21558.78,21.689999999999998,99.8994924577639,9.861734341934243,0.3335490227183542,7190.91,-63.02710965044804,-3357637.260044065,,,553.0443903495567,29462281.57684247,17829.63,7190.91,10638.72,2019,M1_fixed,ERS_Heartland,1.0,0.85,False,31133,Pawnee
11,380407,379298,34236.63,34136.82,99.81,99.70847013856212,10.327396086578178,0.15018270594624808,5126.76,-36.91287793963975,-3113745.9261778155,,,579.1586220603534,48854299.65661416,27771.66,5126.76,22644.899999999998,2019,M1_fixed,ERS_Heartland,1.0,0.85,False,31147,Richardson
12,103025,102936,9272.25,9264.24,8.01,99.91361320067945,9.971861385551932,0.27462695266961995,2544.21,-56.85120371070341,-1301462.519276866,,,559.2202962892985,12801914.61456078,8266.41,2544.21,5722.2,2019,M1_fixed,ERS_Heartland,1.0,0.85,False,31151,Saline
14,343472,343168,30912.48,30885.12,27.36,99.91149205757675,9.86162725580333,0.3683735080193957,11377.26,-63.033115022518416,-4810611.294901678,,,553.0383849774879,42207222.351877205,28667.61,11377.26,17290.35,2019,M1_fixed,ERS_Heartland,1.0,0.85,False,31155,Saunders
15,32027,32019,2882.43,2881.71,0.72,99.97502107596715,9.722183733252427,0.27677316593272744,797.5799999999999,-70.85308413175007,-504534.92726637697,,,545.218415868252,3882424.2750374586,2521.17,797.5799999999999,1723.59,2019,M1_fixed,ERS_Heartland,1.0,0.85,False,31159,Seward
1,56626,56584,5096.34,5092.5599999999995,3.78,99.92582912443048,9.324231874271986,0.36644634525660963,1866.1499999999999,-201.88865693125095,-2540564.802474696,,,522.901343068751,6580185.175136393,5091.75,1866.1499999999999,3225.6,2019,M1_fixed,ERS_Heartland,1.0,1.0,False,31023,Butler
2,384550,384318,34609.5,34588.619999999995,20.88,99.93966974385646,10.313043749567733,0.13537226983903955,4682.34,-146.43625456649414,-12515956.670436803,,,578.3537454335303,49432092.06941275,34414.65,4682.34,29732.309999999998,2019,M1_fixed,ERS_Heartland,1.0,1.0,False,31025,Cass
4,583555,583020,52519.95,52471.799999999996,48.15,99.90832055247577,9.834192919838282,0.3844910980755377,20174.94,-173.29012793336787,-22468909.162587866,,,551.4998720666315,71507827.22838482,52331.22,20174.94,32156.28,2019,M1_fixed,ERS_Heartland,1.0,1.0,False,31067,Gage
5,133263,133156,11993.67,11984.039999999999,9.629999999999999,99.91970764578315,9.852270107511867,0.384766739763886,4611.0599999999995,-172.2763623126843,-5101655.708816335,,,552.5136376873195,16361701.141508587,11956.859999999999,4611.0599999999995,7345.8,2019,M1_fixed,ERS_Heartland,1.0,1.0,False,31095,Jefferson
6,232775,232584,20949.75,20932.559999999998,17.189999999999998,99.91794651487488,10.010417275489784,0.24822859698001581,5196.0599999999995,-163.40749593814226,-8452331.52884223,,,561.3825040618623,29037780.74304921,20851.2,5196.0599999999995,15655.14,2019,M1_fixed,ERS_Heartland,1.0,1.0,False,31097,Johnson
7,571098,570651,51398.82,51358.59,40.23,99.9217297206434,10.102464170844328,0.2032993896444587,10441.17,-158.24552164843513,-20082913.79128841,,,566.5444783515586,71900068.95071793,51182.46,10441.17,40741.29,2019,M1_fixed,ERS_Heartland,1.0,1.0,False,31109,Lancaster
8,331732,331187,29855.879999999997,29806.829999999998,49.05,99.83571075446444,10.252044167479152,0.18235921095936736,5435.55,-149.85710079069682,-11037617.007702332,,,574.9328992092968,42346269.300000355,29661.48,5435.55,24225.93,2019,M1_fixed,ERS_Heartland,1.0,1.0,False,31127,Nemaha
9,533913,533339,48052.17,48000.509999999995,51.66,99.89249184792278,10.263552213114838,0.1832605528566259,8796.6,-149.21173154204516,-17698278.526406594,,,575.5782684579475,68270399.40921229,47743.11,8796.6,38946.51,2019,M1_fixed,ERS_Heartland,1.0,1.0,False,31131,Otoe
10,239783,239542,21580.469999999998,21558.78,21.689999999999998,99.8994924577639,9.861734341934243,0.3335490227183542,7190.91,-171.74560965045512,-9149387.643024374,,,553.0443903495567,29462281.57684247,21457.62,7190.91,14266.71,2019,M1_fixed,ERS_Heartland,1.0,1.0,False,31133,Pawnee
11,380407,379298,34236.63,34136.82,99.81,99.70847013856212,10.327396086578178,0.15018270594624808,5126.76,-145.63137793963926,-12284577.499611752,,,579.1586220603534,48854299.65661416,33821.1,5126.76,28694.34,2019,M1_fixed,ERS_Heartland,1.0,1.0,False,31147,Richardson
12,103025,102936,9272.25,9264.24,8.01,99.91361320067945,9.971861385551932,0.27462695266961995,2544.21,-165.56970371070216,-3790293.778189355,,,559.2202962892985,12801914.61456078,9255.33,2544.21,6711.12,2019,M1_fixed,ERS_Heartland,1.0,1.0,False,31151,Saline
14,343472,343168,30912.48,30885.12,27.36,99.91149205757675,9.86162725580333,0.3683735080193957,11377.26,-171.7516150225218,-13107876.056098126,,,553.0383849774879,42207222.351877205,30852.629999999997,11377.26,19475.37,2019,M1_fixed,ERS_Heartland,1.0,1.0,False,31155,Saunders
15,32027,32019,2882.43,2881.71,0.72,99.97502107596715,9.722183733252427,0.27677316593272744,797.5799999999999,-179.5715841317486,-1278704.1982611585,,,545.218415868252,3882424.2750374586,2880.0,797.5799999999999,2082.42,2019,M1_fixed,ERS_Heartland,1.0,1.0,False,31159,Seward
1,56626,56584,5096.34,5092.5599999999995,3.78,99.92582912443048,9.324231874271986,0.36644634525660963,1866.1499999999999,-310.6071569312574,-3908677.2991164373,,,522.901343068751,6580185.175136393,5092.5599999999995,1866.1499999999999,3226.41,2019,M1_fixed,ERS_Heartland,1.0,1.15,False,31023,Butler
2,384550,384318,34609.5,34588.619999999995,20.88,99.93966974385646,10.313043749567733,0.13537226983903955,4682.34,-255.1547545664886,-21808163.981413454,,,578.3537454335303,49432092.06941275,34588.619999999995,4682.34,29906.28,2019,M1_fixed,ERS_Heartland,1.0,1.15,False,31025,Cass
4,583555,583020,52519.95,52471.799999999996,48.15,99.90832055247577,9.834192919838282,0.3844910980755377,20174.94,-282.00862793336535,-36565419.621233456,,,551.4998720666315,71507827.22838482,52464.42,20174.94,32289.48,2019,M1_fixed,ERS_Heartland,1.0,1.15,False,31067,Gage
5,133263,133156,11993.67,11984.039999999999,9.629999999999999,99.91970764578315,9.852270107511867,0.384766739763886,4611.0599999999995,-280.9948623126838,-8321159.236365041,,,552.5136376873195,16361701.141508587,11984.039999999999,4611.0599999999995,7372.98,2019,M1_fixed,ERS_Heartland,1.0,1.15,False,31095,Jefferson
6,232775,232584,20949.75,20932.559999999998,17.189999999999998,99.91794651487488,10.010417275489784,0.24822859698001581,5196.0599999999995,-272.1259959381428,-14075848.369625937,,,561.3825040618623,29037780.74304921,20932.559999999998,5196.0599999999995,15736.5,2019,M1_fixed,ERS_Heartland,1.0,1.15,False,31097,Johnson
7,571098,570651,51398.82,51358.59,40.23,99.9217297206434,10.102464170844328,0.2032993896444587,10441.17,-266.9640216484445,-33880361.20259067,,,566.5444783515586,71900068.95071793,51358.59,10441.17,40917.42,2019,M1_fixed,ERS_Heartland,1.0,1.15,False,31109,Lancaster
8,331732,331187,29855.879999999997,29806.829999999998,49.05,99.83571075446444,10.252044167479152,0.18235921095936736,5435.55,-258.57560079069947,-19045199.953858,,,574.9328992092968,42346269.300000355,29806.829999999998,5435.55,24371.28,2019,M1_fixed,ERS_Heartland,1.0,1.15,False,31127,Nemaha
9,533913,533339,48052.17,48000.509999999995,51.66,99.89249184792278,10.263552213114838,0.1832605528566259,8796.6,-257.93023154204377,-30593580.21674939,,,575.5782684579475,68270399.40921229,48000.15,8796.6,39203.549999999996,2019,M1_fixed,ERS_Heartland,1.0,1.15,False,31131,Otoe
10,239783,239542,21580.469999999998,21558.78,21.689999999999998,99.8994924577639,9.861734341934243,0.3335490227183542,7190.91,-280.4641096504471,-14941138.026003879,,,553.0443903495567,29462281.57684247,21558.78,7190.91,14367.869999999999,2019,M1_fixed,ERS_Heartland,1.0,1.15,False,31133,Pawnee
11,380407,379298,34236.63,34136.82,99.81,99.70847013856212,10.327396086578178,0.15018270594624808,5126.76,-254.34987793964368,-21455409.073046103,,,579.1586220603534,48854299.65661416,34136.82,5126.76,29010.059999999998,2019,M1_fixed,ERS_Heartland,1.0,1.15,False,31147,Richardson
12,103025,102936,9272.25,9264.24,8.01,99.91361320067945,9.971861385551932,0.27462695266961995,2544.21,-274.28820371070566,-6279125.037101953,,,559.2202962892985,12801914.61456078,9264.24,2544.21,6720.03,2019,M1_fixed,ERS_Heartland,1.0,1.15,False,31151,Saline
14,343472,343168,30912.48,30885.12,27.36,99.91149205757675,9.86162725580333,0.3683735080193957,11377.26,-280.47011502251706,-21405140.817293953,,,553.0383849774879,42207222.351877205,30885.12,11377.26,19507.86,2019,M1_fixed,ERS_Heartland,1.0,1.15,False,31155,Saunders
15,32027,32019,2882.43,2881.71,0.72,99.97502107596715,9.722183733252427,0.27677316593272744,797.5799999999999,-288.29008413174796,-2052873.4692559456,,,545.218415868252,3882424.2750374586,2881.71,797.5799999999999,2084.13,2019,M1_fixed,ERS_Heartland,1.0,1.15,False,31159,Seward
1,56626,56584,5096.34,5092.5599999999995,3.78,99.92582912443048,9.324231874271986,0.36644634525660963,1866.1499999999999,-14.734955470940873,-185424.52956260985,,,601.3365445290581,7567212.9514067825,1266.3899999999999,1266.3899999999999,599.76,2019,M1_fixed,ERS_Heartland,1.15,0.85,False,31023,Butler
2,384550,384318,34609.5,34588.619999999995,20.88,99.93966974385646,10.313043749567733,0.13537226983903955,4682.34,49.0353072485374,4191064.4509524014,,,665.1068072485081,56846905.87982025,1673.46,1673.46,3008.88,2019,M1_fixed,ERS_Heartland,1.15,0.85,False,31025,Cass
4,583555,583020,52519.95,52471.799999999996,48.15,99.90832055247577,9.834192919838282,0.3844910980755377,20174.94,18.153352876625153,2353775.3803155525,,,634.2248528766519,82234001.31264587,12816.0,12816.0,7358.94,2019,M1_fixed,ERS_Heartland,1.15,0.85,False,31067,Gage
5,133263,133156,11993.67,11984.039999999999,9.629999999999999,99.91970764578315,9.852270107511867,0.384766739763886,4611.0599999999995,19.319183340411822,572102.9899586212,,,635.3906833404266,18815956.312735148,2793.69,2793.69,1817.37,2019,M1_fixed,ERS_Heartland,1.15,0.85,False,31095,Jefferson
6,232775,232584,20949.75,20932.559999999998,17.189999999999998,99.91794651487488,10.010417275489784,0.24822859698001581,5196.0599999999995,29.51837967113669,1526852.4233988125,,,645.5898796711394,33393447.85450648,3396.87,3396.87,1799.1899999999998,2019,M1_fixed,ERS_Heartland,1.15,0.85,False,31097,Johnson
7,571098,570651,51398.82,51358.59,40.23,99.9217297206434,10.102464170844328,0.2032993896444587,10441.17,35.4546501042928,4499543.962619609,,,651.5261501042831,82685079.29332444,5147.19,5147.19,5293.98,2019,M1_fixed,ERS_Heartland,1.15,0.85,False,31109,Lancaster
8,331732,331187,29855.879999999997,29806.829999999998,49.05,99.83571075446444,10.252044167479152,0.18235921095936736,5435.55,45.101334090696774,3321906.333453129,,,661.1728340907018,48698209.69500119,2886.93,2886.93,2548.62,2019,M1_fixed,ERS_Heartland,1.15,0.85,False,31127,Nemaha
9,533913,533339,48052.17,48000.509999999995,51.66,99.89249184792278,10.263552213114838,0.1832605528566259,8796.6,45.84350872665151,5437583.07531875,,,661.9150087266619,78510959.32059677,4265.37,4265.37,4531.23,2019,M1_fixed,ERS_Heartland,1.15,0.85,False,31131,Otoe
10,239783,239542,21580.469999999998,21558.78,21.689999999999998,99.8994924577639,9.861734341934243,0.3335490227183542,7190.91,19.929548901983733,1061704.9764822137,,,636.0010489019775,33881623.813368164,4826.34,4826.34,2364.5699999999997,2019,M1_fixed,ERS_Heartland,1.15,0.85,False,31133,Pawnee
11,380407,379298,34236.63,34136.82,99.81,99.70847013856212,10.327396086578178,0.15018270594624808,5126.76,49.96091536941425,4214399.022314391,,,666.032415369407,56182444.605106324,2790.99,2790.99,2335.77,2019,M1_fixed,ERS_Heartland,1.15,0.85,False,31147,Richardson
12,103025,102936,9272.25,9264.24,8.01,99.91361320067945,9.971861385551932,0.27462695266961995,2544.21,27.031840732691165,618824.672907246,,,643.1033407326951,14722201.806744935,1333.71,1333.71,1210.5,2019,M1_fixed,ERS_Heartland,1.15,0.85,False,31151,Saline
14,343472,343168,30912.48,30885.12,27.36,99.91149205757675,9.86162725580333,0.3683735080193957,11377.26,19.92264272410221,1520472.0578797066,,,635.9941427241185,48538305.70465934,5502.24,5502.24,5875.0199999999995,2019,M1_fixed,ERS_Heartland,1.15,0.85,False,31155,Saunders
15,32027,32019,2882.43,2881.71,0.72,99.97502107596715,9.722183733252427,0.27677316593272744,797.5799999999999,10.929678248488203,77828.71398924512,,,627.001178248488,4464787.916293064,463.68,463.68,333.9,2019,M1_fixed,ERS_Heartland,1.15,0.85,False,31159,Seward
1,56626,56584,5096.34,5092.5599999999995,3.78,99.92582912443048,9.324231874271986,0.36644634525660963,1866.1499999999999,-123.45345547094138,-1553537.0262042761,,,601.3365445290581,7567212.9514067825,4764.78,1866.1499999999999,2898.63,2019,M1_fixed,ERS_Heartland,1.15,1.0,False,31023,Butler
2,384550,384318,34609.5,34588.619999999995,20.88,99.93966974385646,10.313043749567733,0.13537226983903955,4682.34,-59.683192751463196,-5101142.860024771,,,665.1068072485081,56846905.87982025,31354.289999999997,4682.34,26671.95,2019,M1_fixed,ERS_Heartland,1.15,1.0,False,31025,Cass
4,583555,583020,52519.95,52471.799999999996,48.15,99.90832055247577,9.834192919838282,0.3844910980755377,20174.94,-90.56514712337368,-11742735.078330211,,,634.2248528766519,82234001.31264587,49261.14,20174.94,29086.2,2019,M1_fixed,ERS_Heartland,1.15,1.0,False,31067,Gage
5,133263,133156,11993.67,11984.039999999999,9.629999999999999,99.91970764578315,9.852270107511867,0.384766739763886,4611.0599999999995,-89.39931665958792,-2647400.537590093,,,635.3906833404266,18815956.312735148,11498.22,4611.0599999999995,6887.16,2019,M1_fixed,ERS_Heartland,1.15,1.0,False,31095,Jefferson
6,232775,232584,20949.75,20932.559999999998,17.189999999999998,99.91794651487488,10.010417275489784,0.24822859698001581,5196.0599999999995,-79.2001203288629,-4096664.4173848466,,,645.5898796711394,33393447.85450648,18580.77,5196.0599999999995,13384.71,2019,M1_fixed,ERS_Heartland,1.15,1.0,False,31097,Johnson
7,571098,570651,51398.82,51358.59,40.23,99.9217297206434,10.102464170844328,0.2032993896444587,10441.17,-73.26384989570776,-9297903.448681533,,,651.5261501042831,82685079.29332444,46842.03,10441.17,36400.86,2019,M1_fixed,ERS_Heartland,1.15,1.0,False,31109,Lancaster
8,331732,331187,29855.879999999997,29806.829999999998,49.05,99.83571075446444,10.252044167479152,0.18235921095936736,5435.55,-63.61716590930364,-4685676.612702375,,,661.1728340907018,48698209.69500119,26845.829999999998,5435.55,21410.28,2019,M1_fixed,ERS_Heartland,1.15,1.0,False,31127,Nemaha
9,533913,533339,48052.17,48000.509999999995,51.66,99.89249184792278,10.263552213114838,0.1832605528566259,8796.6,-62.874991273347526,-7457718.615024097,,,661.9150087266619,78510959.32059677,42787.08,8796.6,33990.479999999996,2019,M1_fixed,ERS_Heartland,1.15,1.0,False,31131,Otoe
10,239783,239542,21580.469999999998,21558.78,21.689999999999998,99.8994924577639,9.861734341934243,0.3335490227183542,7190.91,-88.78895109801643,-4730045.406497727,,,636.0010489019775,33881623.813368164,19219.95,7190.91,12029.039999999999,2019,M1_fixed,ERS_Heartland,1.15,1.0,False,31133,Pawnee
11,380407,379298,34236.63,34136.82,99.81,99.70847013856212,10.327396086578178,0.15018270594624808,5126.76,-58.75758463058463,-4956432.551119493,,,666.032415369407,56182444.605106324,29764.53,5126.76,24637.77,2019,M1_fixed,ERS_Heartland,1.15,1.0,False,31147,Richardson
12,103025,102936,9272.25,9264.24,8.01,99.91361320067945,9.971861385551932,0.27462695266961995,2544.21,-81.68665926730735,-1870006.5860052374,,,643.1033407326951,14722201.806744935,8642.699999999999,2544.21,6098.49,2019,M1_fixed,ERS_Heartland,1.15,1.0,False,31151,Saline
14,343472,343168,30912.48,30885.12,27.36,99.91149205757675,9.86162725580333,0.3683735080193957,11377.26,-88.79585727589925,-6776792.703316593,,,635.9941427241185,48538305.70465934,29439.719999999998,11377.26,18062.46,2019,M1_fixed,ERS_Heartland,1.15,1.0,False,31155,Saunders
15,32027,32019,2882.43,2881.71,0.72,99.97502107596715,9.722183733252427,0.27677316593272744,797.5799999999999,-97.78882175151193,-696340.5570055478,,,627.001178248488,4464787.916293064,2644.74,797.5799999999999,1847.1599999999999,2019,M1_fixed,ERS_Heartland,1.15,1.0,False,31159,Seward
1,56626,56584,5096.34,5092.5599999999995,3.78,99.92582912443048,9.324231874271986,0.36644634525660963,1866.1499999999999,-232.17195547094005,-2921649.5228459192,,,601.3365445290581,7567212.9514067825,5091.75,1866.1499999999999,3225.6,2019,M1_fixed,ERS_Heartland,1.15,1.15,False,31023,Butler
2,384550,384318,34609.5,34588.619999999995,20.88,99.93966974385646,10.313043749567733,0.13537226983903955,4682.34,-168.40169275146454,-14393350.171002004,,,665.1068072485081,56846905.87982025,34414.65,4682.34,29732.309999999998,2019,M1_fixed,ERS_Heartland,1.15,1.15,False,31025,Cass
4,583555,583020,52519.95,52471.799999999996,48.15,99.90832055247577,9.834192919838282,0.3844910980755377,20174.94,-199.28364712336963,-25839245.5369756,,,634.2248528766519,82234001.31264587,52331.22,20174.94,32156.28,2019,M1_fixed,ERS_Heartland,1.15,1.15,False,31067,Gage
5,133263,133156,11993.67,11984.039999999999,9.629999999999999,99.91970764578315,9.852270107511867,0.384766739763886,4611.0599999999995,-198.11781665958682,-5866904.065138781,,,635.3906833404266,18815956.312735148,11956.859999999999,4611.0599999999995,7345.8,2019,M1_fixed,ERS_Heartland,1.15,1.15,False,31095,Jefferson
6,232775,232584,20949.75,20932.559999999998,17.189999999999998,99.91794651487488,10.010417275489784,0.24822859698001581,5196.0599999999995,-187.91862032886598,-9720181.258168686,,,645.5898796711394,33393447.85450648,20851.2,5196.0599999999995,15655.14,2019,M1_fixed,ERS_Heartland,1.15,1.15,False,31097,Johnson
7,571098,570651,51398.82,51358.59,40.23,99.9217297206434,10.102464170844328,0.2032993896444587,10441.17,-181.98234989571074,-23095350.859982982,,,651.5261501042831,82685079.29332444,51182.46,10441.17,40741.29,2019,M1_fixed,ERS_Heartland,1.15,1.15,False,31109,Lancaster
8,331732,331187,29855.879999999997,29806.829999999998,49.05,99.83571075446444,10.252044167479152,0.18235921095936736,5435.55,-172.33566590930897,-12693259.558858244,,,661.1728340907018,48698209.69500119,29661.48,5435.55,24225.93,2019,M1_fixed,ERS_Heartland,1.15,1.15,False,31127,Nemaha
9,533913,533339,48052.17,48000.509999999995,51.66,99.89249184792278,10.263552213114838,0.1832605528566259,8796.6,-171.5934912733465,-20353020.305366937,,,661.9150087266619,78510959.32059677,47743.11,8796.6,38946.51,2019,M1_fixed,ERS_Heartland,1.15,1.15,False,31131,Otoe
10,239783,239542,21580.469999999998,21558.78,21.689999999999998,99.8994924577639,9.861734341934243,0.3335490227183542,7190.91,-197.5074510980158,-10521795.789477626,,,636.0010489019775,33881623.813368164,21457.62,7190.91,14266.71,2019,M1_fixed,ERS_Heartland,1.15,1.15,False,31133,Pawnee
11,380407,379298,34236.63,34136.82,99.81,99.70847013856212,10.327396086578178,0.15018270594624808,5126.76,-167.47608463058336,-14127264.124553366,,,666.032415369407,56182444.605106324,33821.1,5126.76,28694.34,2019,M1_fixed,ERS_Heartland,1.15,1.15,False,31147,Richardson
12,103025,102936,9272.25,9264.24,8.01,99.91361320067945,9.971861385551932,0.27462695266961995,2544.21,-190.40515926730654,-4358837.844917737,,,643.1033407326951,14722201.806744935,9255.33,2544.21,6711.12,2019,M1_fixed,ERS_Heartland,1.15,1.15,False,31151,Saline
14,343472,343168,30912.48,30885.12,27.36,99.91149205757675,9.86162725580333,0.3683735080193957,11377.26,-197.51435727589867,-15074057.464512736,,,635.9941427241185,48538305.70465934,30852.629999999997,11377.26,19475.37,2019,M1_fixed,ERS_Heartland,1.15,1.15,False,31155,Saunders
15,32027,32019,2882.43,2881.71,0.72,99.97502107596715,9.722183733252427,0.27677316593272744,797.5799999999999,-206.5073217515123,-1470509.8280003422,,,627.001178248488,4464787.916293064,2880.0,797.5799999999999,2082.42,2019,M1_fixed,ERS_Heartland,1.15,1.15,False,31159,Seward
1,56626,0,5096.34,0.0,5096.34,0.0,,,,,,,,,,,,,2019,M1_fixed,FINBIN_county,0.85,0.85,False,31023,Butler
2,384550,0,34609.5,0.0,34609.5,0.0,,,,,,,,,,,,,2019,M1_fixed,FINBIN_county,0.85,0.85,False,31025,Cass
4,583555,583020,52519.95,52471.799999999996,48.15,99.90832055247577,9.834192919838282,0.3844910980755377,20174.94,-31.595536414060817,-4096697.5216484424,37.13546358593858,4815008.032909282,437.17946358593673,56684969.722212575,40868.64,20174.94,20693.7,2019,M1_fixed,FINBIN_county,0.85,0.85,False,31067,Gage
5,133263,0,11993.67,0.0,11993.67,0.0,,,,,,,,,,,,,2019,M1_fixed,FINBIN_county,0.85,0.85,False,31095,Jefferson
6,232775,232584,20949.75,20932.559999999998,17.189999999999998,99.91794651487488,10.010417275489784,0.24822859698001581,5196.0599999999995,-23.761475205124544,-1229073.763691384,44.969524794874566,2326070.356066506,445.01352479486064,23018539.172821596,12843.359999999999,5196.0599999999995,7647.299999999999,2019,M1_fixed,FINBIN_county,0.85,0.85,False,31097,Johnson
7,571098,570651,51398.82,51358.59,40.23,99.9217297206434,10.102464170844328,0.2032993896444587,10441.17,-19.66952656593598,-2496256.4641591907,49.06147343406506,6226383.73071241,449.1054734340627,56995903.657923445,36802.08,10441.17,26360.91,2019,M1_fixed,FINBIN_county,0.85,0.85,False,31109,Lancaster
8,331732,0,29855.879999999997,0.0,29855.879999999997,0.0,,,,,,,,,,,,,2019,M1_fixed,FINBIN_county,0.85,0.85,False,31127,Nemaha
9,533913,0,48052.17,0.0,48052.17,0.0,,,,,,,,,,,,,2019,M1_fixed,FINBIN_county,0.85,0.85,False,31131,Otoe
10,239783,239542,21580.469999999998,21558.78,21.689999999999998,99.8994924577639,9.861734341934243,0.3335490227183542,7190.91,-30.37118132600754,-1617961.0744855485,38.35981867399319,2043538.9974672275,438.403818673984,23355045.228778098,14376.06,7190.91,7185.15,2019,M1_fixed,FINBIN_county,0.85,0.85,False,31133,Pawnee
11,380407,0,34236.63,0.0,34236.63,0.0,,,,,,,,,,,,,2019,M1_fixed,FINBIN_county,0.85,0.85,False,31147,Richardson
12,103025,0,9272.25,0.0,9272.25,0.0,,,,,,,,,,,,,2019,M1_fixed,FINBIN_county,0.85,0.85,False,31151,Saline
14,343472,0,30912.48,0.0,30912.48,0.0,,,,,,,,,,,,,2019,M1_fixed,FINBIN_county,0.85,0.85,False,31155,Saunders
15,32027,0,2882.43,0.0,2882.43,0.0,,,,,,,,,,,,,2019,M1_fixed,FINBIN_county,0.85,0.85,False,31159,Seward
1,56626,0,5096.34,0.0,5096.34,0.0,,,,,,,,,,,,,2019,M1_fixed,FINBIN_county,0.85,1.0,False,31023,Butler
2,384550,0,34609.5,0.0,34609.5,0.0,,,,,,,,,,,,,2019,M1_fixed,FINBIN_county,0.85,1.0,False,31025,Cass
4,583555,583020,52519.95,52471.799999999996,48.15,99.90832055247577,9.834192919838282,0.3844910980755377,20174.94,-114.32053641406425,-14822874.094095007,-33.46053641406164,-4338514.618144312,437.17946358593673,56684969.722212575,52110.9,20174.94,31935.96,2019,M1_fixed,FINBIN_county,0.85,1.0,False,31067,Gage
5,133263,0,11993.67,0.0,11993.67,0.0,,,,,,,,,,,,,2019,M1_fixed,FINBIN_county,0.85,1.0,False,31095,Jefferson
6,232775,232584,20949.75,20932.559999999998,17.189999999999998,99.91794651487488,10.010417275489784,0.24822859698001581,5196.0599999999995,-106.48647520512533,-5508064.2818997335,-25.62647520512444,-1325541.7880668214,445.01352479486064,23018539.172821596,20701.62,5196.0599999999995,15505.56,2019,M1_fixed,FINBIN_county,0.85,1.0,False,31097,Johnson
7,571098,570651,51398.82,51358.59,40.23,99.9217297206434,10.102464170844328,0.2032993896444587,10441.17,-102.39452656593818,-12994872.95629173,-21.53452656593583,-2732943.3152661733,449.1054734340627,56995903.657923445,50816.61,10441.17,40375.439999999995,2019,M1_fixed,FINBIN_county,0.85,1.0,False,31109,Lancaster
8,331732,0,29855.879999999997,0.0,29855.879999999997,0.0,,,,,,,,,,,,,2019,M1_fixed,FINBIN_county,0.85,1.0,False,31127,Nemaha
9,533913,0,48052.17,0.0,48052.17,0.0,,,,,,,,,,,,,2019,M1_fixed,FINBIN_county,0.85,1.0,False,31131,Otoe
10,239783,239542,21580.469999999998,21558.78,21.689999999999998,99.8994924577639,9.861734341934243,0.3335490227183542,7190.91,-113.09618132600426,-6024962.186826097,-32.23618132600776,-1717315.043352474,438.403818673984,23355045.228778098,21268.17,7190.91,14077.26,2019,M1_fixed,FINBIN_county,0.85,1.0,False,31133,Pawnee
11,380407,0,34236.63,0.0,34236.63,0.0,,,,,,,,,,,,,2019,M1_fixed,FINBIN_county,0.85,1.0,False,31147,Richardson
12,103025,0,9272.25,0.0,9272.25,0.0,,,,,,,,,,,,,2019,M1_fixed,FINBIN_county,0.85,1.0,False,31151,Saline
14,343472,0,30912.48,0.0,30912.48,0.0,,,,,,,,,,,,,2019,M1_fixed,FINBIN_county,0.85,1.0,False,31155,Saunders
15,32027,0,2882.43,0.0,2882.43,0.0,,,,,,,,,,,,,2019,M1_fixed,FINBIN_county,0.85,1.0,False,31159,Seward
1,56626,0,5096.34,0.0,5096.34,0.0,,,,,,,,,,,,,2019,M1_fixed,FINBIN_county,0.85,1.15,False,31023,Butler
2,384550,0,34609.5,0.0,34609.5,0.0,,,,,,,,,,,,,2019,M1_fixed,FINBIN_county,0.85,1.15,False,31025,Cass
4,583555,583020,52519.95,52471.799999999996,48.15,99.90832055247577,9.834192919838282,0.3844910980755377,20174.94,-197.04553641406065,-25549050.666540656,-104.05653641406165,-13492037.269197881,437.17946358593673,56684969.722212575,52454.43,20174.94,32279.489999999998,2019,M1_fixed,FINBIN_county,0.85,1.15,False,31067,Gage
5,133263,0,11993.67,0.0,11993.67,0.0,,,,,,,,,,,,,2019,M1_fixed,FINBIN_county,0.85,1.15,False,31095,Jefferson
6,232775,232584,20949.75,20932.559999999998,17.189999999999998,99.91794651487488,10.010417275489784,0.24822859698001581,5196.0599999999995,-189.2114752051265,-9787054.800108103,-96.22247520512443,-4977153.9322002,445.01352479486064,23018539.172821596,20929.77,5196.0599999999995,15733.71,2019,M1_fixed,FINBIN_county,0.85,1.15,False,31097,Johnson
7,571098,570651,51398.82,51358.59,40.23,99.9217297206434,10.102464170844328,0.2032993896444587,10441.17,-185.11952656593363,-23493489.44842341,-92.13052656593668,-11692270.36124475,449.1054734340627,56995903.657923445,51355.979999999996,10441.17,40914.81,2019,M1_fixed,FINBIN_county,0.85,1.15,False,31109,Lancaster
8,331732,0,29855.879999999997,0.0,29855.879999999997,0.0,,,,,,,,,,,,,2019,M1_fixed,FINBIN_county,0.85,1.15,False,31127,Nemaha
9,533913,0,48052.17,0.0,48052.17,0.0,,,,,,,,,,,,,2019,M1_fixed,FINBIN_county,0.85,1.15,False,31131,Otoe
10,239783,239542,21580.469999999998,21558.78,21.689999999999998,99.8994924577639,9.861734341934243,0.3335490227183542,7190.91,-195.82118132600795,-10431963.299167017,-102.83218132600868,-5478169.084172174,438.403818673984,23355045.228778098,21557.61,7190.91,14366.699999999999,2019,M1_fixed,FINBIN_county,0.85,1.15,False,31133,Pawnee
11,380407,0,34236.63,0.0,34236.63,0.0,,,,,,,,,,,,,2019,M1_fixed,FINBIN_county,0.85,1.15,False,31147,Richardson
12,103025,0,9272.25,0.0,9272.25,0.0,,,,,,,,,,,,,2019,M1_fixed,FINBIN_county,0.85,1.15,False,31151,Saline
14,343472,0,30912.48,0.0,30912.48,0.0,,,,,,,,,,,,,2019,M1_fixed,FINBIN_county,0.85,1.15,False,31155,Saunders
15,32027,0,2882.43,0.0,2882.43,0.0,,,,,,,,,,,,,2019,M1_fixed,FINBIN_county,0.85,1.15,False,31159,Seward
1,56626,0,5096.34,0.0,5096.34,0.0,,,,,,,,,,,,,2019,M1_fixed,FINBIN_county,1.0,0.85,False,31023,Butler
2,384550,0,34609.5,0.0,34609.5,0.0,,,,,,,,,,,,,2019,M1_fixed,FINBIN_county,1.0,0.85,False,31025,Cass
4,583555,583020,52519.95,52471.799999999996,48.15,99.90832055247577,9.834192919838282,0.3844910980755377,20174.94,45.553780689336826,5906532.429329865,114.28478068933643,14818237.983887617,514.3287806893213,66688199.67318919,4763.79,4763.79,15411.15,2019,M1_fixed,FINBIN_county,1.0,0.85,False,31067,Gage
5,133263,0,11993.67,0.0,11993.67,0.0,,,,,,,,,,,,,2019,M1_fixed,FINBIN_county,1.0,0.85,False,31095,Jefferson
6,232775,232584,20949.75,20932.559999999998,17.189999999999998,99.91794651487488,10.010417275489784,0.24822859698001581,5196.0599999999995,54.77032328808998,2833021.3844538014,123.50132328808871,6388165.504211673,523.545323288095,27080634.32096781,1886.22,1886.22,3309.8399999999997,2019,M1_fixed,FINBIN_county,1.0,0.85,False,31097,Johnson
7,571098,570651,51398.82,51358.59,40.23,99.9217297206434,10.102464170844328,0.2032993896444587,10441.17,59.58438051066153,7561844.181356484,128.31538051066332,16284484.37622818,528.3593805106526,67054004.30343815,2557.08,2557.08,7884.09,2019,M1_fixed,FINBIN_county,1.0,0.85,False,31109,Lancaster
8,331732,0,29855.879999999997,0.0,29855.879999999997,0.0,,,,,,,,,,,,,2019,M1_fixed,FINBIN_county,1.0,0.85,False,31127,Nemaha
9,533913,0,48052.17,0.0,48052.17,0.0,,,,,,,,,,,,,2019,M1_fixed,FINBIN_county,1.0,0.85,False,31131,Otoe
10,239783,239542,21580.469999999998,21558.78,21.689999999999998,99.8994924577639,9.861734341934243,0.3335490227183542,7190.91,46.994198439990484,2503517.495298866,115.72519843998982,6165017.567251569,515.7691984399836,27476523.798562594,2323.2599999999998,2323.2599999999998,4867.65,2019,M1_fixed,FINBIN_county,1.0,0.85,False,31133,Pawnee
11,380407,0,34236.63,0.0,34236.63,0.0,,,,,,,,,,,,,2019,M1_fixed,FINBIN_county,1.0,0.85,False,31147,Richardson
12,103025,0,9272.25,0.0,9272.25,0.0,,,,,,,,,,,,,2019,M1_fixed,FINBIN_county,1.0,0.85,False,31151,Saline
14,343472,0,30912.48,0.0,30912.48,0.0,,,,,,,,,,,,,2019,M1_fixed,FINBIN_county,1.0,0.85,False,31155,Saunders
15,32027,0,2882.43,0.0,2882.43,0.0,,,,,,,,,,,,,2019,M1_fixed,FINBIN_county,1.0,0.85,False,31159,Seward
1,56626,0,5096.34,0.0,5096.34,0.0,,,,,,,,,,,,,2019,M1_fixed,FINBIN_county,1.0,1.0,False,31023,Butler
2,384550,0,34609.5,0.0,34609.5,0.0,,,,,,,,,,,,,2019,M1_fixed,FINBIN_county,1.0,1.0,False,31025,Cass
4,583555,583020,52519.95,52471.799999999996,48.15,99.90832055247577,9.834192919838282,0.3844910980755377,20174.94,-37.171219310660135,-4819644.1431158595,43.688780689342494,5664715.332834836,514.3287806893213,66688199.67318919,40868.64,20174.94,20693.7,2019,M1_fixed,FINBIN_county,1.0,1.0,False,31067,Gage
5,133263,0,11993.67,0.0,11993.67,0.0,,,,,,,,,,,,,2019,M1_fixed,FINBIN_county,1.0,1.0,False,31095,Jefferson
6,232775,232584,20949.75,20932.559999999998,17.189999999999998,99.91794651487488,10.010417275489784,0.24822859698001581,5196.0599999999995,-27.954676711911294,-1445969.1337545728,52.90532328808825,2736553.360078269,523.545323288095,27080634.32096781,12843.359999999999,5196.0599999999995,7647.299999999999,2019,M1_fixed,FINBIN_county,1.0,1.0,False,31097,Johnson
7,571098,570651,51398.82,51358.59,40.23,99.9217297206434,10.102464170844328,0.2032993896444587,10441.17,-23.140619489336483,-2936772.310775523,57.71938051066521,7325157.33024995,528.3593805106526,67054004.30343815,36802.08,10441.17,26360.91,2019,M1_fixed,FINBIN_county,1.0,1.0,False,31109,Lancaster
8,331732,0,29855.879999999997,0.0,29855.879999999997,0.0,,,,,,,,,,,,,2019,M1_fixed,FINBIN_county,1.0,1.0,False,31127,Nemaha
9,533913,0,48052.17,0.0,48052.17,0.0,,,,,,,,,,,,,2019,M1_fixed,FINBIN_county,1.0,1.0,False,31131,Otoe
10,239783,239542,21580.469999999998,21558.78,21.689999999999998,99.8994924577639,9.861734341934243,0.3335490227183542,7190.91,-35.730801560008445,-1903483.6170417995,45.12919843999179,2404163.5264320225,515.7691984399836,27476523.798562594,14376.06,7190.91,7185.15,2019,M1_fixed,FINBIN_county,1.0,1.0,False,31133,Pawnee
11,380407,0,34236.63,0.0,34236.63,0.0,,,,,,,,,,,,,2019,M1_fixed,FINBIN_county,1.0,1.0,False,31147,Richardson
12,103025,0,9272.25,0.0,9272.25,0.0,,,,,,,,,,,,,2019,M1_fixed,FINBIN_county,1.0,1.0,False,31151,Saline
14,343472,0,30912.48,0.0,30912.48,0.0,,,,,,,,,,,,,2019,M1_fixed,FINBIN_county,1.0,1.0,False,31155,Saunders
15,32027,0,2882.43,0.0,2882.43,0.0,,,,,,,,,,,,,2019,M1_fixed,FINBIN_county,1.0,1.0,False,31159,Seward
1,56626,0,5096.34,0.0,5096.34,0.0,,,,,,,,,,,,,2019,M1_fixed,FINBIN_county,1.0,1.15,False,31023,Butler
2,384550,0,34609.5,0.0,34609.5,0.0,,,,,,,,,,,,,2019,M1_fixed,FINBIN_county,1.0,1.15,False,31025,Cass
4,583555,583020,52519.95,52471.799999999996,48.15,99.90832055247577,9.834192919838282,0.3844910980755377,20174.94,-119.8962193106608,-15545820.715562066,-26.907219310659656,-3488807.3182190075,514.3287806893213,66688199.67318919,51842.88,20174.94,31667.94,2019,M1_fixed,FINBIN_county,1.0,1.15,False,31067,Gage
5,133263,0,11993.67,0.0,11993.67,0.0,,,,,,,,,,,,,2019,M1_fixed,FINBIN_county,1.0,1.15,False,31095,Jefferson
6,232775,232584,20949.75,20932.559999999998,17.189999999999998,99.91794651487488,10.010417275489784,0.24822859698001581,5196.0599999999995,-110.67967671191137,-5724959.651962885,-17.69067671191165,-915058.784055104,523.545323288095,27080634.32096781,20507.309999999998,5196.0599999999995,15311.25,2019,M1_fixed,FINBIN_county,1.0,1.15,False,31097,Johnson
7,571098,570651,51398.82,51358.59,40.23,99.9217297206434,10.102464170844328,0.2032993896444587,10441.17,-105.86561948933443,-13435388.802907523,-12.876619489336449,-1634169.7157287316,528.3593805106526,67054004.30343815,50401.17,10441.17,39960.0,2019,M1_fixed,FINBIN_county,1.0,1.15,False,31109,Lancaster
8,331732,0,29855.879999999997,0.0,29855.879999999997,0.0,,,,,,,,,,,,,2019,M1_fixed,FINBIN_county,1.0,1.15,False,31127,Nemaha
9,533913,0,48052.17,0.0,48052.17,0.0,,,,,,,,,,,,,2019,M1_fixed,FINBIN_county,1.0,1.15,False,31131,Otoe
10,239783,239542,21580.469999999998,21558.78,21.689999999999998,99.8994924577639,9.861734341934243,0.3335490227183542,7190.91,-118.45580156000759,-6310484.729382477,-25.466801560009205,-1356690.5143876823,515.7691984399836,27476523.798562594,21067.11,7190.91,13876.199999999999,2019,M1_fixed,FINBIN_county,1.0,1.15,False,31133,Pawnee
11,380407,0,34236.63,0.0,34236.63,0.0,,,,,,,,,,,,,2019,M1_fixed,FINBIN_county,1.0,1.15,False,31147,Richardson
12,103025,0,9272.25,0.0,9272.25,0.0,,,,,,,,,,,,,2019,M1_fixed,FINBIN_county,1.0,1.15,False,31151,Saline
14,343472,0,30912.48,0.0,30912.48,0.0,,,,,,,,,,,,,2019,M1_fixed,FINBIN_county,1.0,1.15,False,31155,Saunders
15,32027,0,2882.43,0.0,2882.43,0.0,,,,,,,,,,,,,2019,M1_fixed,FINBIN_county,1.0,1.15,False,31159,Seward
1,56626,0,5096.34,0.0,5096.34,0.0,,,,,,,,,,,,,2019,M1_fixed,FINBIN_county,1.15,0.85,False,31023,Butler
2,384550,0,34609.5,0.0,34609.5,0.0,,,,,,,,,,,,,2019,M1_fixed,FINBIN_county,1.15,0.85,False,31025,Cass
4,583555,583020,52519.95,52471.799999999996,48.15,99.90832055247577,9.834192919838282,0.3844910980755377,20174.94,122.70309779274058,15909762.380308963,191.434097792749,24821467.93486786,591.4780977927157,76691429.62416708,2537.19,2537.19,17637.75,2019,M1_fixed,FINBIN_county,1.15,0.85,False,31067,Gage
5,133263,0,11993.67,0.0,11993.67,0.0,,,,,,,,,,,,,2019,M1_fixed,FINBIN_county,1.15,0.85,False,31095,Jefferson
6,232775,232584,20949.75,20932.559999999998,17.189999999999998,99.91794651487488,10.010417275489784,0.24822859698001581,5196.0599999999995,133.30212178130105,6895116.532598809,202.03312178129883,10450260.65235663,602.0771217813112,31142729.469113085,1535.04,1535.04,3661.02,2019,M1_fixed,FINBIN_county,1.15,0.85,False,31097,Johnson
7,571098,570651,51398.82,51358.59,40.23,99.9217297206434,10.102464170844328,0.2032993896444587,10441.17,138.8382875872606,17619944.826872356,207.5692875872667,26342585.0217446,607.6132875872876,77112104.94895859,2217.06,2217.06,8224.11,2019,M1_fixed,FINBIN_county,1.15,0.85,False,31109,Lancaster
8,331732,0,29855.879999999997,0.0,29855.879999999997,0.0,,,,,,,,,,,,,2019,M1_fixed,FINBIN_county,1.15,0.85,False,31127,Nemaha
9,533913,0,48052.17,0.0,48052.17,0.0,,,,,,,,,,,,,2019,M1_fixed,FINBIN_county,1.15,0.85,False,31131,Otoe
10,239783,239542,21580.469999999998,21558.78,21.689999999999998,99.8994924577639,9.861734341934243,0.3335490227183542,7190.91,124.35957820598807,6624996.065083258,193.0905782059871,10286496.137035945,593.1345782059874,31598002.368347317,1719.36,1719.36,5471.55,2019,M1_fixed,FINBIN_county,1.15,0.85,False,31133,Pawnee
11,380407,0,34236.63,0.0,34236.63,0.0,,,,,,,,,,,,,2019,M1_fixed,FINBIN_county,1.15,0.85,False,31147,Richardson
12,103025,0,9272.25,0.0,9272.25,0.0,,,,,,,,,,,,,2019,M1_fixed,FINBIN_county,1.15,0.85,False,31151,Saline
14,343472,0,30912.48,0.0,30912.48,0.0,,,,,,,,,,,,,2019,M1_fixed,FINBIN_county,1.15,0.85,False,31155,Saunders
15,32027,0,2882.43,0.0,2882.43,0.0,,,,,,,,,,,,,2019,M1_fixed,FINBIN_county,1.15,0.85,False,31159,Seward
1,56626,0,5096.34,0.0,5096.34,0.0,,,,,,,,,,,,,2019,M1_fixed,FINBIN_county,1.15,1.0,False,31023,Butler
2,384550,0,34609.5,0.0,34609.5,0.0,,,,,,,,,,,,,2019,M1_fixed,FINBIN_county,1.15,1.0,False,31025,Cass
4,583555,583020,52519.95,52471.799999999996,48.15,99.90832055247577,9.834192919838282,0.3844910980755377,20174.94,39.97809779274093,5183585.807862891,120.83809779274078,15667945.283813227,591.4780977927157,76691429.62416708,6479.009999999999,6479.009999999999,13695.93,2019,M1_fixed,FINBIN_county,1.15,1.0,False,31067,Gage
5,133263,0,11993.67,0.0,11993.67,0.0,,,,,,,,,,,,,2019,M1_fixed,FINBIN_county,1.15,1.0,False,31095,Jefferson
6,232775,232584,20949.75,20932.559999999998,17.189999999999998,99.91794651487488,10.010417275489784,0.24822859698001581,5196.0599999999995,50.57712178130394,2616126.0143906493,131.43712178130147,6798648.508223387,602.0771217813112,31142729.469113085,2168.2799999999997,2168.2799999999997,3027.7799999999997,2019,M1_fixed,FINBIN_county,1.15,1.0,False,31097,Johnson
7,571098,570651,51398.82,51358.59,40.23,99.9217297206434,10.102464170844328,0.2032993896444587,10441.17,56.11328758726235,7121328.33474032,136.9732875872641,17383257.975765802,607.6132875872876,77112104.94895859,2898.9,2898.9,7542.2699999999995,2019,M1_fixed,FINBIN_county,1.15,1.0,False,31109,Lancaster
8,331732,0,29855.879999999997,0.0,29855.879999999997,0.0,,,,,,,,,,,,,2019,M1_fixed,FINBIN_county,1.15,1.0,False,31127,Nemaha
9,533913,0,48052.17,0.0,48052.17,0.0,,,,,,,,,,,,,2019,M1_fixed,FINBIN_county,1.15,1.0,False,31131,Otoe
10,239783,239542,21580.469999999998,21558.78,21.689999999999998,99.8994924577639,9.861734341934243,0.3335490227183542,7190.91,41.63457820598987,2217994.952742631,122.49457820599163,6525642.096216534,593.1345782059874,31598002.368347317,2843.2799999999997,2843.2799999999997,4347.63,2019,M1_fixed,FINBIN_county,1.15,1.0,False,31133,Pawnee
11,380407,0,34236.63,0.0,34236.63,0.0,,,,,,,,,,,,,2019,M1_fixed,FINBIN_county,1.15,1.0,False,31147,Richardson
12,103025,0,9272.25,0.0,9272.25,0.0,,,,,,,,,,,,,2019,M1_fixed,FINBIN_county,1.15,1.0,False,31151,Saline
14,343472,0,30912.48,0.0,30912.48,0.0,,,,,,,,,,,,,2019,M1_fixed,FINBIN_county,1.15,1.0,False,31155,Saunders
15,32027,0,2882.43,0.0,2882.43,0.0,,,,,,,,,,,,,2019,M1_fixed,FINBIN_county,1.15,1.0,False,31159,Seward
1,56626,0,5096.34,0.0,5096.34,0.0,,,,,,,,,,,,,2019,M1_fixed,FINBIN_county,1.15,1.15,False,31023,Butler
2,384550,0,34609.5,0.0,34609.5,0.0,,,,,,,,,,,,,2019,M1_fixed,FINBIN_county,1.15,1.15,False,31025,Cass
4,583555,583020,52519.95,52471.799999999996,48.15,99.90832055247577,9.834192919838282,0.3844910980755377,20174.94,-42.74690220725824,-5542590.76458312,50.24209779274214,6514422.632759838,591.4780977927157,76691429.62416708,40868.64,20174.94,20693.7,2019,M1_fixed,FINBIN_county,1.15,1.15,False,31067,Gage
5,133263,0,11993.67,0.0,11993.67,0.0,,,,,,,,,,,,,2019,M1_fixed,FINBIN_county,1.15,1.15,False,31095,Jefferson
6,232775,232584,20949.75,20932.559999999998,17.189999999999998,99.91794651487488,10.010417275489784,0.24822859698001581,5196.0599999999995,-32.14787821869767,-1662864.5038177422,60.84112178130151,3147036.364090011,602.0771217813112,31142729.469113085,12843.359999999999,5196.0599999999995,7647.299999999999,2019,M1_fixed,FINBIN_county,1.15,1.15,False,31097,Johnson
7,571098,570651,51398.82,51358.59,40.23,99.9217297206434,10.102464170844328,0.2032993896444587,10441.17,-26.6117124127378,-3377288.1573919593,66.3772875872658,8423930.929787545,607.6132875872876,77112104.94895859,36802.08,10441.17,26360.91,2019,M1_fixed,FINBIN_county,1.15,1.15,False,31109,Lancaster
8,331732,0,29855.879999999997,0.0,29855.879999999997,0.0,,,,,,,,,,,,,2019,M1_fixed,FINBIN_county,1.15,1.15,False,31127,Nemaha
9,533913,0,48052.17,0.0,48052.17,0.0,,,,,,,,,,,,,2019,M1_fixed,FINBIN_county,1.15,1.15,False,31131,Otoe
10,239783,239542,21580.469999999998,21558.78,21.689999999999998,99.8994924577639,9.861734341934243,0.3335490227183542,7190.91,-41.090421794009465,-2189006.1595980558,51.89857820599038,2764788.055396816,593.1345782059874,31598002.368347317,14376.06,7190.91,7185.15,2019,M1_fixed,FINBIN_county,1.15,1.15,False,31133,Pawnee
11,380407,0,34236.63,0.0,34236.63,0.0,,,,,,,,,,,,,2019,M1_fixed,FINBIN_county,1.15,1.15,False,31147,Richardson
12,103025,0,9272.25,0.0,9272.25,0.0,,,,,,,,,,,,,2019,M1_fixed,FINBIN_county,1.15,1.15,False,31151,Saline
14,343472,0,30912.48,0.0,30912.48,0.0,,,,,,,,,,,,,2019,M1_fixed,FINBIN_county,1.15,1.15,False,31155,Saunders
15,32027,0,2882.43,0.0,2882.43,0.0,,,,,,,,,,,,,2019,M1_fixed,FINBIN_county,1.15,1.15,False,31159,Seward
1,56626,56584,5096.34,5092.5599999999995,3.78,99.92582912443048,9.324231874271986,0.36644634525660963,1866.1499999999999,-149.8001119239121,-1885083.0826531223,-62.53911192391112,-786991.5474548879,405.1308880760872,5098162.969066245,5089.139999999999,1866.1499999999999,3222.99,2019,M1_fixed,FINBIN_state,0.85,0.85,False,31023,Butler
2,384550,384318,34609.5,34588.619999999995,20.88,99.93966974385646,10.313043749567733,0.13537226983903955,4682.34,-106.83697688175471,-9131392.887717681,-19.575976881752254,-1673165.4272284608,448.0940231182461,38298749.133077785,34352.369999999995,4682.34,29670.03,2019,M1_fixed,FINBIN_state,0.85,0.85,False,31025,Cass
4,583555,583020,52519.95,52471.799999999996,48.15,99.90832055247577,9.834192919838282,0.3844910980755377,20174.94,-127.64268661957915,-16550232.636603344,-40.38168661957505,-5235915.3940737,427.288313380422,55402476.840871535,52293.6,20174.94,32118.66,2019,M1_fixed,FINBIN_state,0.85,0.85,False,31067,Gage
5,133263,133156,11993.67,11984.039999999999,9.629999999999999,99.91970764578315,9.852270107511867,0.384766739763886,4611.0599999999995,-126.85724636080809,-3756649.9919860815,-39.596246360810326,-1172571.8698870668,428.0737536391839,12676637.001912046,11951.189999999999,4611.0599999999995,7340.13,2019,M1_fixed,FINBIN_state,0.85,0.85,False,31095,Jefferson
6,232775,232584,20949.75,20932.559999999998,17.189999999999998,99.91794651487488,10.010417275489784,0.24822859698001581,5196.0599999999995,-119.98587041547047,-6206327.009087566,-32.72487041547446,-1692709.7034440716,434.94512958452816,22497746.57519589,20825.19,5196.0599999999995,15629.13,2019,M1_fixed,FINBIN_state,0.85,0.85,False,31097,Johnson
7,571098,570651,51398.82,51358.59,40.23,99.9217297206434,10.102464170844328,0.2032993896444587,10441.17,-115.9865017851701,-14719828.35305548,-28.72550178517185,-3645548.8278825004,438.94449821483244,55706375.921292946,51109.11,10441.17,40667.939999999995,2019,M1_fixed,FINBIN_state,0.85,0.85,False,31109,Lancaster
8,331732,331187,29855.879999999997,29806.829999999998,49.05,99.83571075446444,10.252044167479152,0.18235921095936736,5435.55,-109.48736301511559,-8064212.998701907,-22.226363015114327,-1637066.7865624551,445.4436369848824,32808830.79690774,29616.03,5435.55,24180.48,2019,M1_fixed,FINBIN_state,0.85,0.85,False,31127,Nemaha
9,533913,533339,48052.17,48000.509999999995,51.66,99.89249184792278,10.263552213114838,0.1832605528566259,8796.6,-108.98734705548708,-12927190.13517127,-21.726347055486563,-2577002.073332448,445.9436529445139,52894198.702273354,47655.99,8796.6,38859.39,2019,M1_fixed,FINBIN_state,0.85,0.85,False,31131,Otoe
10,239783,239542,21580.469999999998,21558.78,21.689999999999998,99.8994924577639,9.861734341934243,0.3335490227183542,7190.91,-126.4460324669238,-6736147.545878565,-39.18503246692672,-2087500.533923885,428.48496753306796,22826639.2086976,21417.93,7190.91,14227.019999999999,2019,M1_fixed,FINBIN_state,0.85,0.85,False,31133,Pawnee
11,380407,379298,34236.63,34136.82,99.81,99.70847013856212,10.327396086578178,0.15018270594624808,5126.76,-106.21337859318436,-8959514.764492445,-18.952378593184974,-1598707.4140468736,448.71762140682364,37851090.01645436,33718.77,5126.76,28592.01,2019,M1_fixed,FINBIN_state,0.85,0.85,False,31147,Richardson
12,103025,102936,9272.25,9264.24,8.01,99.91361320067945,9.971861385551932,0.27462695266961995,2544.21,-121.66109494245926,-2785118.780026547,-34.40009494246029,-787501.957830117,433.26990505753656,9918603.395496218,9246.69,2544.21,6702.48,2019,M1_fixed,FINBIN_state,0.85,0.85,False,31151,Saline
14,343472,343168,30912.48,30885.12,27.36,99.91149205757675,9.86162725580333,0.3683735080193957,11377.26,-126.45068527907132,-9650563.749455227,-39.1896852790725,-2990909.501772166,428.48031472093953,32701100.697676145,30841.02,11377.26,19463.76,2019,M1_fixed,FINBIN_state,0.85,0.85,False,31155,Saunders
15,32027,32019,2882.43,2881.71,0.72,99.97502107596715,9.722183733252427,0.27677316593272744,797.5799999999999,-132.5094018456759,-943580.9639281525,-45.248401845675815,-322207.55686057336,422.4215981543238,3008005.267692139,2877.48,797.5799999999999,2079.9,2019,M1_fixed,FINBIN_state,0.85,0.85,False,31159,Seward
1,56626,56584,5096.34,5092.5599999999995,3.78,99.92582912443048,9.324231874271986,0.36644634525660963,1866.1499999999999,-247.72911192391115,-3117420.621191824,-145.06911192391124,-1825548.2268409755,405.1308880760872,5098162.969066245,5092.5599999999995,1866.1499999999999,3226.41,2019,M1_fixed,FINBIN_state,0.85,1.0,False,31023,Butler
2,384550,384318,34609.5,34588.619999999995,20.88,99.93966974385646,10.313043749567733,0.13537226983903955,4682.34,-204.76597688175266,-17501417.950210813,-102.10597688175298,-8727032.702576708,448.0940231182461,38298749.133077785,34588.619999999995,4682.34,29906.28,2019,M1_fixed,FINBIN_state,0.85,1.0,False,31025,Cass
4,583555,583020,52519.95,52471.799999999996,48.15,99.90832055247577,9.834192919838282,0.3844910980755377,20174.94,-225.57168661958028,-29247769.603216678,-122.91168661957695,-15936808.141417291,427.288313380422,55402476.840871535,52469.729999999996,20174.94,32294.789999999997,2019,M1_fixed,FINBIN_state,0.85,1.0,False,31067,Gage
5,133263,133156,11993.67,11984.039999999999,9.629999999999999,99.91970764578315,9.852270107511867,0.384766739763886,4611.0599999999995,-224.78624636081094,-6656641.814438818,-122.12624636081209,-3616549.9060869925,428.0737536391839,12676637.001912046,11984.039999999999,4611.0599999999995,7372.98,2019,M1_fixed,FINBIN_state,0.85,1.0,False,31095,Jefferson
6,232775,232584,20949.75,20932.559999999998,17.189999999999998,99.91794651487488,10.010417275489784,0.24822859698001581,5196.0599999999995,-217.91487041546847,-11271751.759255147,-115.25487041547596,-5961613.752615883,434.94512958452816,22497746.57519589,20932.559999999998,5196.0599999999995,15736.5,2019,M1_fixed,FINBIN_state,0.85,1.0,False,31097,Johnson
7,571098,570651,51398.82,51358.59,40.23,99.9217297206434,10.102464170844328,0.2032993896444587,10441.17,-213.91550178518483,-27147982.04853055,-111.2555017851714,-14119417.901266249,438.94449821483244,55706375.921292946,51358.59,10441.17,40917.42,2019,M1_fixed,FINBIN_state,0.85,1.0,False,31109,Lancaster
8,331732,331187,29855.879999999997,29806.829999999998,49.05,99.83571075446444,10.252044167479152,0.18235921095936736,5435.55,-207.41636301511582,-15277103.080280123,-104.75636301511388,-7715754.595410146,445.4436369848824,32808830.79690774,29806.829999999998,5435.55,24371.28,2019,M1_fixed,FINBIN_state,0.85,1.0,False,31127,Nemaha
9,533913,533339,48052.17,48000.509999999995,51.66,99.89249184792278,10.263552213114838,0.1832605528566259,8796.6,-206.9163470554883,-24542729.34177927,-104.2563470554895,-12366037.504322045,445.9436529445139,52894198.702273354,48000.509999999995,8796.6,39203.909999999996,2019,M1_fixed,FINBIN_state,0.85,1.0,False,31131,Otoe
10,239783,239542,21580.469999999998,21558.78,21.689999999999998,99.8994924577639,9.861734341934243,0.3335490227183542,7190.91,-224.3750324669243,-11953109.914333288,-121.71503246692758,-6484113.429680713,428.48496753306796,22826639.2086976,21558.78,7190.91,14367.869999999999,2019,M1_fixed,FINBIN_state,0.85,1.0,False,31133,Pawnee
11,380407,379298,34236.63,34136.82,99.81,99.70847013856212,10.327396086578178,0.15018270594624808,5126.76,-204.14237859318806,-17220209.72583619,-101.4823785931856,-8560436.372370545,448.71762140682364,37851090.01645436,34136.82,5126.76,29010.059999999998,2019,M1_fixed,FINBIN_state,0.85,1.0,False,31147,Richardson
12,103025,102936,9272.25,9264.24,8.01,99.91361320067945,9.971861385551932,0.27462695266961995,2544.21,-219.59009494246448,-5026952.105118937,-116.93009494246189,-2676814.667240696,433.26990505753656,9918603.395496218,9264.24,2544.21,6720.03,2019,M1_fixed,FINBIN_state,0.85,1.0,False,31151,Saline
14,343472,343168,30912.48,30885.12,27.36,99.91149205757675,9.86162725580333,0.3683735080193957,11377.26,-224.3796852790717,-17124386.887184177,-121.71968527907353,-9289499.536968844,428.48031472093953,32701100.697676145,30885.12,11377.26,19507.86,2019,M1_fixed,FINBIN_state,0.85,1.0,False,31155,Saunders
15,32027,32019,2882.43,2881.71,0.72,99.97502107596715,9.722183733252427,0.27677316593272744,797.5799999999999,-230.43840184567654,-1640919.7106846794,-127.77840184567614,-909892.1729581136,422.4215981543238,3008005.267692139,2881.71,797.5799999999999,2084.13,2019,M1_fixed,FINBIN_state,0.85,1.0,False,31159,Seward
1,56626,56584,5096.34,5092.5599999999995,3.78,99.92582912443048,9.324231874271986,0.36644634525660963,1866.1499999999999,-345.6581119239107,-4349758.159730531,-227.59911192391127,-2864104.906227061,405.1308880760872,5098162.969066245,5092.5599999999995,1866.1499999999999,3226.41,2019,M1_fixed,FINBIN_state,0.85,1.15,False,31023,Butler
2,384550,384318,34609.5,34588.619999999995,20.88,99.93966974385646,10.313043749567733,0.13537226983903955,4682.34,-302.69497688174823,-25871443.012703735,-184.63597688174926,-15780899.977924576,448.0940231182461,38298749.133077785,34588.619999999995,4682.34,29906.28,2019,M1_fixed,FINBIN_state,0.85,1.15,False,31025,Cass
4,583555,583020,52519.95,52471.799999999996,48.15,99.90832055247577,9.834192919838282,0.3844910980755377,20174.94,-323.5006866195714,-41945306.56982872,-205.4416866195685,-26637700.88875954,427.288313380422,55402476.840871535,52471.799999999996,20174.94,32296.86,2019,M1_fixed,FINBIN_state,0.85,1.15,False,31067,Gage
5,133263,133156,11993.67,11984.039999999999,9.629999999999999,99.91970764578315,9.852270107511867,0.384766739763886,4611.0599999999995,-322.7152463608066,-9556633.636891343,-204.65624636081023,-6060527.942286812,428.0737536391839,12676637.001912046,11984.039999999999,4611.0599999999995,7372.98,2019,M1_fixed,FINBIN_state,0.85,1.15,False,31095,Jefferson
6,232775,232584,20949.75,20932.559999999998,17.189999999999998,99.91794651487488,10.010417275489784,0.24822859698001581,5196.0599999999995,-315.84387041547626,-16337176.50942323,-197.78487041547535,-10230517.801787587,434.94512958452816,22497746.57519589,20932.559999999998,5196.0599999999995,15736.5,2019,M1_fixed,FINBIN_state,0.85,1.15,False,31097,Johnson
7,571098,570651,51398.82,51358.59,40.23,99.9217297206434,10.102464170844328,0.2032993896444587,10441.17,-311.8445017851647,-39576135.74400118,-193.78550178516016,-24593286.974648632,438.94449821483244,55706375.921292946,51358.59,10441.17,40917.42,2019,M1_fixed,FINBIN_state,0.85,1.15,False,31109,Lancaster
8,331732,331187,29855.879999999997,29806.829999999998,49.05,99.83571075446444,10.252044167479152,0.18235921095936736,5435.55,-305.3453630151103,-22489993.161857914,-187.2863630151141,-13794442.404257888,445.4436369848824,32808830.79690774,29806.829999999998,5435.55,24371.28,2019,M1_fixed,FINBIN_state,0.85,1.15,False,31127,Nemaha
9,533913,533339,48052.17,48000.509999999995,51.66,99.89249184792278,10.263552213114838,0.1832605528566259,8796.6,-304.8453470554907,-36158268.548387416,-186.78634705548853,-22155072.93531118,445.9436529445139,52894198.702273354,48000.509999999995,8796.6,39203.909999999996,2019,M1_fixed,FINBIN_state,0.85,1.15,False,31131,Otoe
10,239783,239542,21580.469999999998,21558.78,21.689999999999998,99.8994924577639,9.861734341934243,0.3335490227183542,7190.91,-322.30403246692515,-17170072.282788027,-204.24503246692979,-10880726.325437613,428.48496753306796,22826639.2086976,21558.78,7190.91,14367.869999999999,2019,M1_fixed,FINBIN_state,0.85,1.15,False,31133,Pawnee
11,380407,379298,34236.63,34136.82,99.81,99.70847013856212,10.327396086578178,0.15018270594624808,5126.76,-302.07137859318226,-25480904.687179137,-184.01237859318545,-15522165.33069415,448.71762140682364,37851090.01645436,34136.82,5126.76,29010.059999999998,2019,M1_fixed,FINBIN_state,0.85,1.15,False,31147,Richardson
12,103025,102936,9272.25,9264.24,8.01,99.91361320067945,9.971861385551932,0.27462695266961995,2544.21,-317.5190949424548,-7268785.430210984,-199.46009494246186,-4566127.376651239,433.26990505753656,9918603.395496218,9264.24,2544.21,6720.03,2019,M1_fixed,FINBIN_state,0.85,1.15,False,31151,Saline
14,343472,343168,30912.48,30885.12,27.36,99.91149205757675,9.86162725580333,0.3683735080193957,11377.26,-322.3086852790706,-24598210.02491301,-204.24968527907535,-15588089.572165582,428.48031472093953,32701100.697676145,30885.12,11377.26,19507.86,2019,M1_fixed,FINBIN_state,0.85,1.15,False,31155,Saunders
15,32027,32019,2882.43,2881.71,0.72,99.97502107596715,9.722183733252427,0.27677316593272744,797.5799999999999,-328.367401845677,-2338258.457441205,-210.3084018456767,-1497576.7890556555,422.4215981543238,3008005.267692139,2881.71,797.5799999999999,2084.13,2019,M1_fixed,FINBIN_state,0.85,1.15,False,31159,Seward
1,56626,56584,5096.34,5092.5599999999995,3.78,99.92582912443048,9.324231874271986,0.36644634525660963,1866.1499999999999,-78.30642579283739,-985407.2645826022,8.95457420716313,112684.27061562626,476.6245742071594,5997838.787136733,4457.7,1866.1499999999999,2591.5499999999997,2019,M1_fixed,FINBIN_state,1.0,0.85,False,31023,Butler
2,384550,384318,34609.5,34588.619999999995,20.88,99.93966974385646,10.313043749567733,0.13537226983903955,4682.34,-27.761561037356785,-2372790.099527351,59.49943896264435,5085437.360961757,527.1694389626517,45057351.92126878,28772.55,4682.34,24090.21,2019,M1_fixed,FINBIN_state,1.0,0.85,False,31025,Cass
4,583555,583020,52519.95,52471.799999999996,48.15,99.90832055247577,9.834192919838282,0.3844910980755377,20174.94,-52.23886661126769,-6773324.958802263,35.02213338873247,4540992.283726869,502.6921333887399,65179384.51867345,45974.43,20174.94,25799.489999999998,2019,M1_fixed,FINBIN_state,1.0,0.85,False,31067,Gage
5,133263,133156,11993.67,11984.039999999999,9.629999999999999,99.91970764578315,9.852270107511867,0.384766739763886,4611.0599999999995,-51.31481924801309,-1519596.4034134315,35.94618075198703,1064481.7186856533,503.6161807519883,14913690.590484973,10922.13,4611.0599999999995,6311.07,2019,M1_fixed,FINBIN_state,1.0,0.85,False,31095,Jefferson
6,232775,232584,20949.75,20932.559999999998,17.189999999999998,99.91794651487488,10.010417275489784,0.24822859698001581,5196.0599999999995,-43.23084754761601,-2236136.4369943524,44.03015245238477,2277480.868649389,511.7001524523941,26467937.147289697,16071.119999999999,5196.0599999999995,10875.06,2019,M1_fixed,FINBIN_state,1.0,0.85,False,31097,Johnson
7,571098,570651,51398.82,51358.59,40.23,99.9217297206434,10.102464170844328,0.2032993896444587,10441.17,-38.52570798255465,-4889291.425768748,48.73529201744705,6184988.099404669,516.4052920174515,65536912.848580144,42855.03,10441.17,32413.86,2019,M1_fixed,FINBIN_state,1.0,0.85,False,31109,Lancaster
8,331732,331187,29855.879999999997,29806.829999999998,49.05,99.83571075446444,10.252044167479152,0.18235921095936736,5435.55,-30.87966237072264,-2274419.3286592215,56.3813376292779,4152726.8834801777,524.0513376292686,38598624.46694993,24181.2,5435.55,18745.649999999998,2019,M1_fixed,FINBIN_state,1.0,0.85,False,31127,Nemaha
9,533913,533339,48052.17,48000.509999999995,51.66,99.89249184792278,10.263552213114838,0.1832605528566259,8796.6,-30.291408300571298,-3592919.7759463745,56.96959169942858,6757268.285892371,524.6395916994393,62228469.06149937,38284.11,8796.6,29487.51,2019,M1_fixed,FINBIN_state,1.0,0.85,False,31131,Otoe
10,239783,239542,21580.469999999998,21558.78,21.689999999999998,99.8994924577639,9.861734341934243,0.3335490227183542,7190.91,-50.83103819638394,-2707917.097284954,36.42996180361567,1940729.9146698618,504.09996180361674,26854869.657291684,16949.16,7190.91,9758.25,2019,M1_fixed,FINBIN_state,1.0,0.85,False,31133,Pawnee
11,380407,379298,34236.63,34136.82,99.81,99.70847013856212,10.327396086578178,0.15018270594624808,5126.76,-27.027915991981388,-2279910.643941777,60.233084008019695,5080896.706503937,527.9030840080302,44530694.13700532,26232.21,5126.76,21105.45,2019,M1_fixed,FINBIN_state,1.0,0.85,False,31147,Richardson
12,103025,102936,9272.25,9264.24,8.01,99.91361320067945,9.971861385551932,0.27462695266961995,2544.21,-45.20169993230573,-1034777.0043507436,42.059300067694444,962839.8178457144,509.7293000676909,11668945.171172041,7992.0,2544.21,5447.79,2019,M1_fixed,FINBIN_state,1.0,0.85,False,31151,Saline
14,343472,343168,30912.48,30885.12,27.36,99.91149205757675,9.86162725580333,0.3683735080193957,11377.26,-50.836512093026464,-3879781.2733949823,36.42448790697373,2779872.974288183,504.09448790696166,38471883.17373465,28136.07,11377.26,16758.809999999998,2019,M1_fixed,FINBIN_state,1.0,0.85,False,31155,Saunders
15,32027,32019,2882.43,2881.71,0.72,99.97502107596715,9.722183733252427,0.27677316593272744,797.5799999999999,-57.96441393609008,-412756.50492366264,29.296586063910407,208616.90214391937,496.96658606391304,3538829.7266966533,2434.0499999999997,797.5799999999999,1636.47,2019,M1_fixed,FINBIN_state,1.0,0.85,False,31159,Seward
1,56626,56584,5096.34,5092.5599999999995,3.78,99.92582912443048,9.324231874271986,0.36644634525660963,1866.1499999999999,-176.23542579283614,-2217744.8031212995,-73.57542579283697,-925872.4087704608,476.6245742071594,5997838.787136733,5089.139999999999,1866.1499999999999,3222.99,2019,M1_fixed,FINBIN_state,1.0,1.0,False,31023,Butler
2,384550,384318,34609.5,34588.619999999995,20.88,99.93966974385646,10.313043749567733,0.13537226983903955,4682.34,-125.69056103735612,-10742815.162020601,-23.030561037355742,-1968429.914386437,527.1694389626517,45057351.92126878,34352.369999999995,4682.34,29670.03,2019,M1_fixed,FINBIN_state,1.0,1.0,False,31025,Cass
4,583555,583020,52519.95,52471.799999999996,48.15,99.90832055247577,9.834192919838282,0.3844910980755377,20174.94,-150.16786661126147,-19470861.925414644,-47.5078666112662,-6159900.463616304,502.6921333887399,65179384.51867345,52293.6,20174.94,32118.66,2019,M1_fixed,FINBIN_state,1.0,1.0,False,31067,Gage
5,133263,133156,11993.67,11984.039999999999,9.629999999999999,99.91970764578315,9.852270107511867,0.384766739763886,4611.0599999999995,-149.24381924801176,-4419588.225866045,-46.58381924801297,-1379496.3175142205,503.6161807519883,14913690.590484973,11951.189999999999,4611.0599999999995,7340.13,2019,M1_fixed,FINBIN_state,1.0,1.0,False,31095,Jefferson
6,232775,232584,20949.75,20932.559999999998,17.189999999999998,99.91794651487488,10.010417275489784,0.24822859698001581,5196.0599999999995,-141.15984754761686,-7301561.187162078,-38.49984754761669,-1991423.1805224202,511.7001524523941,26467937.147289697,20825.19,5196.0599999999995,15629.13,2019,M1_fixed,FINBIN_state,1.0,1.0,False,31097,Johnson
7,571098,570651,51398.82,51358.59,40.23,99.9217297206434,10.102464170844328,0.2032993896444587,10441.17,-136.4547079825487,-17317445.12124119,-33.79470798255577,-4288880.9739794955,516.4052920174515,65536912.848580144,51109.11,10441.17,40667.939999999995,2019,M1_fixed,FINBIN_state,1.0,1.0,False,31109,Lancaster
8,331732,331187,29855.879999999997,29806.829999999998,49.05,99.83571075446444,10.252044167479152,0.18235921095936736,5435.55,-128.80866237071905,-9487309.410237156,-26.148662370722313,-1925960.925367563,524.0513376292686,38598624.46694993,29616.03,5435.55,24180.48,2019,M1_fixed,FINBIN_state,1.0,1.0,False,31127,Nemaha
9,533913,533339,48052.17,48000.509999999995,51.66,99.89249184792278,10.263552213114838,0.1832605528566259,8796.6,-128.2204083005714,-15208458.98255424,-25.5604083005721,-3031767.1450969586,524.6395916994393,62228469.06149937,47655.99,8796.6,38859.39,2019,M1_fixed,FINBIN_state,1.0,1.0,False,31131,Otoe
10,239783,239542,21580.469999999998,21558.78,21.689999999999998,99.8994924577639,9.861734341934243,0.3335490227183542,7190.91,-148.76003819638552,-7924879.465739732,-46.100038196384375,-2455882.9810869233,504.09996180361674,26854869.657291684,21417.93,7190.91,14227.019999999999,2019,M1_fixed,FINBIN_state,1.0,1.0,False,31133,Pawnee
11,380407,379298,34236.63,34136.82,99.81,99.70847013856212,10.327396086578178,0.15018270594624808,5126.76,-124.95691599198277,-10540605.605285326,-22.296915991981457,-1880832.2518197782,527.9030840080302,44530694.13700532,33718.77,5126.76,28592.01,2019,M1_fixed,FINBIN_state,1.0,1.0,False,31147,Richardson
12,103025,102936,9272.25,9264.24,8.01,99.91361320067945,9.971861385551932,0.27462695266961995,2544.21,-143.13069993230502,-3276610.3294429965,-40.470699932306225,-926472.8915648435,509.7293000676909,11668945.171172041,9246.69,2544.21,6702.48,2019,M1_fixed,FINBIN_state,1.0,1.0,False,31151,Saline
14,343472,343168,30912.48,30885.12,27.36,99.91149205757675,9.86162725580333,0.3683735080193957,11377.26,-148.7655120930275,-11353604.411123982,-46.10551209302736,-3518717.0609084987,504.09448790696166,38471883.17373465,30841.02,11377.26,19463.76,2019,M1_fixed,FINBIN_state,1.0,1.0,False,31155,Saunders
15,32027,32019,2882.43,2881.71,0.72,99.97502107596715,9.722183733252427,0.27677316593272744,797.5799999999999,-155.89341393608933,-1110095.2516801797,-53.23341393608948,-379067.7139536177,496.96658606391304,3538829.7266966533,2877.48,797.5799999999999,2079.9,2019,M1_fixed,FINBIN_state,1.0,1.0,False,31159,Seward
1,56626,56584,5096.34,5092.5599999999995,3.78,99.92582912443048,9.324231874271986,0.36644634525660963,1866.1499999999999,-274.16442579283716,-3450082.341660026,-156.10542579283774,-1964429.0881565562,476.6245742071594,5997838.787136733,5092.5599999999995,1866.1499999999999,3226.41,2019,M1_fixed,FINBIN_state,1.0,1.15,False,31023,Butler
2,384550,384318,34609.5,34588.619999999995,20.88,99.93966974385646,10.313043749567733,0.13537226983903955,4682.34,-223.6195610373629,-19112840.224514484,-105.56056103735524,-9022297.18973458,527.1694389626517,45057351.92126878,34588.619999999995,4682.34,29906.28,2019,M1_fixed,FINBIN_state,1.0,1.15,False,31025,Cass
4,583555,583020,52519.95,52471.799999999996,48.15,99.90832055247577,9.834192919838282,0.3844910980755377,20174.94,-248.0968666112728,-32168398.8920293,-130.03786661126458,-16860793.21095944,502.6921333887399,65179384.51867345,52462.17,20174.94,32287.23,2019,M1_fixed,FINBIN_state,1.0,1.15,False,31067,Gage
5,133263,133156,11993.67,11984.039999999999,9.629999999999999,99.91970764578315,9.852270107511867,0.384766739763886,4611.0599999999995,-247.17281924801227,-7319580.048318713,-129.11381924801378,-3823474.3537141187,503.6161807519883,14913690.590484973,11984.039999999999,4611.0599999999995,7372.98,2019,M1_fixed,FINBIN_state,1.0,1.15,False,31095,Jefferson
6,232775,232584,20949.75,20932.559999999998,17.189999999999998,99.91794651487488,10.010417275489784,0.24822859698001581,5196.0599999999995,-239.08884754762,-12366985.937329922,-121.02984754761391,-6260327.22969401,511.7001524523941,26467937.147289697,20932.559999999998,5196.0599999999995,15736.5,2019,M1_fixed,FINBIN_state,1.0,1.15,False,31097,Johnson
7,571098,570651,51398.82,51358.59,40.23,99.9217297206434,10.102464170844328,0.2032993896444587,10441.17,-234.38370798255593,-29745598.8167153,-116.32470798255483,-14762750.047363183,516.4052920174515,65536912.848580144,51358.32,10441.17,40917.15,2019,M1_fixed,FINBIN_state,1.0,1.15,False,31109,Lancaster
8,331732,331187,29855.879999999997,29806.829999999998,49.05,99.83571075446444,10.252044167479152,0.18235921095936736,5435.55,-226.73766237072635,-16700199.491815893,-108.678662370725,-8004648.734215485,524.0513376292686,38598624.46694993,29806.829999999998,5435.55,24371.28,2019,M1_fixed,FINBIN_state,1.0,1.15,False,31127,Nemaha
9,533913,533339,48052.17,48000.509999999995,51.66,99.89249184792278,10.263552213114838,0.1832605528566259,8796.6,-226.14940830056804,-26823998.189161696,-108.0904083005719,-12820802.576086184,524.6395916994393,62228469.06149937,47999.43,8796.6,39202.83,2019,M1_fixed,FINBIN_state,1.0,1.15,False,31131,Otoe
10,239783,239542,21580.469999999998,21558.78,21.689999999999998,99.8994924577639,9.861734341934243,0.3335490227183542,7190.91,-246.68903819638487,-13141841.834194392,-128.63003819638402,-6852495.876843687,504.09996180361674,26854869.657291684,21558.78,7190.91,14367.869999999999,2019,M1_fixed,FINBIN_state,1.0,1.15,False,31133,Pawnee
11,380407,379298,34236.63,34136.82,99.81,99.70847013856212,10.327396086578178,0.15018270594624808,5126.76,-222.88591599197582,-18801300.566628173,-104.82691599198166,-8842561.210143413,527.9030840080302,44530694.13700532,34136.729999999996,5126.76,29009.969999999998,2019,M1_fixed,FINBIN_state,1.0,1.15,False,31147,Richardson
12,103025,102936,9272.25,9264.24,8.01,99.91361320067945,9.971861385551932,0.27462695266961995,2544.21,-241.05969993230622,-5518443.6545352945,-123.00069993230825,-2815785.6009754324,509.7293000676909,11668945.171172041,9264.24,2544.21,6720.03,2019,M1_fixed,FINBIN_state,1.0,1.15,False,31151,Saline
14,343472,343168,30912.48,30885.12,27.36,99.91149205757675,9.86162725580333,0.3683735080193957,11377.26,-246.69451209302983,-18827427.548853077,-128.63551209303088,-9817307.096105365,504.09448790696166,38471883.17373465,30885.12,11377.26,19507.86,2019,M1_fixed,FINBIN_state,1.0,1.15,False,31155,Saunders
15,32027,32019,2882.43,2881.71,0.72,99.97502107596715,9.722183733252427,0.27677316593272744,797.5799999999999,-253.82241393608984,-1807433.9984367054,-135.76341393608897,-966752.330051152,496.96658606391304,3538829.7266966533,2881.71,797.5799999999999,2084.13,2019,M1_fixed,FINBIN_state,1.0,1.15,False,31159,Seward
1,56626,56584,5096.34,5092.5599999999995,3.78,99.92582912443048,9.324231874271986,0.36644634525660963,1866.1499999999999,-6.812739661762529,-85731.44651208018,80.44826033823763,1012360.0886861436,548.1182603382383,6897514.605207305,1099.8899999999999,1099.8899999999999,766.26,2019,M1_fixed,FINBIN_state,1.15,0.85,False,31023,Butler
2,384550,384318,34609.5,34588.619999999995,20.88,99.93966974385646,10.313043749567733,0.13537226983903955,4682.34,51.3138548070417,4385812.688663027,138.57485480703627,11844040.149151575,606.244854807047,51815954.70945887,1186.2,1186.2,3496.14,2019,M1_fixed,FINBIN_state,1.15,0.85,False,31025,Cass
4,583555,583020,52519.95,52471.799999999996,48.15,99.90832055247577,9.834192919838282,0.3844910980755377,20174.94,23.16495339704343,3003582.718998771,110.42595339704637,14317899.961528264,578.0959533970455,74956292.19647378,10530.359999999999,10530.359999999999,9644.58,2019,M1_fixed,FINBIN_state,1.15,0.85,False,31067,Gage
5,133263,133156,11993.67,11984.039999999999,9.629999999999999,99.91970764578315,9.852270107511867,0.384766739763886,4611.0599999999995,24.227607864785533,717457.1851593258,111.48860786478632,3301535.307258431,579.1586078647806,17150744.179057546,2181.87,2181.87,2429.19,2019,M1_fixed,FINBIN_state,1.15,0.85,False,31095,Jefferson
6,232775,232584,20949.75,20932.559999999998,17.189999999999998,99.91794651487488,10.010417275489784,0.24822859698001581,5196.0599999999995,33.52417532024003,1734054.1350989433,120.78517532023906,6247671.440742594,588.4551753202397,30438127.719382457,2908.08,2908.08,2287.98,2019,M1_fixed,FINBIN_state,1.15,0.85,False,31097,Johnson
7,571098,570651,51398.82,51358.59,40.23,99.9217297206434,10.102464170844328,0.2032993896444587,10441.17,38.93508582006108,4941245.50151802,126.1960858200595,16015525.02669102,593.8660858200628,75367449.77586634,4111.2,4111.2,6329.969999999999,2019,M1_fixed,FINBIN_state,1.15,0.85,False,31109,Lancaster
8,331732,331187,29855.879999999997,29806.829999999998,49.05,99.83571075446444,10.252044167479152,0.18235921095936736,5435.55,47.72803827366851,3515374.3413833315,134.98903827367144,9942520.553522905,602.6590382736746,44388418.13699357,2280.33,2280.33,3155.22,2019,M1_fixed,FINBIN_state,1.15,0.85,False,31127,Nemaha
9,533913,533339,48052.17,48000.509999999995,51.66,99.89249184792278,10.263552213114838,0.1832605528566259,8796.6,48.40453045434184,5741350.583278206,135.66553045434077,16091538.64511684,603.3355304543543,71562739.4207242,3257.73,3257.73,5538.87,2019,M1_fixed,FINBIN_state,1.15,0.85,False,31131,Otoe
10,239783,239542,21580.469999999998,21558.78,21.689999999999998,99.8994924577639,9.861734341934243,0.3335490227183542,7190.91,24.783956074158564,1320313.351308799,112.0449560741586,5968960.363263638,579.7149560741509,30883100.105884995,4077.72,4077.72,3113.19,2019,M1_fixed,FINBIN_state,1.15,0.85,False,31133,Pawnee
11,380407,379298,34236.63,34136.82,99.81,99.70847013856212,10.327396086578178,0.15018270594624808,5126.76,52.15754660922082,4399693.476608826,139.41854660922377,11760500.827054698,607.0885466092224,51210298.25755508,2275.11,2275.11,2851.65,2019,M1_fixed,FINBIN_state,1.15,0.85,False,31147,Richardson
12,103025,102936,9272.25,9264.24,8.01,99.91361320067945,9.971861385551932,0.27462695266961995,2544.21,31.25769507784826,715564.7713250706,118.51869507784934,2713181.59352155,586.1886950778498,13419286.94684797,1029.69,1029.69,1514.52,2019,M1_fixed,FINBIN_state,1.15,0.85,False,31151,Saline
14,343472,343168,30912.48,30885.12,27.36,99.91149205757675,9.86162725580333,0.3683735080193957,11377.26,24.777661093019688,1891001.2026653613,112.03866109301673,8550655.450348286,579.7086610930259,44242665.64979637,4097.07,4097.07,7280.19,2019,M1_fixed,FINBIN_state,1.15,0.85,False,31155,Saunders
15,32027,32019,2882.43,2881.71,0.72,99.97502107596715,9.722183733252427,0.27677316593272744,797.5799999999999,16.58057397349696,118067.95408083595,103.84157397349695,739441.3611484143,571.5115739734987,4069654.185701141,402.3,402.3,395.28,2019,M1_fixed,FINBIN_state,1.15,0.85,False,31159,Seward
1,56626,56584,5096.34,5092.5599999999995,3.78,99.92582912443048,9.324231874271986,0.36644634525660963,1866.1499999999999,-104.74173966176454,-1318068.9850508187,-2.0817396617625086,-26196.590699944078,548.1182603382383,6897514.605207305,4680.45,1866.1499999999999,2814.2999999999997,2019,M1_fixed,FINBIN_state,1.15,1.0,False,31023,Butler
2,384550,384318,34609.5,34588.619999999995,20.88,99.93966974385646,10.313043749567733,0.13537226983903955,4682.34,-46.61514519296032,-3984212.373830451,56.04485480704016,4790172.873803721,606.244854807047,51815954.70945887,30655.17,4682.34,25972.829999999998,2019,M1_fixed,FINBIN_state,1.15,1.0,False,31025,Cass
4,583555,583020,52519.95,52471.799999999996,48.15,99.90832055247577,9.834192919838282,0.3844910980755377,20174.94,-74.76404660295665,-9693954.247614428,27.895953397044448,3617007.2141846702,578.0959533970455,74956292.19647378,48403.89,20174.94,28228.95,2019,M1_fixed,FINBIN_state,1.15,1.0,False,31067,Gage
5,133263,133156,11993.67,11984.039999999999,9.629999999999999,99.91970764578315,9.852270107511867,0.384766739763886,4611.0599999999995,-73.70139213521473,-2182534.637293335,28.958607864785545,857557.2710585338,579.1586078647806,17150744.179057546,11348.46,4611.0599999999995,6737.4,2019,M1_fixed,FINBIN_state,1.15,1.0,False,31095,Jefferson
6,232775,232584,20949.75,20932.559999999998,17.189999999999998,99.91794651487488,10.010417275489784,0.24822859698001581,5196.0599999999995,-64.40482467976011,-3331370.615068746,38.255175320240895,1978767.3915709553,588.4551753202397,30438127.719382457,17900.19,5196.0599999999995,12704.13,2019,M1_fixed,FINBIN_state,1.15,1.0,False,31097,Johnson
7,571098,570651,51398.82,51358.59,40.23,99.9217297206434,10.102464170844328,0.2032993896444587,10441.17,-58.99391417993638,-7486908.193954854,43.66608582006271,5541655.953307621,593.8660858200628,75367449.77586634,45764.28,10441.17,35323.11,2019,M1_fixed,FINBIN_state,1.15,1.0,False,31109,Lancaster
8,331732,331187,29855.879999999997,29806.829999999998,49.05,99.83571075446444,10.252044167479152,0.18235921095936736,5435.55,-50.20096172633052,-3697515.7401947957,52.459038273669144,3863832.7446750123,602.6590382736746,44388418.13699357,26141.219999999998,5435.55,20705.67,2019,M1_fixed,FINBIN_state,1.15,1.0,False,31127,Nemaha
9,533913,533339,48052.17,48000.509999999995,51.66,99.89249184792278,10.263552213114838,0.1832605528566259,8796.6,-49.52446954565564,-5874188.623329349,53.13553045434399,6302503.214127973,603.3355304543543,71562739.4207242,41598.63,8796.6,32802.03,2019,M1_fixed,FINBIN_state,1.15,1.0,False,31131,Otoe
10,239783,239542,21580.469999999998,21558.78,21.689999999999998,99.8994924577639,9.861734341934243,0.3335490227183542,7190.91,-73.14504392584274,-3896649.0171459652,29.514956074158377,1572347.4675068425,579.7149560741509,30883100.105884995,18561.96,7190.91,11371.05,2019,M1_fixed,FINBIN_state,1.15,1.0,False,31133,Pawnee
11,380407,379298,34236.63,34136.82,99.81,99.70847013856212,10.327396086578178,0.15018270594624808,5126.76,-45.77145339077697,-3861001.4847344216,56.88854660922241,4798771.868730965,607.0885466092224,51210298.25755508,28831.41,5126.76,23704.649999999998,2019,M1_fixed,FINBIN_state,1.15,1.0,False,31147,Richardson
12,103025,102936,9272.25,9264.24,8.01,99.91361320067945,9.971861385551932,0.27462695266961995,2544.21,-66.67130492215166,-1526268.5537671973,35.98869507784788,823868.8841109734,586.1886950778498,13419286.94684797,8460.72,2544.21,5916.51,2019,M1_fixed,FINBIN_state,1.15,1.0,False,31151,Saline
14,343472,343168,30912.48,30885.12,27.36,99.91149205757675,9.86162725580333,0.3683735080193957,11377.26,-73.15133890698239,-5582821.935063716,29.508661093019217,2252065.4151518773,579.7086610930259,44242665.64979637,29078.64,11377.26,17701.38,2019,M1_fixed,FINBIN_state,1.15,1.0,False,31155,Saunders
15,32027,32019,2882.43,2881.71,0.72,99.97502107596715,9.722183733252427,0.27677316593272744,797.5799999999999,-81.34842602650417,-579270.7926756945,21.31157397349673,151756.74505087492,571.5115739734987,4069654.185701141,2585.43,797.5799999999999,1787.85,2019,M1_fixed,FINBIN_state,1.15,1.0,False,31159,Seward
1,56626,56584,5096.34,5092.5599999999995,3.78,99.92582912443048,9.324231874271986,0.36644634525660963,1866.1499999999999,-202.67073966176378,-2550406.5235895226,-84.61173966176275,-1064753.2700860333,548.1182603382383,6897514.605207305,5089.139999999999,1866.1499999999999,3222.99,2019,M1_fixed,FINBIN_state,1.15,1.15,False,31023,Butler
2,384550,384318,34609.5,34588.619999999995,20.88,99.93966974385646,10.313043749567733,0.13537226983903955,4682.34,-144.54414519295582,-12354237.43632337,-26.48514519295901,-2263694.4015443944,606.244854807047,51815954.70945887,34352.369999999995,4682.34,29670.03,2019,M1_fixed,FINBIN_state,1.15,1.15,False,31025,Cass
4,583555,583020,52519.95,52471.799999999996,48.15,99.90832055247577,9.834192919838282,0.3844910980755377,20174.94,-172.6930466029558,-22391491.214227505,-54.634046602955934,-7083885.533158724,578.0959533970455,74956292.19647378,52293.6,20174.94,32118.66,2019,M1_fixed,FINBIN_state,1.15,1.15,False,31067,Gage
5,133263,133156,11993.67,11984.039999999999,9.629999999999999,99.91970764578315,9.852270107511867,0.384766739763886,4611.0599999999995,-171.6303921352152,-5082526.459746001,-53.57139213521394,-1586420.7651413246,579.1586078647806,17150744.179057546,11951.189999999999,4611.0599999999995,7340.13,2019,M1_fixed,FINBIN_state,1.15,1.15,False,31095,Jefferson
6,232775,232584,20949.75,20932.559999999998,17.189999999999998,99.91794651487488,10.010417275489784,0.24822859698001581,5196.0599999999995,-162.33382467975875,-8396795.365236357,-44.274824679759135,-2290136.6576007805,588.4551753202397,30438127.719382457,20825.19,5196.0599999999995,15629.13,2019,M1_fixed,FINBIN_state,1.15,1.15,False,31097,Johnson
7,571098,570651,51398.82,51358.59,40.23,99.9217297206434,10.102464170844328,0.2032993896444587,10441.17,-156.92291417993727,-19915061.88942816,-38.863914179937034,-4932213.120076153,593.8660858200628,75367449.77586634,51109.11,10441.17,40667.939999999995,2019,M1_fixed,FINBIN_state,1.15,1.15,False,31109,Lancaster
8,331732,331187,29855.879999999997,29806.829999999998,49.05,99.83571075446444,10.252044167479152,0.18235921095936736,5435.55,-148.12996172633115,-10910405.821773041,-30.07096172633026,-2214855.064172668,602.6590382736746,44388418.13699357,29616.03,5435.55,24180.48,2019,M1_fixed,FINBIN_state,1.15,1.15,False,31127,Nemaha
9,533913,533339,48052.17,48000.509999999995,51.66,99.89249184792278,10.263552213114838,0.1832605528566259,8796.6,-147.45346954565517,-17489727.829937145,-29.39446954565819,-3486532.216861535,603.3355304543543,71562739.4207242,47655.99,8796.6,38859.39,2019,M1_fixed,FINBIN_state,1.15,1.15,False,31131,Otoe
10,239783,239542,21580.469999999998,21558.78,21.689999999999998,99.8994924577639,9.861734341934243,0.3335490227183542,7190.91,-171.07404392584328,-9113611.385600688,-53.01504392584261,-2824265.428249993,579.7149560741509,30883100.105884995,21417.93,7190.91,14227.019999999999,2019,M1_fixed,FINBIN_state,1.15,1.15,False,31133,Pawnee
11,380407,379298,34236.63,34136.82,99.81,99.70847013856212,10.327396086578178,0.15018270594624808,5126.76,-143.70045339077794,-12121696.446077935,-25.641453390779077,-2162957.0895927786,607.0885466092224,51210298.25755508,33718.77,5126.76,28592.01,2019,M1_fixed,FINBIN_state,1.15,1.15,False,31147,Richardson
12,103025,102936,9272.25,9264.24,8.01,99.91361320067945,9.971861385551932,0.27462695266961995,2544.21,-164.6003049221498,-3768101.878859425,-46.541304922151646,-1065443.8252995582,586.1886950778498,13419286.94684797,9246.69,2544.21,6702.48,2019,M1_fixed,FINBIN_state,1.15,1.15,False,31151,Saline
14,343472,343168,30912.48,30885.12,27.36,99.91149205757675,9.86162725580333,0.3683735080193957,11377.26,-171.08033890698277,-13056645.072792664,-53.0213389069793,-4046524.620044609,579.7086610930259,44242665.64979637,30841.02,11377.26,19463.76,2019,M1_fixed,FINBIN_state,1.15,1.15,False,31155,Saunders
15,32027,32019,2882.43,2881.71,0.72,99.97502107596715,9.722183733252427,0.27677316593272744,797.5799999999999,-179.2774260265035,-1276609.539432212,-61.21842602650342,-435927.8710466641,571.5115739734987,4069654.185701141,2877.48,797.5799999999999,2079.9,2019,M1_fixed,FINBIN_state,1.15,1.15,False,31159,Seward
1,56626,56584,5096.34,5092.5599999999995,3.78,99.92582912443048,8.985614505786463,0.36644634525660963,1866.1499999999999,-52.36702232675676,-658986.0755726829,119.62197767324412,1505321.7486237844,428.3249776732423,5390037.156312152,3822.66,1866.1499999999999,1956.51,2019,M2_HI_sensitivity,UNL,0.85,0.85,False,31023,Butler
2,384550,384318,34609.5,34588.619999999995,20.88,99.93966974385646,9.938516841615968,0.13537226983903955,4682.34,-6.944211070373739,-593524.0909053667,165.04478892962618,14106434.455318537,473.7477889296205,40491385.25504919,23099.309999999998,4682.34,18416.969999999998,2019,M2_HI_sensitivity,UNL,0.85,0.85,False,31025,Cass
4,583555,583020,52519.95,52471.799999999996,48.15,99.90832055247577,9.477055884876904,0.3844910980755377,20174.94,-28.941065471934525,-3752517.1163093788,143.04793452806626,18547686.963695988,451.75093452805413,58574315.99293388,39050.1,20174.94,18875.16,2019,M2_HI_sensitivity,UNL,0.85,0.85,False,31067,Gage
5,133263,133156,11993.67,11984.039999999999,9.629999999999999,99.91970764578315,9.494476583564145,0.384766739763886,4611.0599999999995,-28.110658116770423,-832446.7590029156,143.87834188322924,4260699.229946307,452.58134188322447,13402385.304210186,9282.6,4611.0599999999995,4671.54,2019,M2_HI_sensitivity,UNL,0.85,0.85,False,31095,Jefferson
6,232775,232584,20949.75,20932.559999999998,17.189999999999998,99.91794651487488,9.646880503937757,0.24822859698001581,5196.0599999999995,-20.845889997762242,-1078263.7128321314,151.14311000223367,7817950.25194407,459.8461100022289,23785761.795521453,11897.46,5196.0599999999995,6701.4,2019,M2_HI_sensitivity,UNL,0.85,0.85,False,31097,Johnson
7,571098,570651,51398.82,51358.59,40.23,99.9217297206434,9.735584637814965,0.2032993896444587,10441.17,-16.617554124015385,-2108931.1306774053,155.3714458759832,19718165.295618396,464.07444587599446,58895613.55153648,34493.31,10441.17,24052.14,2019,M2_HI_sensitivity,UNL,0.85,0.85,False,31109,Lancaster
8,331732,331187,29855.879999999997,29806.829999999998,49.05,99.83571075446444,9.879732510275907,0.18235921095936736,5435.55,-9.746334107429615,-717859.2308225998,162.2426658925714,11949866.899747103,470.9456658925608,34687164.39950058,18054.09,5435.55,12618.539999999999,2019,M2_HI_sensitivity,UNL,0.85,0.85,False,31127,Nemaha
9,533913,533339,48052.17,48000.509999999995,51.66,99.89249184792278,9.890822632596072,0.1832605528566259,8796.6,-9.217691754464523,-1093327.410352486,162.77130824553745,19306604.91414078,471.47430824552936,55922436.78924795,28752.48,8796.6,19955.88,2019,M2_HI_sensitivity,UNL,0.85,0.85,False,31131,Otoe
10,239783,239542,21580.469999999998,21558.78,21.689999999999998,99.8994924577639,9.50359711617916,0.3335490227183542,7190.91,-27.675901882104984,-1474375.7072163115,144.31309811789563,7687978.04691329,453.01609811790416,24133483.811590903,13626.539999999999,7190.91,6435.63,2019,M2_HI_sensitivity,UNL,0.85,0.85,False,31133,Pawnee
11,380407,379298,34236.63,34136.82,99.81,99.70847013856212,9.952347961832174,0.15018270594624808,5126.76,-6.284911224604879,-530156.8941333448,165.70408877539654,13977789.329217324,474.407088775404,40018097.27325498,18953.46,5126.76,13826.699999999999,2019,M2_HI_sensitivity,UNL,0.85,0.85,False,31147,Richardson
12,103025,102936,9272.25,9264.24,8.01,99.91361320067945,9.6097248032454,0.27462695266961995,2544.21,-22.617022585214567,-517758.7328155963,149.3719774147863,3419488.37222271,458.07497741478704,10486451.91679031,6617.5199999999995,2544.21,4073.31,2019,M2_HI_sensitivity,UNL,0.85,0.85,False,31151,Saline
14,343472,343168,30912.48,30885.12,27.36,99.91149205757675,9.503493919504159,0.3683735080193957,11377.26,-27.680821046341705,-2112566.867909223,144.308178953655,11013426.123286791,453.01117895366,34573266.66170103,25381.35,11377.26,14004.09,2019,M2_HI_sensitivity,UNL,0.85,0.85,False,31155,Saunders
15,32027,32019,2882.43,2881.71,0.72,99.97502107596715,9.369114406707752,0.27677316593272744,797.5799999999999,-34.08640430179867,-242724.5295801286,137.902595698203,981985.1449382334,446.60559569820236,3180216.1402509427,1994.1299999999999,797.5799999999999,1196.55,2019,M2_HI_sensitivity,UNL,0.85,0.85,False,31159,Seward
1,56626,56584,5096.34,5092.5599999999995,3.78,99.92582912443048,8.985614505786463,0.36644634525660963,1866.1499999999999,-137.19502232675413,-1726460.7635523288,65.14497767324355,819783.7355022965,428.3249776732423,5390037.156312152,5060.429999999999,1866.1499999999999,3194.2799999999997,2019,M2_HI_sensitivity,UNL,0.85,1.0,False,31023,Butler
2,384550,384318,34609.5,34588.619999999995,20.88,99.93966974385646,9.938516841615968,0.13537226983903955,4682.34,-91.7722110703748,-7843802.210779878,110.56778892962286,9450266.667130403,473.7477889296205,40491385.25504919,34006.77,4682.34,29324.43,2019,M2_HI_sensitivity,UNL,0.85,1.0,False,31025,Cass
4,583555,583020,52519.95,52471.799999999996,48.15,99.90832055247577,9.477055884876904,0.3844910980755377,20174.94,-113.76906547193298,-14751370.0179406,88.5709345280664,11484164.193830218,451.75093452805413,58574315.99293388,52029.81,20174.94,31854.87,2019,M2_HI_sensitivity,UNL,0.85,1.0,False,31067,Gage
5,133263,133156,11993.67,11984.039999999999,9.629999999999999,99.91970764578315,9.494476583564145,0.384766739763886,4611.0599999999995,-112.93865811677094,-3344475.9466287987,89.40134188322894,2647460.5109585286,452.58134188322447,13402385.304210186,11922.48,4611.0599999999995,7311.42,2019,M2_HI_sensitivity,UNL,0.85,1.0,False,31095,Jefferson
6,232775,232584,20949.75,20932.559999999998,17.189999999999998,99.91794651487488,9.646880503937757,0.24822859698001581,5196.0599999999995,-105.67388999776279,-5466032.920188756,96.66611000223611,5000101.156018732,459.8461100022289,23785761.795521453,20648.07,5196.0599999999995,15452.01,2019,M2_HI_sensitivity,UNL,0.85,1.0,False,31097,Johnson
7,571098,570651,51398.82,51358.59,40.23,99.9217297206434,9.735584637814965,0.2032993896444587,10441.17,-101.44555412401667,-12874439.015773913,100.89444587598747,12804497.95633953,464.07444587599446,58895613.55153648,50702.759999999995,10441.17,40261.59,2019,M2_HI_sensitivity,UNL,0.85,1.0,False,31109,Lancaster
8,331732,331187,29855.879999999997,29806.829999999998,49.05,99.83571075446444,9.879732510275907,0.18235921095936736,5435.55,-94.57433410742992,-6965804.577350367,107.76566589257013,7937402.635084492,470.9456658925608,34687164.39950058,29346.48,5435.55,23910.93,2019,M2_HI_sensitivity,UNL,0.85,1.0,False,31127,Nemaha
9,533913,533339,48052.17,48000.509999999995,51.66,99.89249184792278,9.890822632596072,0.1832605528566259,8796.6,-94.04569175446697,-11154932.857341217,108.2943082455382,12844987.524415907,471.47430824552936,55922436.78924795,47138.67,8796.6,38342.07,2019,M2_HI_sensitivity,UNL,0.85,1.0,False,31131,Otoe
10,239783,239542,21580.469999999998,21558.78,21.689999999999998,99.8994924577639,9.50359711617916,0.3335490227183542,7190.91,-112.50390188210655,-5993409.739946994,89.83609811789393,4785829.9707937,453.01609811790416,24133483.811590903,21210.39,7190.91,14019.48,2019,M2_HI_sensitivity,UNL,0.85,1.0,False,31133,Pawnee
11,380407,379298,34236.63,34136.82,99.81,99.70847013856212,9.952347961832174,0.15018270594624808,5126.76,-91.11291122460624,-7685731.15896656,111.22708877539266,9382440.86850458,474.407088775404,40018097.27325498,33220.17,5126.76,28093.41,2019,M2_HI_sensitivity,UNL,0.85,1.0,False,31147,Richardson
12,103025,102936,9272.25,9264.24,8.01,99.91361320067945,9.6097248032454,0.27462695266961995,2544.21,-107.44502258521504,-2459678.2592166434,94.89497741478614,2172377.1584754856,458.07497741478704,10486451.91679031,9206.19,2544.21,6661.98,2019,M2_HI_sensitivity,UNL,0.85,1.0,False,31151,Saline
14,343472,343168,30912.48,30885.12,27.36,99.91149205757675,9.503493919504159,0.3683735080193957,11377.26,-112.508821046342,-8586537.49078162,89.83117895365923,6855807.2047434915,453.01117895366,34573266.66170103,30738.149999999998,11377.26,19360.89,2019,M2_HI_sensitivity,UNL,0.85,1.0,False,31155,Saunders
15,32027,32019,2882.43,2881.71,0.72,99.97502107596715,9.369114406707752,0.27677316593272744,797.5799999999999,-118.91440430179945,-846772.8830797337,83.42559569820136,594062.0281183313,446.60559569820236,3180216.1402509427,2860.65,797.5799999999999,2063.0699999999997,2019,M2_HI_sensitivity,UNL,0.85,1.0,False,31159,Seward
1,56626,56584,5096.34,5092.5599999999995,3.78,99.92582912443048,8.985614505786463,0.36644634525660963,1866.1499999999999,-222.02302232675834,-2793935.4515320603,10.667977673243442,134245.7223808144,428.3249776732423,5390037.156312152,5092.5599999999995,1866.1499999999999,3226.41,2019,M2_HI_sensitivity,UNL,0.85,1.15,False,31023,Butler
2,384550,384318,34609.5,34588.619999999995,20.88,99.93966974385646,9.938516841615968,0.13537226983903955,4682.34,-176.60021107037065,-15094080.330653943,56.09078892962521,4794098.878942755,473.7477889296205,40491385.25504919,34574.49,4682.34,29892.149999999998,2019,M2_HI_sensitivity,UNL,0.85,1.15,False,31025,Cass
4,583555,583020,52519.95,52471.799999999996,48.15,99.90832055247577,9.477055884876904,0.3844910980755377,20174.94,-198.5970654719339,-25750222.91957214,34.0939345280676,4420641.423964587,451.75093452805413,58574315.99293388,52449.84,20174.94,32274.899999999998,2019,M2_HI_sensitivity,UNL,0.85,1.15,False,31067,Gage
5,133263,133156,11993.67,11984.039999999999,9.629999999999999,99.91970764578315,9.494476583564145,0.384766739763886,4611.0599999999995,-197.76665811677307,-5856505.13425473,34.92434188322836,1034221.7919707433,452.58134188322447,13402385.304210186,11984.039999999999,4611.0599999999995,7372.98,2019,M2_HI_sensitivity,UNL,0.85,1.15,False,31095,Jefferson
6,232775,232584,20949.75,20932.559999999998,17.189999999999998,99.91794651487488,9.646880503937757,0.24822859698001581,5196.0599999999995,-190.5018899977623,-9853802.127545327,42.18911000223776,2182252.0600933535,459.8461100022289,23785761.795521453,20926.71,5196.0599999999995,15730.65,2019,M2_HI_sensitivity,UNL,0.85,1.15,False,31097,Johnson
7,571098,570651,51398.82,51358.59,40.23,99.9217297206434,9.735584637814965,0.2032993896444587,10441.17,-186.27355412401513,-23639946.90087007,46.41744587598548,5890830.61705987,464.07444587599446,58895613.55153648,51353.82,10441.17,40912.65,2019,M2_HI_sensitivity,UNL,0.85,1.15,False,31109,Lancaster
8,331732,331187,29855.879999999997,29806.829999999998,49.05,99.83571075446444,9.879732510275907,0.18235921095936736,5435.55,-179.40233410742576,-13213749.923877804,53.2886658925703,3924938.370421987,470.9456658925608,34687164.39950058,29799.36,5435.55,24363.809999999998,2019,M2_HI_sensitivity,UNL,0.85,1.15,False,31127,Nemaha
9,533913,533339,48052.17,48000.509999999995,51.66,99.89249184792278,9.890822632596072,0.1832605528566259,8796.6,-178.87369175446537,-21216538.30432947,53.81730824553491,6383370.13469055,471.47430824552936,55922436.78924795,47985.39,8796.6,39188.79,2019,M2_HI_sensitivity,UNL,0.85,1.15,False,31131,Otoe
10,239783,239542,21580.469999999998,21558.78,21.689999999999998,99.8994924577639,9.50359711617916,0.3335490227183542,7190.91,-197.33190188210833,-10512443.772677688,35.35909811789551,1883681.894674286,453.01609811790416,24133483.811590903,21556.26,7190.91,14365.35,2019,M2_HI_sensitivity,UNL,0.85,1.15,False,31133,Pawnee
11,380407,379298,34236.63,34136.82,99.81,99.70847013856212,9.952347961832174,0.15018270594624808,5126.76,-175.94091122460236,-14841305.423799336,56.75008877539533,4787092.4077923875,474.407088775404,40018097.27325498,34112.43,5126.76,28985.67,2019,M2_HI_sensitivity,UNL,0.85,1.15,False,31147,Richardson
12,103025,102936,9272.25,9264.24,8.01,99.91361320067945,9.6097248032454,0.27462695266961995,2544.21,-192.27302258521442,-4401597.785617664,40.41797741478503,925265.9447282396,458.07497741478704,10486451.91679031,9264.24,2544.21,6720.03,2019,M2_HI_sensitivity,UNL,0.85,1.15,False,31151,Saline
14,343472,343168,30912.48,30885.12,27.36,99.91149205757675,9.503493919504159,0.3683735080193957,11377.26,-197.33682104633954,-15060508.113653805,35.354178953659165,2698188.286199866,453.01117895366,34573266.66170103,30882.6,11377.26,19505.34,2019,M2_HI_sensitivity,UNL,0.85,1.15,False,31155,Saunders
15,32027,32019,2882.43,2881.71,0.72,99.97502107596715,9.369114406707752,0.27677316593272744,797.5799999999999,-203.742404301799,-1450821.23657933,28.94859569820149,206138.91129844156,446.60559569820236,3180216.1402509427,2881.71,797.5799999999999,2084.13,2019,M2_HI_sensitivity,UNL,0.85,1.15,False,31159,Seward
1,56626,56584,5096.34,5092.5599999999995,3.78,99.92582912443048,8.985614505786463,0.36644634525660963,1866.1499999999999,23.219738439110056,292196.9520118211,195.20873843910974,2456504.7762082736,503.91173843910354,6341220.183896586,787.14,787.14,1079.01,2019,M2_HI_sensitivity,UNL,1.0,0.85,False,31023,Butler
2,384550,384318,34609.5,34588.619999999995,20.88,99.93966974385646,9.938516841615968,0.13537226983903955,4682.34,76.65833991720557,6552014.483515012,248.64733991721323,21251973.029739577,557.3503399172143,47636923.82947082,577.98,577.98,4104.36,2019,M2_HI_sensitivity,UNL,1.0,0.85,False,31025,Cass
4,583555,583020,52519.95,52471.799999999996,48.15,99.90832055247577,9.477055884876904,0.3844910980755377,20174.94,50.779687680079746,6584126.882444269,222.76868768007782,28884330.962449282,531.4716876800728,68910959.99168809,4379.58,4379.58,15795.359999999999,2019,M2_HI_sensitivity,UNL,1.0,0.85,False,31067,Gage
5,133263,133156,11993.67,11984.039999999999,9.629999999999999,99.91970764578315,9.494476583564145,0.384766739763886,4611.0599999999995,51.75663750968133,1532680.0593871283,223.74563750967965,6625826.048336311,532.4486375096809,15767512.122600367,751.86,751.86,3859.2,2019,M2_HI_sensitivity,UNL,1.0,0.85,False,31095,Jefferson
6,232775,232584,20949.75,20932.559999999998,17.189999999999998,99.91794651487488,9.646880503937757,0.24822859698001581,5196.0599999999995,60.303423532046416,3119223.6628483096,232.29242353204395,12015437.627624596,540.9954235320537,27983249.171202727,1826.01,1826.01,3370.0499999999997,2019,M2_HI_sensitivity,UNL,1.0,0.85,False,31097,Johnson
7,571098,570651,51398.82,51358.59,40.23,99.9217297206434,9.735584637814965,0.2032993896444587,10441.17,65.27793632468673,8284412.437240443,237.26693632468815,30111508.863536604,545.9699363246817,69288957.11945245,2491.92,2491.92,7949.25,2019,M2_HI_sensitivity,UNL,1.0,0.85,False,31109,Lancaster
8,331732,331187,29855.879999999997,29806.829999999998,49.05,99.83571075446444,9.879732510275907,0.18235921095936736,5435.55,73.36172457949856,5403405.074972038,245.3507245794952,18071131.205541417,554.0537245794931,40808428.705295525,1039.5,1039.5,4396.05,2019,M2_HI_sensitivity,UNL,1.0,0.85,False,31127,Nemaha
9,533913,533339,48052.17,48000.509999999995,51.66,99.89249184792278,9.890822632596072,0.1832605528566259,8796.6,73.98365675945581,8775337.905397557,245.97265675944948,29175270.229889836,554.6756567594371,65791102.1049965,1660.05,1660.05,7136.55,2019,M2_HI_sensitivity,UNL,1.0,0.85,False,31131,Otoe
10,239783,239542,21580.469999999998,21558.78,21.689999999999998,99.8994924577639,9.50359711617916,0.3335490227183542,7190.91,52.26811543281696,2784474.37718196,224.25711543281895,11946828.131311635,532.9601154328025,28392333.895987917,2214.45,2214.45,4976.46,2019,M2_HI_sensitivity,UNL,1.0,0.85,False,31133,Pawnee
11,380407,379298,34236.63,34136.82,99.81,99.70847013856212,9.952347961832174,0.15018270594624808,5126.76,77.43398679458228,6531860.271735031,249.42298679458312,21039806.495085653,558.1259867945831,47080114.439122684,1407.4199999999998,1407.4199999999998,3719.3399999999997,2019,M2_HI_sensitivity,UNL,1.0,0.85,False,31147,Richardson
12,103025,102936,9272.25,9264.24,8.01,99.91361320067945,9.6097248032454,0.27462695266961995,2544.21,58.21973813504203,1332791.6054415188,230.20873813503917,5270038.710479741,538.9117381350403,12337002.255047351,489.69,489.69,2054.52,2019,M2_HI_sensitivity,UNL,1.0,0.85,False,31151,Saline
14,343472,343168,30912.48,30885.12,27.36,99.91149205757675,9.503493919504159,0.3683735080193957,11377.26,52.26232818077488,3988597.83709685,224.2513281807834,17114590.828293763,532.9543281807867,40674431.36670787,1530.36,1530.36,9846.9,2019,M2_HI_sensitivity,UNL,1.0,0.85,False,31155,Saunders
15,32027,32019,2882.43,2881.71,0.72,99.97502107596715,9.369114406707752,0.27677316593272744,797.5799999999999,44.72634788023703,318490.08340533165,216.71534788023655,1543199.7579236785,525.4183478802399,3741430.7532364163,301.68,301.68,495.9,2019,M2_HI_sensitivity,UNL,1.0,0.85,False,31159,Seward
1,56626,56584,5096.34,5092.5599999999995,3.78,99.92582912443048,8.985614505786463,0.36644634525660963,1866.1499999999999,-61.60826156088975,-775277.7359678553,140.73173843910976,1770966.763086793,503.91173843910354,6341220.183896586,3822.66,1866.1499999999999,1956.51,2019,M2_HI_sensitivity,UNL,1.0,1.0,False,31023,Butler
2,384550,384318,34609.5,34588.619999999995,20.88,99.93966974385646,9.938516841615968,0.13537226983903955,4682.34,-8.16966008279258,-698263.6363592504,194.17033991720967,16595805.241551423,557.3503399172143,47636923.82947082,23099.309999999998,4682.34,18416.969999999998,2019,M2_HI_sensitivity,UNL,1.0,1.0,False,31025,Cass
4,583555,583020,52519.95,52471.799999999996,48.15,99.90832055247577,9.477055884876904,0.3844910980755377,20174.94,-34.04831231992281,-4414726.019187483,168.2916876800829,21820808.192584157,531.4716876800728,68910959.99168809,39050.1,20174.94,18875.16,2019,M2_HI_sensitivity,UNL,1.0,1.0,False,31067,Gage
5,133263,133156,11993.67,11984.039999999999,9.629999999999999,99.91970764578315,9.494476583564145,0.384766739763886,4611.0599999999995,-33.07136249031873,-979349.1282387414,169.26863750968033,5012587.329348562,532.4486375096809,15767512.122600367,9282.6,4611.0599999999995,4671.54,2019,M2_HI_sensitivity,UNL,1.0,1.0,False,31095,Jefferson
6,232775,232584,20949.75,20932.559999999998,17.189999999999998,99.91794651487488,9.646880503937757,0.24822859698001581,5196.0599999999995,-24.524576467955328,-1268545.5445083766,177.81542353204154,9197588.531699007,540.9954235320537,27983249.171202727,11897.46,5196.0599999999995,6701.4,2019,M2_HI_sensitivity,UNL,1.0,1.0,False,31097,Johnson
7,571098,570651,51398.82,51358.59,40.23,99.9217297206434,9.735584637814965,0.2032993896444587,10441.17,-19.550063675311645,-2481095.447855698,182.78993632468848,23197841.52425724,545.9699363246817,69288957.11945245,34493.31,10441.17,24052.14,2019,M2_HI_sensitivity,UNL,1.0,1.0,False,31109,Lancaster
8,331732,331187,29855.879999999997,29806.829999999998,49.05,99.83571075446444,9.879732510275907,0.18235921095936736,5435.55,-11.466275420505168,-844540.2715559807,190.87372457949436,14058666.94087884,554.0537245794931,40808428.705295525,18054.09,5435.55,12618.539999999999,2019,M2_HI_sensitivity,UNL,1.0,1.0,False,31127,Nemaha
9,533913,533339,48052.17,48000.509999999995,51.66,99.89249184792278,9.890822632596072,0.1832605528566259,8796.6,-10.844343240545776,-1286267.5415910746,191.4956567594504,22713652.84016498,554.6756567594371,65791102.1049965,28752.48,8796.6,19955.88,2019,M2_HI_sensitivity,UNL,1.0,1.0,False,31131,Otoe
10,239783,239542,21580.469999999998,21558.78,21.689999999999998,99.8994924577639,9.50359711617916,0.3335490227183542,7190.91,-32.55988456718219,-1734559.6555485937,169.7801154328201,9044680.055192199,532.9601154328025,28392333.895987917,13626.539999999999,7190.91,6435.63,2019,M2_HI_sensitivity,UNL,1.0,1.0,False,31133,Pawnee
11,380407,379298,34236.63,34136.82,99.81,99.70847013856212,9.952347961832174,0.15018270594624808,5126.76,-7.3940132054173695,-623713.9930980413,194.94598679458124,16444458.034373075,558.1259867945831,47080114.439122684,18953.46,5126.76,13826.699999999999,2019,M2_HI_sensitivity,UNL,1.0,1.0,False,31147,Richardson
12,103025,102936,9272.25,9264.24,8.01,99.91361320067945,9.6097248032454,0.27462695266961995,2544.21,-26.60826186495871,-609127.9209595342,175.73173813504158,4022927.4967325744,538.9117381350403,12337002.255047351,6617.5199999999995,2544.21,4073.31,2019,M2_HI_sensitivity,UNL,1.0,1.0,False,31151,Saline
14,343472,343168,30912.48,30885.12,27.36,99.91149205757675,9.503493919504159,0.3683735080193957,11377.26,-32.56567181922418,-2485372.785775453,169.7743281807778,12956971.909749715,532.9543281807867,40674431.36670787,25381.35,11377.26,14004.09,2019,M2_HI_sensitivity,UNL,1.0,1.0,False,31155,Saunders
15,32027,32019,2882.43,2881.71,0.72,99.97502107596715,9.369114406707752,0.27677316593272744,797.5799999999999,-40.10165211976311,-285558.2700942687,162.23834788023748,1155276.6411037946,525.4183478802399,3741430.7532364163,1994.1299999999999,797.5799999999999,1196.55,2019,M2_HI_sensitivity,UNL,1.0,1.0,False,31159,Seward
1,56626,56584,5096.34,5092.5599999999995,3.78,99.92582912443048,8.985614505786463,0.36644634525660963,1866.1499999999999,-146.43626156088968,-1842752.4239475331,86.25473843910962,1085428.7499653103,503.91173843910354,6341220.183896586,5024.61,1866.1499999999999,3158.46,2019,M2_HI_sensitivity,UNL,1.0,1.15,False,31023,Butler
2,384550,384318,34609.5,34588.619999999995,20.88,99.93966974385646,9.938516841615968,0.13537226983903955,4682.34,-92.99766008279211,-7948541.756233631,139.69333991720885,11939637.453363502,557.3503399172143,47636923.82947082,33642.72,4682.34,28960.379999999997,2019,M2_HI_sensitivity,UNL,1.0,1.15,False,31025,Cass
4,583555,583020,52519.95,52471.799999999996,48.15,99.90832055247577,9.477055884876904,0.3844910980755377,20174.94,-118.87631231992353,-15413578.920819,113.8146876800777,14757285.422717696,531.4716876800728,68910959.99168809,51725.61,20174.94,31550.67,2019,M2_HI_sensitivity,UNL,1.0,1.15,False,31067,Gage
5,133263,133156,11993.67,11984.039999999999,9.629999999999999,99.91970764578315,9.494476583564145,0.384766739763886,4611.0599999999995,-117.89936249031787,-3491378.315864584,114.79163750968227,3399348.610360851,532.4486375096809,15767512.122600367,11884.5,4611.0599999999995,7273.44,2019,M2_HI_sensitivity,UNL,1.0,1.15,False,31095,Jefferson
6,232775,232584,20949.75,20932.559999999998,17.189999999999998,99.91794651487488,9.646880503937757,0.24822859698001581,5196.0599999999995,-109.35257646795657,-5656314.751865037,123.33842353204491,6379739.435773717,540.9954235320537,27983249.171202727,20415.69,5196.0599999999995,15219.63,2019,M2_HI_sensitivity,UNL,1.0,1.15,False,31097,Johnson
7,571098,570651,51398.82,51358.59,40.23,99.9217297206434,9.735584637814965,0.2032993896444587,10441.17,-104.378063675309,-13246603.33295171,128.31293632468666,16284174.1849776,545.9699363246817,69288957.11945245,50203.35,10441.17,39762.18,2019,M2_HI_sensitivity,UNL,1.0,1.15,False,31109,Lancaster
8,331732,331187,29855.879999999997,29806.829999999998,49.05,99.83571075446444,9.879732510275907,0.18235921095936736,5435.55,-96.29427542050664,-7092485.618083834,136.3967245794982,10046202.676216604,554.0537245794931,40808428.705295525,29039.129999999997,5435.55,23603.579999999998,2019,M2_HI_sensitivity,UNL,1.0,1.15,False,31127,Nemaha
9,533913,533339,48052.17,48000.509999999995,51.66,99.89249184792278,9.890822632596072,0.1832605528566259,8796.6,-95.67234324054834,-11347872.988579819,137.01865675945564,16252035.450440634,554.6756567594371,65791102.1049965,46570.14,8796.6,37773.54,2019,M2_HI_sensitivity,UNL,1.0,1.15,False,31131,Otoe
10,239783,239542,21580.469999999998,21558.78,21.689999999999998,99.8994924577639,9.50359711617916,0.3335490227183542,7190.91,-117.38788456718193,-6253593.68827918,115.30311543281799,6142531.979072585,532.9601154328025,28392333.895987917,20975.309999999998,7190.91,13784.4,2019,M2_HI_sensitivity,UNL,1.0,1.15,False,31133,Pawnee
11,380407,379298,34236.63,34136.82,99.81,99.70847013856212,9.952347961832174,0.15018270594624808,5126.76,-92.22201320542192,-7779288.257931527,140.46898679458528,11849109.573661,558.1259867945831,47080114.439122684,32744.07,5126.76,27617.309999999998,2019,M2_HI_sensitivity,UNL,1.0,1.15,False,31147,Richardson
12,103025,102936,9272.25,9264.24,8.01,99.91361320067945,9.6097248032454,0.27462695266961995,2544.21,-111.43626186495746,-2551047.4473605417,121.2547381350412,2775816.2829853445,538.9117381350403,12337002.255047351,9147.6,2544.21,6603.389999999999,2019,M2_HI_sensitivity,UNL,1.0,1.15,False,31151,Saline
14,343472,343168,30912.48,30885.12,27.36,99.91149205757675,9.503493919504159,0.3683735080193957,11377.26,-117.39367181922661,-8959343.408648012,115.29732818077335,8799352.991205756,532.9543281807867,40674431.36670787,30598.02,11377.26,19220.76,2019,M2_HI_sensitivity,UNL,1.0,1.15,False,31155,Saunders
15,32027,32019,2882.43,2881.71,0.72,99.97502107596715,9.369114406707752,0.27677316593272744,797.5799999999999,-124.92965211976255,-889606.6235938643,107.76134788023683,767353.5242838992,525.4183478802399,3741430.7532364163,2838.5099999999998,797.5799999999999,2040.9299999999998,2019,M2_HI_sensitivity,UNL,1.0,1.15,False,31159,Seward
1,56626,56584,5096.34,5092.5599999999995,3.78,99.92582912443048,8.985614505786463,0.36644634525660963,1866.1499999999999,98.80649920497616,1243379.9795963163,270.7954992049775,3407687.8037927886,579.4984992049742,7292403.211481139,764.37,764.37,1101.78,2019,M2_HI_sensitivity,UNL,1.15,0.85,False,31023,Butler
2,384550,384318,34609.5,34588.619999999995,20.88,99.93966974385646,9.938516841615968,0.13537226983903955,4682.34,160.26089090478806,13697553.057935663,332.2498909047943,28397511.604160108,640.9528909047924,54782462.40389109,496.62,496.62,4185.72,2019,M2_HI_sensitivity,UNL,1.15,0.85,False,31025,Cass
4,583555,583020,52519.95,52471.799999999996,48.15,99.90832055247577,9.477055884876904,0.3844910980755377,20174.94,130.50044083208977,16920770.881197367,302.4894408320868,39220974.96120225,611.1924408320883,79247603.9904419,2527.83,2527.83,17647.11,2019,M2_HI_sensitivity,UNL,1.15,0.85,False,31067,Gage
5,133263,133156,11993.67,11984.039999999999,9.629999999999999,99.91970764578315,9.494476583564145,0.384766739763886,4611.0599999999995,131.6239331361321,3897806.8777771434,303.61293313613453,8990952.866726447,612.3159331361398,18132638.940990623,441.09,441.09,4169.97,2019,M2_HI_sensitivity,UNL,1.15,0.85,False,31095,Jefferson
6,232775,232584,20949.75,20932.559999999998,17.189999999999998,99.91794651487488,9.646880503937757,0.24822859698001581,5196.0599999999995,141.45273706185301,7316711.038528644,313.4417370618573,16212925.003305277,622.1447370618574,32180736.54688292,1529.46,1529.46,3666.6,2019,M2_HI_sensitivity,UNL,1.15,0.85,False,31097,Johnson
7,571098,570651,51398.82,51358.59,40.23,99.9217297206434,9.735584637814965,0.2032993896444587,10441.17,147.17342677339064,18677756.005158518,319.1624267734001,40504852.4314557,627.8654267733718,79682300.68736877,2210.67,2210.67,8230.5,2019,M2_HI_sensitivity,UNL,1.15,0.85,False,31109,Lancaster
8,331732,331187,29855.879999999997,29806.829999999998,49.05,99.83571075446444,9.879732510275907,0.18235921095936736,5435.55,156.46978326641792,11524669.380766029,328.458783266423,24192395.511336025,637.1617832664034,46929693.01108885,805.77,805.77,4629.78,2019,M2_HI_sensitivity,UNL,1.15,0.85,False,31127,Nemaha
9,533913,533339,48052.17,48000.509999999995,51.66,99.89249184792278,9.890822632596072,0.1832605528566259,8796.6,157.18500527337144,18644003.221147038,329.1740052733737,39043935.545640334,637.8770052733632,75659767.42074722,1375.29,1375.29,7421.3099999999995,2019,M2_HI_sensitivity,UNL,1.15,0.85,False,31131,Otoe
10,239783,239542,21580.469999999998,21558.78,21.689999999999998,99.8994924577639,9.50359711617916,0.3335490227183542,7190.91,132.21213274774033,7043324.461580306,304.20113274773723,16205678.215709712,612.9041327477472,32651183.980387405,1710.6299999999999,1710.6299999999999,5480.28,2019,M2_HI_sensitivity,UNL,1.15,0.85,False,31133,Pawnee
11,380407,379298,34236.63,34136.82,99.81,99.70847013856212,9.952347961832174,0.15018270594624808,5126.76,161.15288481376786,13593877.437603272,333.1418848137613,28101823.66095327,641.8448848137764,54142131.60499156,1118.34,1118.34,4008.42,2019,M2_HI_sensitivity,UNL,1.15,0.85,False,31147,Richardson
12,103025,102936,9272.25,9264.24,8.01,99.91361320067945,9.6097248032454,0.27462695266961995,2544.21,139.05649885529826,3183341.9436986255,311.04549885529696,7120589.048736882,619.7484988552943,14187552.593304407,430.74,430.74,2113.47,2019,M2_HI_sensitivity,UNL,1.15,0.85,False,31151,Saline
14,343472,343168,30912.48,30885.12,27.36,99.91149205757675,9.503493919504159,0.3683735080193957,11377.26,132.20547740789235,10089762.54210299,304.19447740789263,23215755.53329928,612.8974774078843,46775596.07171249,1105.2,1105.2,10272.06,2019,M2_HI_sensitivity,UNL,1.15,0.85,False,31155,Saunders
15,32027,32019,2882.43,2881.71,0.72,99.97502107596715,9.369114406707752,0.27677316593272744,797.5799999999999,123.53910006227251,879704.6963907905,295.528100062272,2104414.370909137,604.2311000622723,4302645.366221853,284.94,284.94,512.64,2019,M2_HI_sensitivity,UNL,1.15,0.85,False,31159,Seward
1,56626,56584,5096.34,5092.5599999999995,3.78,99.92582912443048,8.985614505786463,0.36644634525660963,1866.1499999999999,13.978499204976519,175905.29161664192,216.31849920497757,2722149.7906713095,579.4984992049742,7292403.211481139,836.28,836.28,1029.87,2019,M2_HI_sensitivity,UNL,1.15,1.0,False,31023,Butler
2,384550,384318,34609.5,34588.619999999995,20.88,99.93966974385646,9.938516841615968,0.13537226983903955,4682.34,75.43289090478865,6447274.938061292,277.77289090478575,23741343.815971527,640.9528909047924,54782462.40389109,649.98,649.98,4032.3599999999997,2019,M2_HI_sensitivity,UNL,1.15,1.0,False,31025,Cass
4,583555,583020,52519.95,52471.799999999996,48.15,99.90832055247577,9.477055884876904,0.3844910980755377,20174.94,45.6724408320902,5921917.979566,248.0124408320872,32157452.19133651,611.1924408320883,79247603.9904419,5786.55,5786.55,14388.39,2019,M2_HI_sensitivity,UNL,1.15,1.0,False,31067,Gage
5,133263,133156,11993.67,11984.039999999999,9.629999999999999,99.91970764578315,9.494476583564145,0.384766739763886,4611.0599999999995,46.79593313613354,1385777.6901513177,249.13593313613566,7377714.147738711,612.3159331361398,18132638.940990623,1066.1399999999999,1066.1399999999999,3544.92,2019,M2_HI_sensitivity,UNL,1.15,1.0,False,31095,Jefferson
6,232775,232584,20949.75,20932.559999999998,17.189999999999998,99.91794651487488,9.646880503937757,0.24822859698001581,5196.0599999999995,56.624737061851285,2928941.8311719582,258.96473706185884,13395075.907379892,622.1447370618574,32180736.54688292,2051.8199999999997,2051.8199999999997,3144.24,2019,M2_HI_sensitivity,UNL,1.15,1.0,False,31097,Johnson
7,571098,570651,51398.82,51358.59,40.23,99.9217297206434,9.735584637814965,0.2032993896444587,10441.17,62.34542677339038,7912248.120062138,264.68542677338945,33591185.09217494,627.8654267733718,79682300.68736877,2743.38,2743.38,7697.79,2019,M2_HI_sensitivity,UNL,1.15,1.0,False,31109,Lancaster
8,331732,331187,29855.879999999997,29806.829999999998,49.05,99.83571075446444,9.879732510275907,0.18235921095936736,5435.55,71.64178326641847,5276724.034238324,273.98178326641494,20179931.246672917,637.1617832664034,46929693.01108885,1271.79,1271.79,4163.76,2019,M2_HI_sensitivity,UNL,1.15,1.0,False,31127,Nemaha
9,533913,533339,48052.17,48000.509999999995,51.66,99.89249184792278,9.890822632596072,0.1832605528566259,8796.6,72.3570052733709,8582397.774158532,274.69700527338085,32582318.15591622,637.8770052733632,75659767.42074722,1912.23,1912.23,6884.37,2019,M2_HI_sensitivity,UNL,1.15,1.0,False,31131,Otoe
10,239783,239542,21580.469999999998,21558.78,21.689999999999998,99.8994924577639,9.50359711617916,0.3335490227183542,7190.91,47.38413274774097,2524290.4288497423,249.72413274774445,13303530.139590597,612.9041327477472,32651183.980387405,2627.2799999999997,2627.2799999999997,4563.63,2019,M2_HI_sensitivity,UNL,1.15,1.0,False,31133,Pawnee
11,380407,379298,34236.63,34136.82,99.81,99.70847013856212,9.952347961832174,0.15018270594624808,5126.76,76.32488481376824,6438303.172770204,278.6648848137709,23506475.200241666,641.8448848137764,54142131.60499156,1569.24,1569.24,3557.52,2019,M2_HI_sensitivity,UNL,1.15,1.0,False,31147,Richardson
12,103025,102936,9272.25,9264.24,8.01,99.91361320067945,9.6097248032454,0.27462695266961995,2544.21,54.22849885529751,1241422.4172975724,256.5684988553004,5873477.8349897405,619.7484988552943,14187552.593304407,562.41,562.41,1981.8,2019,M2_HI_sensitivity,UNL,1.15,1.0,False,31151,Saline
14,343472,343168,30912.48,30885.12,27.36,99.91149205757675,9.503493919504159,0.3683735080193957,11377.26,47.37747740789236,3615791.919230616,249.71747740788783,19058136.614755288,612.8974774078843,46775596.07171249,1971.54,1971.54,9405.72,2019,M2_HI_sensitivity,UNL,1.15,1.0,False,31155,Saunders
15,32027,32019,2882.43,2881.71,0.72,99.97502107596715,9.369114406707752,0.27677316593272744,797.5799999999999,38.71110006227209,275656.342891188,241.05110006227193,1716491.2540892458,604.2311000622723,4302645.366221853,319.77,319.77,477.81,2019,M2_HI_sensitivity,UNL,1.15,1.0,False,31159,Seward
1,56626,56584,5096.34,5092.5599999999995,3.78,99.92582912443048,8.985614505786463,0.36644634525660963,1866.1499999999999,-70.8495007950233,-891569.3963630347,161.84149920497887,2036611.777549845,579.4984992049742,7292403.211481139,3822.66,1866.1499999999999,1956.51,2019,M2_HI_sensitivity,UNL,1.15,1.15,False,31023,Butler
2,384550,384318,34609.5,34588.619999999995,20.88,99.93966974385646,9.938516841615968,0.13537226983903955,4682.34,-9.395109095211309,-803003.1818131243,223.29589090478694,19085176.02778378,640.9528909047924,54782462.40389109,23099.309999999998,4682.34,18416.969999999998,2019,M2_HI_sensitivity,UNL,1.15,1.15,False,31025,Cass
4,583555,583020,52519.95,52471.799999999996,48.15,99.90832055247577,9.477055884876904,0.3844910980755377,20174.94,-39.15555916791093,-5076934.922065567,193.5354408320877,25093929.42147079,611.1924408320883,79247603.9904419,39050.1,20174.94,18875.16,2019,M2_HI_sensitivity,UNL,1.15,1.15,False,31067,Gage
5,133263,133156,11993.67,11984.039999999999,9.629999999999999,99.91970764578315,9.494476583564145,0.384766739763886,4611.0599999999995,-38.032066863866966,-1126251.4974745652,194.6589331361321,5764475.428750838,612.3159331361398,18132638.940990623,9282.6,4611.0599999999995,4671.54,2019,M2_HI_sensitivity,UNL,1.15,1.15,False,31095,Jefferson
6,232775,232584,20949.75,20932.559999999998,17.189999999999998,99.91794651487488,9.646880503937757,0.24822859698001581,5196.0599999999995,-28.203262938148118,-1458827.376184607,204.48773706185,10577226.811453972,622.1447370618574,32180736.54688292,11897.46,5196.0599999999995,6701.4,2019,M2_HI_sensitivity,UNL,1.15,1.15,False,31097,Johnson
7,571098,570651,51398.82,51358.59,40.23,99.9217297206434,9.735584637814965,0.2032993896444587,10441.17,-22.482573226608267,-2853259.765034037,210.20842677339556,26677517.752896305,627.8654267733718,79682300.68736877,34493.31,10441.17,24052.14,2019,M2_HI_sensitivity,UNL,1.15,1.15,False,31109,Lancaster
8,331732,331187,29855.879999999997,29806.829999999998,49.05,99.83571075446444,9.879732510275907,0.18235921095936736,5435.55,-13.186216733580896,-971221.3122893741,219.50478326641863,16167466.982010672,637.1617832664034,46929693.01108885,18054.09,5435.55,12618.539999999999,2019,M2_HI_sensitivity,UNL,1.15,1.15,False,31127,Nemaha
9,533913,533339,48052.17,48000.509999999995,51.66,99.89249184792278,9.890822632596072,0.1832605528566259,8796.6,-12.470994726627602,-1479207.672829731,220.22000527338162,26120700.76619135,637.8770052733632,75659767.42074722,28752.48,8796.6,19955.88,2019,M2_HI_sensitivity,UNL,1.15,1.15,False,31131,Otoe
10,239783,239542,21580.469999999998,21558.78,21.689999999999998,99.8994924577639,9.50359711617916,0.3335490227183542,7190.91,-37.44386725225935,-1994743.603880874,195.24713274774058,10401382.06347089,612.9041327477472,32651183.980387405,13626.539999999999,7190.91,6435.63,2019,M2_HI_sensitivity,UNL,1.15,1.15,False,31133,Pawnee
11,380407,379298,34236.63,34136.82,99.81,99.70847013856212,9.952347961832174,0.15018270594624808,5126.76,-8.503115186229984,-717271.092062748,224.18788481377572,18911126.739529654,641.8448848137764,54142131.60499156,18953.46,5126.76,13826.699999999999,2019,M2_HI_sensitivity,UNL,1.15,1.15,False,31147,Richardson
12,103025,102936,9272.25,9264.24,8.01,99.91361320067945,9.6097248032454,0.27462695266961995,2544.21,-30.599501144702195,-700497.109103457,202.09149885529524,4626366.621242401,619.7484988552943,14187552.593304407,6617.5199999999995,2544.21,4073.31,2019,M2_HI_sensitivity,UNL,1.15,1.15,False,31151,Saline
14,343472,343168,30912.48,30885.12,27.36,99.91149205757675,9.503493919504159,0.3683735080193957,11377.26,-37.45052259210838,-2858178.703641814,195.24047740789487,14900517.696212204,612.8974774078843,46775596.07171249,25381.35,11377.26,14004.09,2019,M2_HI_sensitivity,UNL,1.15,1.15,False,31155,Saunders
15,32027,32019,2882.43,2881.71,0.72,99.97502107596715,9.369114406707752,0.27677316593272744,797.5799999999999,-46.11689993772807,-328392.0106084126,186.57410006227306,1328568.1372693635,604.2311000622723,4302645.366221853,1994.1299999999999,797.5799999999999,1196.55,2019,M2_HI_sensitivity,UNL,1.15,1.15,False,31159,Seward
1,56626,56584,5096.34,5092.5599999999995,3.78,99.92582912443048,8.985614505786463,0.36644634525660963,1866.1499999999999,-187.7465223267569,-2362600.324657243,,,428.3249776732423,5390037.156312152,5092.5599999999995,1866.1499999999999,3226.41,2019,M2_HI_sensitivity,ERS_Heartland,0.85,0.85,False,31023,Butler
2,384550,384318,34609.5,34588.619999999995,20.88,99.93966974385646,9.938516841615968,0.13537226983903955,4682.34,-142.3237110703777,-12164456.173821006,,,473.7477889296205,40491385.25504919,34524.45,4682.34,29842.11,2019,M2_HI_sensitivity,ERS_Heartland,0.85,0.85,False,31025,Cass
4,583555,583020,52519.95,52471.799999999996,48.15,99.90832055247577,9.477055884876904,0.3844910980755377,20174.94,-164.32056547192897,-21305909.939390786,,,451.75093452805413,58574315.99293388,52402.77,20174.94,32227.829999999998,2019,M2_HI_sensitivity,ERS_Heartland,0.85,0.85,False,31067,Gage
5,133263,133156,11993.67,11984.039999999999,9.629999999999999,99.91970764578315,9.494476583564145,0.384766739763886,4611.0599999999995,-163.4901581167688,-4841468.018565703,,,452.58134188322447,13402385.304210186,11967.84,4611.0599999999995,7356.78,2019,M2_HI_sensitivity,ERS_Heartland,0.85,0.85,False,31095,Jefferson
6,232775,232584,20949.75,20932.559999999998,17.189999999999998,99.91794651487488,9.646880503937757,0.24822859698001581,5196.0599999999995,-156.2253899977583,-8080833.635585408,,,459.8461100022289,23785761.795521453,20891.34,5196.0599999999995,15695.279999999999,2019,M2_HI_sensitivity,ERS_Heartland,0.85,0.85,False,31097,Johnson
7,571098,570651,51398.82,51358.59,40.23,99.9217297206434,9.735584637814965,0.2032993896444587,10441.17,-151.99705412401704,-19289921.77917105,,,464.07444587599446,58895613.55153648,51320.43,10441.17,40879.26,2019,M2_HI_sensitivity,ERS_Heartland,0.85,0.85,False,31109,Lancaster
8,331732,331187,29855.879999999997,29806.829999999998,49.05,99.83571075446444,9.879732510275907,0.18235921095936736,5435.55,-145.12583410742408,-10689138.962045996,,,470.9456658925608,34687164.39950058,29744.55,5435.55,24309.0,2019,M2_HI_sensitivity,ERS_Heartland,0.85,0.85,False,31127,Nemaha
9,533913,533339,48052.17,48000.509999999995,51.66,99.89249184792278,9.890822632596072,0.1832605528566259,8796.6,-144.59719175446386,-17150939.45602803,,,471.47430824552936,55922436.78924795,47892.96,8796.6,39096.36,2019,M2_HI_sensitivity,ERS_Heartland,0.85,0.85,False,31131,Otoe
10,239783,239542,21580.469999999998,21558.78,21.689999999999998,99.8994924577639,9.50359711617916,0.3335490227183542,7190.91,-163.05540188210566,-8686435.025295896,,,453.01609811790416,24133483.811590903,21526.2,7190.91,14335.289999999999,2019,M2_HI_sensitivity,ERS_Heartland,0.85,0.85,False,31133,Pawnee
11,380407,379298,34236.63,34136.82,99.81,99.70847013856212,9.952347961832174,0.15018270594624808,5126.76,-141.6644112246045,-11949948.309538282,,,474.407088775404,40018097.27325498,34008.659999999996,5126.76,28881.899999999998,2019,M2_HI_sensitivity,ERS_Heartland,0.85,0.85,False,31147,Richardson
12,103025,102936,9272.25,9264.24,8.01,99.91361320067945,9.6097248032454,0.27462695266961995,2544.21,-157.99652258521695,-3616925.2170473794,,,458.07497741478704,10486451.91679031,9264.15,2544.21,6719.94,2019,M2_HI_sensitivity,ERS_Heartland,0.85,0.85,False,31151,Saline
14,343472,343168,30912.48,30885.12,27.36,99.91149205757675,9.503493919504159,0.3683735080193957,11377.26,-163.0603210463424,-12444566.985077554,,,453.01117895366,34573266.66170103,30864.96,11377.26,19487.7,2019,M2_HI_sensitivity,ERS_Heartland,0.85,0.85,False,31155,Saunders
15,32027,32019,2882.43,2881.71,0.72,99.97502107596715,9.369114406707752,0.27677316593272744,797.5799999999999,-169.46590430179924,-1206743.0620528897,,,446.60559569820236,3180216.1402509427,2881.71,797.5799999999999,2084.13,2019,M2_HI_sensitivity,ERS_Heartland,0.85,0.85,False,31159,Seward
1,56626,56584,5096.34,5092.5599999999995,3.78,99.92582912443048,8.985614505786463,0.36644634525660963,1866.1499999999999,-296.46502232675545,-3730712.8212988847,,,428.3249776732423,5390037.156312152,5092.5599999999995,1866.1499999999999,3226.41,2019,M2_HI_sensitivity,ERS_Heartland,0.85,1.0,False,31023,Butler
2,384550,384318,34609.5,34588.619999999995,20.88,99.93966974385646,9.938516841615968,0.13537226983903955,4682.34,-251.0422110703714,-21456663.48479759,,,473.7477889296205,40491385.25504919,34588.619999999995,4682.34,29906.28,2019,M2_HI_sensitivity,ERS_Heartland,0.85,1.0,False,31025,Cass
4,583555,583020,52519.95,52471.799999999996,48.15,99.90832055247577,9.477055884876904,0.3844910980755377,20174.94,-273.0390654719333,-35402420.39803727,,,451.75093452805413,58574315.99293388,52471.799999999996,20174.94,32296.86,2019,M2_HI_sensitivity,ERS_Heartland,0.85,1.0,False,31067,Gage
5,133263,133156,11993.67,11984.039999999999,9.629999999999999,99.91970764578315,9.494476583564145,0.384766739763886,4611.0599999999995,-272.2086581167694,-8060971.546114442,,,452.58134188322447,13402385.304210186,11984.039999999999,4611.0599999999995,7372.98,2019,M2_HI_sensitivity,ERS_Heartland,0.85,1.0,False,31095,Jefferson
6,232775,232584,20949.75,20932.559999999998,17.189999999999998,99.91794651487488,9.646880503937757,0.24822859698001581,5196.0599999999995,-264.9438899977579,-13704350.476369066,,,459.8461100022289,23785761.795521453,20932.559999999998,5196.0599999999995,15736.5,2019,M2_HI_sensitivity,ERS_Heartland,0.85,1.0,False,31097,Johnson
7,571098,570651,51398.82,51358.59,40.23,99.9217297206434,9.735584637814965,0.2032993896444587,10441.17,-260.715554124013,-33087369.19047161,,,464.07444587599446,58895613.55153648,51358.59,10441.17,40917.42,2019,M2_HI_sensitivity,ERS_Heartland,0.85,1.0,False,31109,Lancaster
8,331732,331187,29855.879999999997,29806.829999999998,49.05,99.83571075446444,9.879732510275907,0.18235921095936736,5435.55,-253.84433410743375,-18696721.908202183,,,470.9456658925608,34687164.39950058,29806.829999999998,5435.55,24371.28,2019,M2_HI_sensitivity,ERS_Heartland,0.85,1.0,False,31127,Nemaha
9,533913,533339,48052.17,48000.509999999995,51.66,99.89249184792278,9.890822632596072,0.1832605528566259,8796.6,-253.31569175446106,-30046241.14637066,,,471.47430824552936,55922436.78924795,48000.509999999995,8796.6,39203.909999999996,2019,M2_HI_sensitivity,ERS_Heartland,0.85,1.0,False,31131,Otoe
10,239783,239542,21580.469999999998,21558.78,21.689999999999998,99.8994924577639,9.50359711617916,0.3335490227183542,7190.91,-271.77390188210495,-14478185.408275794,,,453.01609811790416,24133483.811590903,21558.78,7190.91,14367.869999999999,2019,M2_HI_sensitivity,ERS_Heartland,0.85,1.0,False,31133,Pawnee
11,380407,379298,34236.63,34136.82,99.81,99.70847013856212,9.952347961832174,0.15018270594624808,5126.76,-250.38291122460805,-21120779.88297256,,,474.407088775404,40018097.27325498,34136.82,5126.76,29010.059999999998,2019,M2_HI_sensitivity,ERS_Heartland,0.85,1.0,False,31147,Richardson
12,103025,102936,9272.25,9264.24,8.01,99.91361320067945,9.6097248032454,0.27462695266961995,2544.21,-266.7150225852114,-6105756.47595977,,,458.07497741478704,10486451.91679031,9264.24,2544.21,6720.03,2019,M2_HI_sensitivity,ERS_Heartland,0.85,1.0,False,31151,Saline
14,343472,343168,30912.48,30885.12,27.36,99.91149205757675,9.503493919504159,0.3683735080193957,11377.26,-271.7788210463425,-20741831.746273745,,,453.01117895366,34573266.66170103,30885.12,11377.26,19507.86,2019,M2_HI_sensitivity,ERS_Heartland,0.85,1.0,False,31155,Saunders
15,32027,32019,2882.43,2881.71,0.72,99.97502107596715,9.369114406707752,0.27677316593272744,797.5799999999999,-278.1844043017988,-1980912.3330476782,,,446.60559569820236,3180216.1402509427,2881.71,797.5799999999999,2084.13,2019,M2_HI_sensitivity,ERS_Heartland,0.85,1.0,False,31159,Seward
1,56626,56584,5096.34,5092.5599999999995,3.78,99.92582912443048,8.985614505786463,0.36644634525660963,1866.1499999999999,-405.18352232675664,-5098825.31794056,,,428.3249776732423,5390037.156312152,5092.5599999999995,1866.1499999999999,3226.41,2019,M2_HI_sensitivity,ERS_Heartland,0.85,1.15,False,31023,Butler
2,384550,384318,34609.5,34588.619999999995,20.88,99.93966974385646,9.938516841615968,0.13537226983903955,4682.34,-359.76071107037484,-30748870.795775004,,,473.7477889296205,40491385.25504919,34588.619999999995,4682.34,29906.28,2019,M2_HI_sensitivity,ERS_Heartland,0.85,1.15,False,31025,Cass
4,583555,583020,52519.95,52471.799999999996,48.15,99.90832055247577,9.477055884876904,0.3844910980755377,20174.94,-381.7575654719308,-49498930.85668285,,,451.75093452805413,58574315.99293388,52471.799999999996,20174.94,32296.86,2019,M2_HI_sensitivity,ERS_Heartland,0.85,1.15,False,31067,Gage
5,133263,133156,11993.67,11984.039999999999,9.629999999999999,99.91970764578315,9.494476583564145,0.384766739763886,4611.0599999999995,-380.9271581167726,-11280475.073663257,,,452.58134188322447,13402385.304210186,11984.039999999999,4611.0599999999995,7372.98,2019,M2_HI_sensitivity,ERS_Heartland,0.85,1.15,False,31095,Jefferson
6,232775,232584,20949.75,20932.559999999998,17.189999999999998,99.91794651487488,9.646880503937757,0.24822859698001581,5196.0599999999995,-373.6623899977614,-19327867.31715293,,,459.8461100022289,23785761.795521453,20932.559999999998,5196.0599999999995,15736.5,2019,M2_HI_sensitivity,ERS_Heartland,0.85,1.15,False,31097,Johnson
7,571098,570651,51398.82,51358.59,40.23,99.9217297206434,9.735584637814965,0.2032993896444587,10441.17,-369.434054124012,-46884816.601772554,,,464.07444587599446,58895613.55153648,51358.59,10441.17,40917.42,2019,M2_HI_sensitivity,ERS_Heartland,0.85,1.15,False,31109,Lancaster
8,331732,331187,29855.879999999997,29806.829999999998,49.05,99.83571075446444,9.879732510275907,0.18235921095936736,5435.55,-362.56283410743174,-26704304.854357507,,,470.9456658925608,34687164.39950058,29806.829999999998,5435.55,24371.28,2019,M2_HI_sensitivity,ERS_Heartland,0.85,1.15,False,31127,Nemaha
9,533913,533339,48052.17,48000.509999999995,51.66,99.89249184792278,9.890822632596072,0.1832605528566259,8796.6,-362.03419175446925,-42941542.836714596,,,471.47430824552936,55922436.78924795,48000.509999999995,8796.6,39203.909999999996,2019,M2_HI_sensitivity,ERS_Heartland,0.85,1.15,False,31131,Otoe
10,239783,239542,21580.469999999998,21558.78,21.689999999999998,99.8994924577639,9.50359711617916,0.3335490227183542,7190.91,-380.4924018821068,-20269935.79125582,,,453.01609811790416,24133483.811590903,21558.78,7190.91,14367.869999999999,2019,M2_HI_sensitivity,ERS_Heartland,0.85,1.15,False,31133,Pawnee
11,380407,379298,34236.63,34136.82,99.81,99.70847013856212,9.952347961832174,0.15018270594624808,5126.76,-359.1014112246043,-30291611.456406225,,,474.407088775404,40018097.27325498,34136.82,5126.76,29010.059999999998,2019,M2_HI_sensitivity,ERS_Heartland,0.85,1.15,False,31147,Richardson
12,103025,102936,9272.25,9264.24,8.01,99.91361320067945,9.6097248032454,0.27462695266961995,2544.21,-375.4335225852159,-8594587.73487239,,,458.07497741478704,10486451.91679031,9264.24,2544.21,6720.03,2019,M2_HI_sensitivity,ERS_Heartland,0.85,1.15,False,31151,Saline
14,343472,343168,30912.48,30885.12,27.36,99.91149205757675,9.503493919504159,0.3683735080193957,11377.26,-380.4973210463403,-29039096.50746977,,,453.01117895366,34573266.66170103,30885.12,11377.26,19507.86,2019,M2_HI_sensitivity,ERS_Heartland,0.85,1.15,False,31155,Saunders
15,32027,32019,2882.43,2881.71,0.72,99.97502107596715,9.369114406707752,0.27677316593272744,797.5799999999999,-386.9029043017966,-2755081.6040424546,,,446.60559569820236,3180216.1402509427,2881.71,797.5799999999999,2084.13,2019,M2_HI_sensitivity,ERS_Heartland,0.85,1.15,False,31159,Seward
1,56626,56584,5096.34,5092.5599999999995,3.78,99.92582912443048,8.985614505786463,0.36644634525660963,1866.1499999999999,-112.15976156088985,-1411417.2970727363,,,503.91173843910354,6341220.183896586,4846.59,1866.1499999999999,2980.44,2019,M2_HI_sensitivity,ERS_Heartland,1.0,0.85,False,31023,Butler
2,384550,384318,34609.5,34588.619999999995,20.88,99.93966974385646,9.938516841615968,0.13537226983903955,4682.34,-58.721160082790334,-5018917.599399938,,,557.3503399172143,47636923.82947082,32037.84,4682.34,27355.5,2019,M2_HI_sensitivity,ERS_Heartland,1.0,0.85,False,31025,Cass
4,583555,583020,52519.95,52471.799999999996,48.15,99.90832055247577,9.477055884876904,0.3844910980755377,20174.94,-84.59981231992094,-10969265.940637954,,,531.4716876800728,68910959.99168809,50066.909999999996,20174.94,29891.969999999998,2019,M2_HI_sensitivity,ERS_Heartland,1.0,0.85,False,31067,Gage
5,133263,133156,11993.67,11984.039999999999,9.629999999999999,99.91970764578315,9.494476583564145,0.384766739763886,4611.0599999999995,-83.62286249031868,-2476341.200175707,,,532.4486375096809,15767512.122600367,11630.25,4611.0599999999995,7019.19,2019,M2_HI_sensitivity,ERS_Heartland,1.0,0.85,False,31095,Jefferson
6,232775,232584,20949.75,20932.559999999998,17.189999999999998,99.91794651487488,9.646880503937757,0.24822859698001581,5196.0599999999995,-75.0760764679536,-3883346.2599051716,,,540.9954235320537,27983249.171202727,19199.61,5196.0599999999995,14003.55,2019,M2_HI_sensitivity,ERS_Heartland,1.0,0.85,False,31097,Johnson
7,571098,570651,51398.82,51358.59,40.23,99.9217297206434,9.735584637814965,0.2032993896444587,10441.17,-70.10156367531282,-8896578.211252933,,,545.9699363246817,69288957.11945245,47874.6,10441.17,37433.43,2019,M2_HI_sensitivity,ERS_Heartland,1.0,0.85,False,31109,Lancaster
8,331732,331187,29855.879999999997,29806.829999999998,49.05,99.83571075446444,9.879732510275907,0.18235921095936736,5435.55,-62.01777542050532,-4567874.656252051,,,554.0537245794931,40808428.705295525,27519.84,5435.55,22084.29,2019,M2_HI_sensitivity,ERS_Heartland,1.0,0.85,False,31127,Nemaha
9,533913,533339,48052.17,48000.509999999995,51.66,99.89249184792278,9.890822632596072,0.1832605528566259,8796.6,-61.395843240545645,-7282274.14027824,,,554.6756567594371,65791102.1049965,43932.06,8796.6,35135.46,2019,M2_HI_sensitivity,ERS_Heartland,1.0,0.85,False,31131,Otoe
10,239783,239542,21580.469999999998,21558.78,21.689999999999998,99.8994924577639,9.50359711617916,0.3335490227183542,7190.91,-83.1113845671814,-4427584.940897505,,,532.9601154328025,28392333.895987917,19798.469999999998,7190.91,12607.56,2019,M2_HI_sensitivity,ERS_Heartland,1.0,0.85,False,31133,Pawnee
11,380407,379298,34236.63,34136.82,99.81,99.70847013856212,9.952347961832174,0.15018270594624808,5126.76,-57.94551320541695,-4887931.143669875,,,558.1259867945831,47080114.439122684,30656.25,5126.76,25529.489999999998,2019,M2_HI_sensitivity,ERS_Heartland,1.0,0.85,False,31147,Richardson
12,103025,102936,9272.25,9264.24,8.01,99.91361320067945,9.6097248032454,0.27462695266961995,2544.21,-77.15976186495828,-1766374.8787902168,,,538.9117381350403,12337002.255047351,8819.01,2544.21,6274.8,2019,M2_HI_sensitivity,ERS_Heartland,1.0,0.85,False,31151,Saline
14,343472,343168,30912.48,30885.12,27.36,99.91149205757675,9.503493919504159,0.3683735080193957,11377.26,-83.11717181922488,-6343402.2800714085,,,532.9543281807867,40674431.36670787,29793.059999999998,11377.26,18415.8,2019,M2_HI_sensitivity,ERS_Heartland,1.0,0.85,False,31155,Saunders
15,32027,32019,2882.43,2881.71,0.72,99.97502107596715,9.369114406707752,0.27677316593272744,797.5799999999999,-90.65315211976402,-645528.4490674327,,,525.4183478802399,3741430.7532364163,2703.7799999999997,797.5799999999999,1906.1999999999998,2019,M2_HI_sensitivity,ERS_Heartland,1.0,0.85,False,31159,Seward
1,56626,56584,5096.34,5092.5599999999995,3.78,99.92582912443048,8.985614505786463,0.36644634525660963,1866.1499999999999,-220.87826156088886,-2779529.7937143836,,,503.91173843910354,6341220.183896586,5092.5599999999995,1866.1499999999999,3226.41,2019,M2_HI_sensitivity,ERS_Heartland,1.0,1.0,False,31023,Butler
2,384550,384318,34609.5,34588.619999999995,20.88,99.93966974385646,9.938516841615968,0.13537226983903955,4682.34,-167.4396600827903,-14311124.910377057,,,557.3503399172143,47636923.82947082,34524.45,4682.34,29842.11,2019,M2_HI_sensitivity,ERS_Heartland,1.0,1.0,False,31025,Cass
4,583555,583020,52519.95,52471.799999999996,48.15,99.90832055247577,9.477055884876904,0.3844910980755377,20174.94,-193.3183123199194,-25065776.39928367,,,531.4716876800728,68910959.99168809,52402.77,20174.94,32227.829999999998,2019,M2_HI_sensitivity,ERS_Heartland,1.0,1.0,False,31067,Gage
5,133263,133156,11993.67,11984.039999999999,9.629999999999999,99.91970764578315,9.494476583564145,0.384766739763886,4611.0599999999995,-192.34136249032312,-5695844.72772456,,,532.4486375096809,15767512.122600367,11967.84,4611.0599999999995,7356.78,2019,M2_HI_sensitivity,ERS_Heartland,1.0,1.0,False,31095,Jefferson
6,232775,232584,20949.75,20932.559999999998,17.189999999999998,99.91794651487488,9.646880503937757,0.24822859698001581,5196.0599999999995,-183.79457646795672,-9506863.100689014,,,540.9954235320537,27983249.171202727,20891.34,5196.0599999999995,15695.279999999999,2019,M2_HI_sensitivity,ERS_Heartland,1.0,1.0,False,31097,Johnson
7,571098,570651,51398.82,51358.59,40.23,99.9217297206434,9.735584637814965,0.2032993896444587,10441.17,-178.8200636753118,-22694025.622553874,,,545.9699363246817,69288957.11945245,51320.43,10441.17,40879.26,2019,M2_HI_sensitivity,ERS_Heartland,1.0,1.0,False,31109,Lancaster
8,331732,331187,29855.879999999997,29806.829999999998,49.05,99.83571075446444,9.879732510275907,0.18235921095936736,5435.55,-170.73627542050656,-12575457.602407616,,,554.0537245794931,40808428.705295525,29744.55,5435.55,24309.0,2019,M2_HI_sensitivity,ERS_Heartland,1.0,1.0,False,31127,Nemaha
9,533913,533339,48052.17,48000.509999999995,51.66,99.89249184792278,9.890822632596072,0.1832605528566259,8796.6,-170.11434324054008,-20177575.830620542,,,554.6756567594371,65791102.1049965,47892.96,8796.6,39096.36,2019,M2_HI_sensitivity,ERS_Heartland,1.0,1.0,False,31131,Otoe
10,239783,239542,21580.469999999998,21558.78,21.689999999999998,99.8994924577639,9.50359711617916,0.3335490227183542,7190.91,-191.82988456718013,-10219335.323877368,,,532.9601154328025,28392333.895987917,21526.2,7190.91,14335.289999999999,2019,M2_HI_sensitivity,ERS_Heartland,1.0,1.0,False,31133,Pawnee
11,380407,379298,34236.63,34136.82,99.81,99.70847013856212,9.952347961832174,0.15018270594624808,5126.76,-166.66401320541766,-14058762.717103913,,,558.1259867945831,47080114.439122684,34008.659999999996,5126.76,28881.899999999998,2019,M2_HI_sensitivity,ERS_Heartland,1.0,1.0,False,31147,Richardson
12,103025,102936,9272.25,9264.24,8.01,99.91361320067945,9.6097248032454,0.27462695266961995,2544.21,-185.87826186495766,-4255206.13770272,,,538.9117381350403,12337002.255047351,9264.15,2544.21,6719.94,2019,M2_HI_sensitivity,ERS_Heartland,1.0,1.0,False,31151,Saline
14,343472,343168,30912.48,30885.12,27.36,99.91149205757675,9.503493919504159,0.3683735080193957,11377.26,-191.83567181922214,-14640667.041267388,,,532.9543281807867,40674431.36670787,30864.96,11377.26,19487.7,2019,M2_HI_sensitivity,ERS_Heartland,1.0,1.0,False,31155,Saunders
15,32027,32019,2882.43,2881.71,0.72,99.97502107596715,9.369114406707752,0.27677316593272744,797.5799999999999,-199.37165211976196,-1419697.72006221,,,525.4183478802399,3741430.7532364163,2881.71,797.5799999999999,2084.13,2019,M2_HI_sensitivity,ERS_Heartland,1.0,1.0,False,31159,Seward
1,56626,56584,5096.34,5092.5599999999995,3.78,99.92582912443048,8.985614505786463,0.36644634525660963,1866.1499999999999,-329.5967615608918,-4147642.2903560805,,,503.91173843910354,6341220.183896586,5092.5599999999995,1866.1499999999999,3226.41,2019,M2_HI_sensitivity,ERS_Heartland,1.0,1.15,False,31023,Butler
2,384550,384318,34609.5,34588.619999999995,20.88,99.93966974385646,9.938516841615968,0.13537226983903955,4682.34,-276.1581600827947,-23603332.22135456,,,557.3503399172143,47636923.82947082,34588.619999999995,4682.34,29906.28,2019,M2_HI_sensitivity,ERS_Heartland,1.0,1.15,False,31025,Cass
4,583555,583020,52519.95,52471.799999999996,48.15,99.90832055247577,9.477055884876904,0.3844910980755377,20174.94,-302.0368123199261,-39162286.85793046,,,531.4716876800728,68910959.99168809,52471.799999999996,20174.94,32296.86,2019,M2_HI_sensitivity,ERS_Heartland,1.0,1.15,False,31067,Gage
5,133263,133156,11993.67,11984.039999999999,9.629999999999999,99.91970764578315,9.494476583564145,0.384766739763886,4611.0599999999995,-301.05986249031935,-8915348.255273169,,,532.4486375096809,15767512.122600367,11984.039999999999,4611.0599999999995,7372.98,2019,M2_HI_sensitivity,ERS_Heartland,1.0,1.15,False,31095,Jefferson
6,232775,232584,20949.75,20932.559999999998,17.189999999999998,99.91794651487488,9.646880503937757,0.24822859698001581,5196.0599999999995,-292.5130764679515,-15130379.941472426,,,540.9954235320537,27983249.171202727,20932.559999999998,5196.0599999999995,15736.5,2019,M2_HI_sensitivity,ERS_Heartland,1.0,1.15,False,31097,Johnson
7,571098,570651,51398.82,51358.59,40.23,99.9217297206434,9.735584637814965,0.2032993896444587,10441.17,-287.5385636753108,-36491473.03385482,,,545.9699363246817,69288957.11945245,51358.59,10441.17,40917.42,2019,M2_HI_sensitivity,ERS_Heartland,1.0,1.15,False,31109,Lancaster
8,331732,331187,29855.879999999997,29806.829999999998,49.05,99.83571075446444,9.879732510275907,0.18235921095936736,5435.55,-279.4547754204988,-20583040.54856252,,,554.0537245794931,40808428.705295525,29806.829999999998,5435.55,24371.28,2019,M2_HI_sensitivity,ERS_Heartland,1.0,1.15,False,31127,Nemaha
9,533913,533339,48052.17,48000.509999999995,51.66,99.89249184792278,9.890822632596072,0.1832605528566259,8796.6,-278.83284324055046,-33072877.520964734,,,554.6756567594371,65791102.1049965,48000.509999999995,8796.6,39203.909999999996,2019,M2_HI_sensitivity,ERS_Heartland,1.0,1.15,False,31131,Otoe
10,239783,239542,21580.469999999998,21558.78,21.689999999999998,99.8994924577639,9.50359711617916,0.3335490227183542,7190.91,-300.5483845671768,-16011085.706857122,,,532.9601154328025,28392333.895987917,21558.78,7190.91,14367.869999999999,2019,M2_HI_sensitivity,ERS_Heartland,1.0,1.15,False,31133,Pawnee
11,380407,379298,34236.63,34136.82,99.81,99.70847013856212,9.952347961832174,0.15018270594624808,5126.76,-275.3825132054158,-23229594.290537737,,,558.1259867945831,47080114.439122684,34136.82,5126.76,29010.059999999998,2019,M2_HI_sensitivity,ERS_Heartland,1.0,1.15,False,31147,Richardson
12,103025,102936,9272.25,9264.24,8.01,99.91361320067945,9.6097248032454,0.27462695266961995,2544.21,-294.5967618649593,-6744037.396615275,,,538.9117381350403,12337002.255047351,9264.24,2544.21,6720.03,2019,M2_HI_sensitivity,ERS_Heartland,1.0,1.15,False,31151,Saline
14,343472,343168,30912.48,30885.12,27.36,99.91149205757675,9.503493919504159,0.3683735080193957,11377.26,-300.55417181921786,-22937931.802463252,,,532.9543281807867,40674431.36670787,30885.12,11377.26,19507.86,2019,M2_HI_sensitivity,ERS_Heartland,1.0,1.15,False,31155,Saunders
15,32027,32019,2882.43,2881.71,0.72,99.97502107596715,9.369114406707752,0.27677316593272744,797.5799999999999,-308.09015211976066,-2193866.9910569927,,,525.4183478802399,3741430.7532364163,2881.71,797.5799999999999,2084.13,2019,M2_HI_sensitivity,ERS_Heartland,1.0,1.15,False,31159,Seward
1,56626,56584,5096.34,5092.5599999999995,3.78,99.92582912443048,8.985614505786463,0.36644634525660963,1866.1499999999999,-36.57300079502332,-460234.26948823576,,,579.4984992049742,7292403.211481139,2096.8199999999997,1866.1499999999999,230.67,2019,M2_HI_sensitivity,ERS_Heartland,1.15,0.85,False,31023,Butler
2,384550,384318,34609.5,34588.619999999995,20.88,99.93966974385646,9.938516841615968,0.13537226983903955,4682.34,24.881390904788947,2126620.975020438,,,640.9528909047924,54782462.40389109,6345.99,4682.34,1663.6499999999999,2019,M2_HI_sensitivity,ERS_Heartland,1.15,0.85,False,31025,Cass
4,583555,583020,52519.95,52471.799999999996,48.15,99.90832055247577,9.477055884876904,0.3844910980755377,20174.94,-4.879059167910504,-632621.9418848002,,,611.1924408320883,79247603.9904419,22782.51,20174.94,2607.5699999999997,2019,M2_HI_sensitivity,ERS_Heartland,1.15,0.85,False,31067,Gage
5,133263,133156,11993.67,11984.039999999999,9.629999999999999,99.91970764578315,9.494476583564145,0.384766739763886,4611.0599999999995,-3.7555668638664628,-111214.38178564978,,,612.3159331361398,18132638.940990623,5240.429999999999,4611.0599999999995,629.37,2019,M2_HI_sensitivity,ERS_Heartland,1.15,0.85,False,31095,Jefferson
6,232775,232584,20949.75,20932.559999999998,17.189999999999998,99.91794651487488,9.646880503937757,0.24822859698001581,5196.0599999999995,6.073237061851558,314141.1157750874,,,622.1447370618574,32180736.54688292,5924.79,5196.0599999999995,728.73,2019,M2_HI_sensitivity,ERS_Heartland,1.15,0.85,False,31097,Johnson
7,571098,570651,51398.82,51358.59,40.23,99.9217297206434,9.735584637814965,0.2032993896444587,10441.17,11.793926773391382,1496765.3566651796,,,627.8654267733718,79682300.68736877,13021.38,10441.17,2580.21,2019,M2_HI_sensitivity,ERS_Heartland,1.15,0.85,False,31109,Lancaster
8,331732,331187,29855.879999999997,29806.829999999998,49.05,99.83571075446444,9.879732510275907,0.18235921095936736,5435.55,21.090283266419313,1553389.649542327,,,637.1617832664034,46929693.01108885,6565.5,5435.55,1129.95,2019,M2_HI_sensitivity,ERS_Heartland,1.15,0.85,False,31127,Nemaha
9,533913,533339,48052.17,48000.509999999995,51.66,99.89249184792278,9.890822632596072,0.1832605528566259,8796.6,21.805505273372628,2586391.175471557,,,637.8770052733632,75659767.42074722,10794.869999999999,8796.6,1998.27,2019,M2_HI_sensitivity,ERS_Heartland,1.15,0.85,False,31131,Otoe
10,239783,239542,21580.469999999998,21558.78,21.689999999999998,99.8994924577639,9.50359711617916,0.3335490227183542,7190.91,-3.1673672522598393,-168734.8564992528,,,612.9041327477472,32651183.980387405,8020.08,7190.91,829.17,2019,M2_HI_sensitivity,ERS_Heartland,1.15,0.85,False,31133,Pawnee
11,380407,379298,34236.63,34136.82,99.81,99.70847013856212,9.952347961832174,0.15018270594624808,5126.76,25.77338481376982,2174086.0221984675,,,641.8448848137764,54142131.60499156,6306.84,5126.76,1180.08,2019,M2_HI_sensitivity,ERS_Heartland,1.15,0.85,False,31147,Richardson
12,103025,102936,9272.25,9264.24,8.01,99.91361320067945,9.6097248032454,0.27462695266961995,2544.21,3.676998855297828,84175.45946688722,,,619.7484988552943,14187552.593304407,3039.12,2544.21,494.90999999999997,2019,M2_HI_sensitivity,ERS_Heartland,1.15,0.85,False,31151,Saline
14,343472,343168,30912.48,30885.12,27.36,99.91149205757675,9.503493919504159,0.3683735080193957,11377.26,-3.1740225921085004,-242237.57506535173,,,612.8974774078843,46775596.07171249,13752.0,11377.26,2374.74,2019,M2_HI_sensitivity,ERS_Heartland,1.15,0.85,False,31155,Saunders
15,32027,32019,2882.43,2881.71,0.72,99.97502107596715,9.369114406707752,0.27677316593272744,797.5799999999999,-11.840399937727586,-84313.83608196715,,,604.2311000622723,4302645.366221853,938.88,797.5799999999999,141.29999999999998,2019,M2_HI_sensitivity,ERS_Heartland,1.15,0.85,False,31159,Seward
1,56626,56584,5096.34,5092.5599999999995,3.78,99.92582912443048,8.985614505786463,0.36644634525660963,1866.1499999999999,-145.29150079502332,-1828346.7661298958,,,579.4984992049742,7292403.211481139,4939.65,1866.1499999999999,3073.5,2019,M2_HI_sensitivity,ERS_Heartland,1.15,1.0,False,31023,Butler
2,384550,384318,34609.5,34588.619999999995,20.88,99.93966974385646,9.938516841615968,0.13537226983903955,4682.34,-83.8371090952109,-7165586.33595667,,,640.9528909047924,54782462.40389109,32876.64,4682.34,28194.3,2019,M2_HI_sensitivity,ERS_Heartland,1.15,1.0,False,31025,Cass
4,583555,583020,52519.95,52471.799999999996,48.15,99.90832055247577,9.477055884876904,0.3844910980755377,20174.94,-113.59755916791124,-14729132.400530811,,,611.1924408320883,79247603.9904419,50973.299999999996,20174.94,30798.36,2019,M2_HI_sensitivity,ERS_Heartland,1.15,1.0,False,31067,Gage
5,133263,133156,11993.67,11984.039999999999,9.629999999999999,99.91970764578315,9.494476583564145,0.384766739763886,4611.0599999999995,-112.47406686386545,-3330717.909334341,,,612.3159331361398,18132638.940990623,11770.199999999999,4611.0599999999995,7159.139999999999,2019,M2_HI_sensitivity,ERS_Heartland,1.15,1.0,False,31095,Jefferson
6,232775,232584,20949.75,20932.559999999998,17.189999999999998,99.91794651487488,9.646880503937757,0.24822859698001581,5196.0599999999995,-102.64526293814723,-5309375.7250085315,,,622.1447370618574,32180736.54688292,19860.39,5196.0599999999995,14664.33,2019,M2_HI_sensitivity,ERS_Heartland,1.15,1.0,False,31097,Johnson
7,571098,570651,51398.82,51358.59,40.23,99.9217297206434,9.735584637814965,0.2032993896444587,10441.17,-96.92457322660576,-12300682.05463553,,,627.8654267733718,79682300.68736877,49090.14,10441.17,38648.97,2019,M2_HI_sensitivity,ERS_Heartland,1.15,1.0,False,31109,Lancaster
8,331732,331187,29855.879999999997,29806.829999999998,49.05,99.83571075446444,9.879732510275907,0.18235921095936736,5435.55,-87.62821673357911,-6454193.296613031,,,637.1617832664034,46929693.01108885,28328.489999999998,5435.55,22892.94,2019,M2_HI_sensitivity,ERS_Heartland,1.15,1.0,False,31127,Nemaha
9,533913,533339,48052.17,48000.509999999995,51.66,99.89249184792278,9.890822632596072,0.1832605528566259,8796.6,-86.91299472662881,-10308910.514871577,,,637.8770052733632,75659767.42074722,45311.85,8796.6,36515.25,2019,M2_HI_sensitivity,ERS_Heartland,1.15,1.0,False,31131,Otoe
10,239783,239542,21580.469999999998,21558.78,21.689999999999998,99.8994924577639,9.50359711617916,0.3335490227183542,7190.91,-111.88586725225997,-5960485.2394791925,,,612.9041327477472,32651183.980387405,20433.42,7190.91,13242.51,2019,M2_HI_sensitivity,ERS_Heartland,1.15,1.0,False,31133,Pawnee
11,380407,379298,34236.63,34136.82,99.81,99.70847013856212,9.952347961832174,0.15018270594624808,5126.76,-82.94511518622994,-6996745.551235491,,,641.8448848137764,54142131.60499156,31764.239999999998,5126.76,26637.48,2019,M2_HI_sensitivity,ERS_Heartland,1.15,1.0,False,31147,Richardson
12,103025,102936,9272.25,9264.24,8.01,99.91361320067945,9.6097248032454,0.27462695266961995,2544.21,-105.04150114470221,-2404655.7994456314,,,619.7484988552943,14187552.593304407,8998.109999999999,2544.21,6453.9,2019,M2_HI_sensitivity,ERS_Heartland,1.15,1.0,False,31151,Saline
14,343472,343168,30912.48,30885.12,27.36,99.91149205757675,9.503493919504159,0.3683735080193957,11377.26,-111.8925225921064,-8539502.33626138,,,612.8974774078843,46775596.07171249,30235.86,11377.26,18858.6,2019,M2_HI_sensitivity,ERS_Heartland,1.15,1.0,False,31155,Saunders
15,32027,32019,2882.43,2881.71,0.72,99.97502107596715,9.369114406707752,0.27677316593272744,797.5799999999999,-120.55889993772682,-858483.1070767535,,,604.2311000622723,4302645.366221853,2781.0899999999997,797.5799999999999,1983.51,2019,M2_HI_sensitivity,ERS_Heartland,1.15,1.0,False,31159,Seward
1,56626,56584,5096.34,5092.5599999999995,3.78,99.92582912443048,8.985614505786463,0.36644634525660963,1866.1499999999999,-254.0100007950232,-3196459.2627715534,,,579.4984992049742,7292403.211481139,5092.5599999999995,1866.1499999999999,3226.41,2019,M2_HI_sensitivity,ERS_Heartland,1.15,1.15,False,31023,Butler
2,384550,384318,34609.5,34588.619999999995,20.88,99.93966974385646,9.938516841615968,0.13537226983903955,4682.34,-192.5556090952139,-16457793.646934045,,,640.9528909047924,54782462.40389109,34524.45,4682.34,29842.11,2019,M2_HI_sensitivity,ERS_Heartland,1.15,1.15,False,31025,Cass
4,583555,583020,52519.95,52471.799999999996,48.15,99.90832055247577,9.477055884876904,0.3844910980755377,20174.94,-222.31605916791565,-28825642.8591773,,,611.1924408320883,79247603.9904419,52402.77,20174.94,32227.829999999998,2019,M2_HI_sensitivity,ERS_Heartland,1.15,1.15,False,31067,Gage
5,133263,133156,11993.67,11984.039999999999,9.629999999999999,99.91970764578315,9.494476583564145,0.384766739763886,4611.0599999999995,-221.19256686386984,-6550221.436883193,,,612.3159331361398,18132638.940990623,11967.84,4611.0599999999995,7356.78,2019,M2_HI_sensitivity,ERS_Heartland,1.15,1.15,False,31095,Jefferson
6,232775,232584,20949.75,20932.559999999998,17.189999999999998,99.91794651487488,9.646880503937757,0.24822859698001581,5196.0599999999995,-211.36376293815172,-10932892.565792443,,,622.1447370618574,32180736.54688292,20891.34,5196.0599999999995,15695.279999999999,2019,M2_HI_sensitivity,ERS_Heartland,1.15,1.15,False,31097,Johnson
7,571098,570651,51398.82,51358.59,40.23,99.9217297206434,9.735584637814965,0.2032993896444587,10441.17,-205.64307322661526,-26098129.465937804,,,627.8654267733718,79682300.68736877,51320.43,10441.17,40879.26,2019,M2_HI_sensitivity,ERS_Heartland,1.15,1.15,False,31109,Lancaster
8,331732,331187,29855.879999999997,29806.829999999998,49.05,99.83571075446444,9.879732510275907,0.18235921095936736,5435.55,-196.34671673357914,-14461776.24276851,,,637.1617832664034,46929693.01108885,29744.55,5435.55,24309.0,2019,M2_HI_sensitivity,ERS_Heartland,1.15,1.15,False,31127,Nemaha
9,533913,533339,48052.17,48000.509999999995,51.66,99.89249184792278,9.890822632596072,0.1832605528566259,8796.6,-195.63149472662238,-23204212.205213774,,,637.8770052733632,75659767.42074722,47892.96,8796.6,39096.36,2019,M2_HI_sensitivity,ERS_Heartland,1.15,1.15,False,31131,Otoe
10,239783,239542,21580.469999999998,21558.78,21.689999999999998,99.8994924577639,9.50359711617916,0.3335490227183542,7190.91,-220.60436725225873,-11752235.622459058,,,612.9041327477472,32651183.980387405,21526.2,7190.91,14335.289999999999,2019,M2_HI_sensitivity,ERS_Heartland,1.15,1.15,False,31133,Pawnee
11,380407,379298,34236.63,34136.82,99.81,99.70847013856212,9.952347961832174,0.15018270594624808,5126.76,-191.66361518623836,-16167577.12467018,,,641.8448848137764,54142131.60499156,34008.659999999996,5126.76,28881.899999999998,2019,M2_HI_sensitivity,ERS_Heartland,1.15,1.15,False,31147,Richardson
12,103025,102936,9272.25,9264.24,8.01,99.91361320067945,9.6097248032454,0.27462695266961995,2544.21,-213.76000114470003,-4893487.058358099,,,619.7484988552943,14187552.593304407,9264.15,2544.21,6719.94,2019,M2_HI_sensitivity,ERS_Heartland,1.15,1.15,False,31151,Saline
14,343472,343168,30912.48,30885.12,27.36,99.91149205757675,9.503493919504159,0.3683735080193957,11377.26,-220.6110225921045,-16836767.09745742,,,612.8974774078843,46775596.07171249,30864.96,11377.26,19487.7,2019,M2_HI_sensitivity,ERS_Heartland,1.15,1.15,False,31155,Saunders
15,32027,32019,2882.43,2881.71,0.72,99.97502107596715,9.369114406707752,0.27677316593272744,797.5799999999999,-229.27739993772687,-1632652.3780715459,,,604.2311000622723,4302645.366221853,2881.71,797.5799999999999,2084.13,2019,M2_HI_sensitivity,ERS_Heartland,1.15,1.15,False,31159,Seward
1,56626,0,5096.34,0.0,5096.34,0.0,,,,,,,,,,,,,2019,M2_HI_sensitivity,FINBIN_county,0.85,0.85,False,31023,Butler
2,384550,0,34609.5,0.0,34609.5,0.0,,,,,,,,,,,,,2019,M2_HI_sensitivity,FINBIN_county,0.85,0.85,False,31025,Cass
4,583555,583020,52519.95,52471.799999999996,48.15,99.90832055247577,9.477055884876904,0.3844910980755377,20174.94,-47.47207845912475,-6155260.148849659,21.258921540874596,2756445.4057080597,421.30292154086925,54626407.09501091,46973.25,20174.94,26798.309999999998,2019,M2_HI_sensitivity,FINBIN_county,0.85,0.85,False,31067,Gage
5,133263,0,11993.67,0.0,11993.67,0.0,,,,,,,,,,,,,2019,M2_HI_sensitivity,FINBIN_county,0.85,0.85,False,31095,Jefferson
6,232775,232584,20949.75,20932.559999999998,17.189999999999998,99.91794651487488,9.646880503937757,0.24822859698001581,5196.0599999999995,-39.9225178119138,-2065011.4860100509,28.80848218808773,1490132.6337479642,428.8524821880887,22182601.450503822,16785.18,5196.0599999999995,11589.119999999999,2019,M2_HI_sensitivity,FINBIN_county,0.85,0.85,False,31097,Johnson
7,571098,570651,51398.82,51358.59,40.23,99.9217297206434,9.735584637814965,0.2032993896444587,10441.17,-35.97917177605629,-4566110.923920993,32.751828223944926,4156529.270950632,432.7958282239382,54926049.19816111,44018.28,10441.17,33577.11,2019,M2_HI_sensitivity,FINBIN_county,0.85,0.85,False,31109,Lancaster
8,331732,0,29855.879999999997,0.0,29855.879999999997,0.0,,,,,,,,,,,,,2019,M2_HI_sensitivity,FINBIN_county,0.85,0.85,False,31127,Nemaha
9,533913,0,48052.17,0.0,48052.17,0.0,,,,,,,,,,,,,2019,M2_HI_sensitivity,FINBIN_county,0.85,0.85,False,31131,Otoe
10,239783,239542,21580.469999999998,21558.78,21.689999999999998,99.8994924577639,9.50359711617916,0.3335490227183542,7190.91,-46.29218689525026,-2466119.3005748265,22.43881310474878,1195380.77137786,422.4828131047471,22506887.00268913,17544.329999999998,7190.91,10353.42,2019,M2_HI_sensitivity,FINBIN_county,0.85,0.85,False,31133,Pawnee
11,380407,0,34236.63,0.0,34236.63,0.0,,,,,,,,,,,,,2019,M2_HI_sensitivity,FINBIN_county,0.85,0.85,False,31147,Richardson
12,103025,0,9272.25,0.0,9272.25,0.0,,,,,,,,,,,,,2019,M2_HI_sensitivity,FINBIN_county,0.85,0.85,False,31151,Saline
14,343472,0,30912.48,0.0,30912.48,0.0,,,,,,,,,,,,,2019,M2_HI_sensitivity,FINBIN_county,0.85,0.85,False,31155,Saunders
15,32027,0,2882.43,0.0,2882.43,0.0,,,,,,,,,,,,,2019,M2_HI_sensitivity,FINBIN_county,0.85,0.85,False,31159,Seward
1,56626,0,5096.34,0.0,5096.34,0.0,,,,,,,,,,,,,2019,M2_HI_sensitivity,FINBIN_county,0.85,1.0,False,31023,Butler
2,384550,0,34609.5,0.0,34609.5,0.0,,,,,,,,,,,,,2019,M2_HI_sensitivity,FINBIN_county,0.85,1.0,False,31025,Cass
4,583555,583020,52519.95,52471.799999999996,48.15,99.90832055247577,9.477055884876904,0.3844910980755377,20174.94,-130.1970784591258,-16881436.721295916,-49.33707845912653,-6397077.245345652,421.30292154086925,54626407.09501091,52319.61,20174.94,32144.67,2019,M2_HI_sensitivity,FINBIN_county,0.85,1.0,False,31067,Gage
5,133263,0,11993.67,0.0,11993.67,0.0,,,,,,,,,,,,,2019,M2_HI_sensitivity,FINBIN_county,0.85,1.0,False,31095,Jefferson
6,232775,232584,20949.75,20932.559999999998,17.189999999999998,99.91794651487488,9.646880503937757,0.24822859698001581,5196.0599999999995,-122.64751781191441,-6344002.004218392,-41.78751781191272,-2161479.510385438,428.8524821880887,22182601.450503822,20844.18,5196.0599999999995,15648.119999999999,2019,M2_HI_sensitivity,FINBIN_county,0.85,1.0,False,31097,Johnson
7,571098,570651,51398.82,51358.59,40.23,99.9217297206434,9.735584637814965,0.2032993896444587,10441.17,-118.70417177605574,-15064727.416053183,-37.844171776056776,-4802797.775028055,432.7958282239382,54926049.19816111,51159.96,10441.17,40718.79,2019,M2_HI_sensitivity,FINBIN_county,0.85,1.0,False,31109,Lancaster
8,331732,0,29855.879999999997,0.0,29855.879999999997,0.0,,,,,,,,,,,,,2019,M2_HI_sensitivity,FINBIN_county,0.85,1.0,False,31127,Nemaha
9,533913,0,48052.17,0.0,48052.17,0.0,,,,,,,,,,,,,2019,M2_HI_sensitivity,FINBIN_county,0.85,1.0,False,31131,Otoe
10,239783,239542,21580.469999999998,21558.78,21.689999999999998,99.8994924577639,9.50359711617916,0.3335490227183542,7190.91,-129.01718689524927,-6873120.412915496,-48.157186895250746,-2565473.269441766,422.4828131047471,22506887.00268913,21445.11,7190.91,14254.199999999999,2019,M2_HI_sensitivity,FINBIN_county,0.85,1.0,False,31133,Pawnee
11,380407,0,34236.63,0.0,34236.63,0.0,,,,,,,,,,,,,2019,M2_HI_sensitivity,FINBIN_county,0.85,1.0,False,31147,Richardson
12,103025,0,9272.25,0.0,9272.25,0.0,,,,,,,,,,,,,2019,M2_HI_sensitivity,FINBIN_county,0.85,1.0,False,31151,Saline
14,343472,0,30912.48,0.0,30912.48,0.0,,,,,,,,,,,,,2019,M2_HI_sensitivity,FINBIN_county,0.85,1.0,False,31155,Saunders
15,32027,0,2882.43,0.0,2882.43,0.0,,,,,,,,,,,,,2019,M2_HI_sensitivity,FINBIN_county,0.85,1.0,False,31159,Seward
1,56626,0,5096.34,0.0,5096.34,0.0,,,,,,,,,,,,,2019,M2_HI_sensitivity,FINBIN_county,0.85,1.15,False,31023,Butler
2,384550,0,34609.5,0.0,34609.5,0.0,,,,,,,,,,,,,2019,M2_HI_sensitivity,FINBIN_county,0.85,1.15,False,31025,Cass
4,583555,583020,52519.95,52471.799999999996,48.15,99.90832055247577,9.477055884876904,0.3844910980755377,20174.94,-212.92207845913128,-27607613.293742742,-119.93307845912426,-15550599.896398922,421.30292154086925,54626407.09501091,52463.7,20174.94,32288.76,2019,M2_HI_sensitivity,FINBIN_county,0.85,1.15,False,31067,Gage
5,133263,0,11993.67,0.0,11993.67,0.0,,,,,,,,,,,,,2019,M2_HI_sensitivity,FINBIN_county,0.85,1.15,False,31095,Jefferson
6,232775,232584,20949.75,20932.559999999998,17.189999999999998,99.91794651487488,9.646880503937757,0.24822859698001581,5196.0599999999995,-205.37251781191486,-10622992.522426724,-112.38351781191183,-5813091.65451877,428.8524821880887,22182601.450503822,20932.559999999998,5196.0599999999995,15736.5,2019,M2_HI_sensitivity,FINBIN_county,0.85,1.15,False,31097,Johnson
7,571098,570651,51398.82,51358.59,40.23,99.9217297206434,9.735584637814965,0.2032993896444587,10441.17,-201.42917177605372,-25563343.908185188,-108.44017177605471,-13762124.821006265,432.7958282239382,54926049.19816111,51358.59,10441.17,40917.42,2019,M2_HI_sensitivity,FINBIN_county,0.85,1.15,False,31109,Lancaster
8,331732,0,29855.879999999997,0.0,29855.879999999997,0.0,,,,,,,,,,,,,2019,M2_HI_sensitivity,FINBIN_county,0.85,1.15,False,31127,Nemaha
9,533913,0,48052.17,0.0,48052.17,0.0,,,,,,,,,,,,,2019,M2_HI_sensitivity,FINBIN_county,0.85,1.15,False,31131,Otoe
10,239783,239542,21580.469999999998,21558.78,21.689999999999998,99.8994924577639,9.50359711617916,0.3335490227183542,7190.91,-211.74218689524938,-11280121.525256224,-118.75318689524889,-6326327.310261318,422.4828131047471,22506887.00268913,21558.78,7190.91,14367.869999999999,2019,M2_HI_sensitivity,FINBIN_county,0.85,1.15,False,31133,Pawnee
11,380407,0,34236.63,0.0,34236.63,0.0,,,,,,,,,,,,,2019,M2_HI_sensitivity,FINBIN_county,0.85,1.15,False,31147,Richardson
12,103025,0,9272.25,0.0,9272.25,0.0,,,,,,,,,,,,,2019,M2_HI_sensitivity,FINBIN_county,0.85,1.15,False,31151,Saline
14,343472,0,30912.48,0.0,30912.48,0.0,,,,,,,,,,,,,2019,M2_HI_sensitivity,FINBIN_county,0.85,1.15,False,31155,Saunders
15,32027,0,2882.43,0.0,2882.43,0.0,,,,,,,,,,,,,2019,M2_HI_sensitivity,FINBIN_county,0.85,1.15,False,31159,Seward
1,56626,0,5096.34,0.0,5096.34,0.0,,,,,,,,,,,,,2019,M2_HI_sensitivity,FINBIN_county,1.0,0.85,False,31023,Butler
2,384550,0,34609.5,0.0,34609.5,0.0,,,,,,,,,,,,,2019,M2_HI_sensitivity,FINBIN_county,1.0,0.85,False,31025,Cass
4,583555,583020,52519.95,52471.799999999996,48.15,99.90832055247577,9.477055884876904,0.3844910980755377,20174.94,26.875495930440128,3484694.044387524,95.60649593044336,12396399.598945744,495.6504959304407,64266361.288248934,8174.7,8174.7,12000.24,2019,M2_HI_sensitivity,FINBIN_county,1.0,0.85,False,31067,Gage
5,133263,0,11993.67,0.0,11993.67,0.0,,,,,,,,,,,,,2019,M2_HI_sensitivity,FINBIN_county,1.0,0.85,False,31095,Jefferson
6,232775,232584,20949.75,20932.559999999998,17.189999999999998,99.91794651487488,9.646880503937757,0.24822859698001581,5196.0599999999995,35.757331985986,1849565.240549541,104.48833198598655,5404709.360307504,504.532331985992,26097178.1770636,2460.5099999999998,2460.5099999999998,2735.5499999999997,2019,M2_HI_sensitivity,FINBIN_county,1.0,0.85,False,31097,Johnson
7,571098,570651,51398.82,51358.59,40.23,99.9217297206434,9.735584637814965,0.2032993896444587,10441.17,40.3965626164038,5126721.287519256,109.12756261640337,13849361.48239067,509.1715626164167,64618881.4096037,3315.69,3315.69,7125.48,2019,M2_HI_sensitivity,FINBIN_county,1.0,0.85,False,31109,Lancaster
8,331732,0,29855.879999999997,0.0,29855.879999999997,0.0,,,,,,,,,,,,,2019,M2_HI_sensitivity,FINBIN_county,1.0,0.85,False,31127,Nemaha
9,533913,0,48052.17,0.0,48052.17,0.0,,,,,,,,,,,,,2019,M2_HI_sensitivity,FINBIN_county,1.0,0.85,False,31131,Otoe
10,239783,239542,21580.469999999998,21558.78,21.689999999999998,99.8994924577639,9.50359711617916,0.3335490227183542,7190.91,28.26360365264555,1505684.2881349805,96.99460365264405,5167184.360087638,497.03860365264893,26478690.591399256,3358.44,3358.44,3832.47,2019,M2_HI_sensitivity,FINBIN_county,1.0,0.85,False,31133,Pawnee
11,380407,0,34236.63,0.0,34236.63,0.0,,,,,,,,,,,,,2019,M2_HI_sensitivity,FINBIN_county,1.0,0.85,False,31147,Richardson
12,103025,0,9272.25,0.0,9272.25,0.0,,,,,,,,,,,,,2019,M2_HI_sensitivity,FINBIN_county,1.0,0.85,False,31151,Saline
14,343472,0,30912.48,0.0,30912.48,0.0,,,,,,,,,,,,,2019,M2_HI_sensitivity,FINBIN_county,1.0,0.85,False,31155,Saunders
15,32027,0,2882.43,0.0,2882.43,0.0,,,,,,,,,,,,,2019,M2_HI_sensitivity,FINBIN_county,1.0,0.85,False,31159,Seward
1,56626,0,5096.34,0.0,5096.34,0.0,,,,,,,,,,,,,2019,M2_HI_sensitivity,FINBIN_county,1.0,1.0,False,31023,Butler
2,384550,0,34609.5,0.0,34609.5,0.0,,,,,,,,,,,,,2019,M2_HI_sensitivity,FINBIN_county,1.0,1.0,False,31025,Cass
4,583555,583020,52519.95,52471.799999999996,48.15,99.90832055247577,9.477055884876904,0.3844910980755377,20174.94,-55.849504069560865,-7241482.528058724,25.010495930440353,3242876.9478917895,495.6504959304407,64266361.288248934,46973.25,20174.94,26798.309999999998,2019,M2_HI_sensitivity,FINBIN_county,1.0,1.0,False,31067,Gage
5,133263,0,11993.67,0.0,11993.67,0.0,,,,,,,,,,,,,2019,M2_HI_sensitivity,FINBIN_county,1.0,1.0,False,31095,Jefferson
6,232775,232584,20949.75,20932.559999999998,17.189999999999998,99.91794651487488,9.646880503937757,0.24822859698001581,5196.0599999999995,-46.967668014016,-2429425.2776588714,33.892331985985095,1753097.2161740512,504.532331985992,26097178.1770636,16785.18,5196.0599999999995,11589.119999999999,2019,M2_HI_sensitivity,FINBIN_county,1.0,1.0,False,31097,Johnson
7,571098,570651,51398.82,51358.59,40.23,99.9217297206434,9.735584637814965,0.2032993896444587,10441.17,-42.32843738359567,-5371895.204612937,38.53156261640556,4890034.436412478,509.1715626164167,64618881.4096037,44018.28,10441.17,33577.11,2019,M2_HI_sensitivity,FINBIN_county,1.0,1.0,False,31109,Lancaster
8,331732,0,29855.879999999997,0.0,29855.879999999997,0.0,,,,,,,,,,,,,2019,M2_HI_sensitivity,FINBIN_county,1.0,1.0,False,31127,Nemaha
9,533913,0,48052.17,0.0,48052.17,0.0,,,,,,,,,,,,,2019,M2_HI_sensitivity,FINBIN_county,1.0,1.0,False,31131,Otoe
10,239783,239542,21580.469999999998,21558.78,21.689999999999998,99.8994924577639,9.50359711617916,0.3335490227183542,7190.91,-54.46139634735417,-2901316.8242057273,26.398603652646035,1406330.3192680923,497.03860365264893,26478690.591399256,17544.329999999998,7190.91,10353.42,2019,M2_HI_sensitivity,FINBIN_county,1.0,1.0,False,31133,Pawnee
11,380407,0,34236.63,0.0,34236.63,0.0,,,,,,,,,,,,,2019,M2_HI_sensitivity,FINBIN_county,1.0,1.0,False,31147,Richardson
12,103025,0,9272.25,0.0,9272.25,0.0,,,,,,,,,,,,,2019,M2_HI_sensitivity,FINBIN_county,1.0,1.0,False,31151,Saline
14,343472,0,30912.48,0.0,30912.48,0.0,,,,,,,,,,,,,2019,M2_HI_sensitivity,FINBIN_county,1.0,1.0,False,31155,Saunders
15,32027,0,2882.43,0.0,2882.43,0.0,,,,,,,,,,,,,2019,M2_HI_sensitivity,FINBIN_county,1.0,1.0,False,31159,Seward
1,56626,0,5096.34,0.0,5096.34,0.0,,,,,,,,,,,,,2019,M2_HI_sensitivity,FINBIN_county,1.0,1.15,False,31023,Butler
2,384550,0,34609.5,0.0,34609.5,0.0,,,,,,,,,,,,,2019,M2_HI_sensitivity,FINBIN_county,1.0,1.15,False,31025,Cass
4,583555,583020,52519.95,52471.799999999996,48.15,99.90832055247577,9.477055884876904,0.3844910980755377,20174.94,-138.5745040695547,-17967659.100504044,-45.58550406956024,-5910645.703161852,495.6504959304407,64266361.288248934,52217.1,20174.94,32042.16,2019,M2_HI_sensitivity,FINBIN_county,1.0,1.15,False,31067,Gage
5,133263,0,11993.67,0.0,11993.67,0.0,,,,,,,,,,,,,2019,M2_HI_sensitivity,FINBIN_county,1.0,1.15,False,31095,Jefferson
6,232775,232584,20949.75,20932.559999999998,17.189999999999998,99.91794651487488,9.646880503937757,0.24822859698001581,5196.0599999999995,-129.69266801401804,-6708415.795867285,-36.7036680140152,-1898514.9279593427,504.532331985992,26097178.1770636,20776.41,5196.0599999999995,15580.349999999999,2019,M2_HI_sensitivity,FINBIN_county,1.0,1.15,False,31097,Johnson
7,571098,570651,51398.82,51358.59,40.23,99.9217297206434,9.735584637814965,0.2032993896444587,10441.17,-125.05343738359696,-15870511.696745358,-32.064437383595184,-4069292.6095660874,509.1715626164167,64618881.4096037,50989.77,10441.17,40548.6,2019,M2_HI_sensitivity,FINBIN_county,1.0,1.15,False,31109,Lancaster
8,331732,0,29855.879999999997,0.0,29855.879999999997,0.0,,,,,,,,,,,,,2019,M2_HI_sensitivity,FINBIN_county,1.0,1.15,False,31127,Nemaha
9,533913,0,48052.17,0.0,48052.17,0.0,,,,,,,,,,,,,2019,M2_HI_sensitivity,FINBIN_county,1.0,1.15,False,31131,Otoe
10,239783,239542,21580.469999999998,21558.78,21.689999999999998,99.8994924577639,9.50359711617916,0.3335490227183542,7190.91,-137.18639634735595,-7308317.9365465455,-44.197396347354136,-2354523.7215515682,497.03860365264893,26478690.591399256,21355.02,7190.91,14164.109999999999,2019,M2_HI_sensitivity,FINBIN_county,1.0,1.15,False,31133,Pawnee
11,380407,0,34236.63,0.0,34236.63,0.0,,,,,,,,,,,,,2019,M2_HI_sensitivity,FINBIN_county,1.0,1.15,False,31147,Richardson
12,103025,0,9272.25,0.0,9272.25,0.0,,,,,,,,,,,,,2019,M2_HI_sensitivity,FINBIN_county,1.0,1.15,False,31151,Saline
14,343472,0,30912.48,0.0,30912.48,0.0,,,,,,,,,,,,,2019,M2_HI_sensitivity,FINBIN_county,1.0,1.15,False,31155,Saunders
15,32027,0,2882.43,0.0,2882.43,0.0,,,,,,,,,,,,,2019,M2_HI_sensitivity,FINBIN_county,1.0,1.15,False,31159,Seward
1,56626,0,5096.34,0.0,5096.34,0.0,,,,,,,,,,,,,2019,M2_HI_sensitivity,FINBIN_county,1.15,0.85,False,31023,Butler
2,384550,0,34609.5,0.0,34609.5,0.0,,,,,,,,,,,,,2019,M2_HI_sensitivity,FINBIN_county,1.15,0.85,False,31025,Cass
4,583555,583020,52519.95,52471.799999999996,48.15,99.90832055247577,9.477055884876904,0.3844910980755377,20174.94,101.22307032000803,13124648.237625098,169.95407032001071,22036353.79218325,569.9980703200287,73906315.48148912,2623.86,2623.86,17551.079999999998,2019,M2_HI_sensitivity,FINBIN_county,1.15,0.85,False,31067,Gage
5,133263,0,11993.67,0.0,11993.67,0.0,,,,,,,,,,,,,2019,M2_HI_sensitivity,FINBIN_county,1.15,0.85,False,31095,Jefferson
6,232775,232584,20949.75,20932.559999999998,17.189999999999998,99.91794651487488,9.646880503937757,0.24822859698001581,5196.0599999999995,111.43718178388248,5764141.96710896,180.16818178387732,9319286.08686663,580.2121817838797,30011754.903622564,1565.6399999999999,1565.6399999999999,3630.42,2019,M2_HI_sensitivity,FINBIN_county,1.15,0.85,False,31097,Johnson
7,571098,570651,51398.82,51358.59,40.23,99.9217297206434,9.735584637814965,0.2032993896444587,10441.17,116.77229700886798,14819553.498960022,185.50329700886167,23542193.693830695,585.5472970088616,74311713.62104201,2251.98,2251.98,8189.19,2019,M2_HI_sensitivity,FINBIN_county,1.15,0.85,False,31109,Lancaster
8,331732,0,29855.879999999997,0.0,29855.879999999997,0.0,,,,,,,,,,,,,2019,M2_HI_sensitivity,FINBIN_county,1.15,0.85,False,31127,Nemaha
9,533913,0,48052.17,0.0,48052.17,0.0,,,,,,,,,,,,,2019,M2_HI_sensitivity,FINBIN_county,1.15,0.85,False,31131,Otoe
10,239783,239542,21580.469999999998,21558.78,21.689999999999998,99.8994924577639,9.50359711617916,0.3335490227183542,7190.91,102.81939420054613,5477487.876845041,171.55039420054013,9138987.948797459,571.5943942005475,30450494.18010921,1774.8899999999999,1774.8899999999999,5416.0199999999995,2019,M2_HI_sensitivity,FINBIN_county,1.15,0.85,False,31133,Pawnee
11,380407,0,34236.63,0.0,34236.63,0.0,,,,,,,,,,,,,2019,M2_HI_sensitivity,FINBIN_county,1.15,0.85,False,31147,Richardson
12,103025,0,9272.25,0.0,9272.25,0.0,,,,,,,,,,,,,2019,M2_HI_sensitivity,FINBIN_county,1.15,0.85,False,31151,Saline
14,343472,0,30912.48,0.0,30912.48,0.0,,,,,,,,,,,,,2019,M2_HI_sensitivity,FINBIN_county,1.15,0.85,False,31155,Saunders
15,32027,0,2882.43,0.0,2882.43,0.0,,,,,,,,,,,,,2019,M2_HI_sensitivity,FINBIN_county,1.15,0.85,False,31159,Seward
1,56626,0,5096.34,0.0,5096.34,0.0,,,,,,,,,,,,,2019,M2_HI_sensitivity,FINBIN_county,1.15,1.0,False,31023,Butler
2,384550,0,34609.5,0.0,34609.5,0.0,,,,,,,,,,,,,2019,M2_HI_sensitivity,FINBIN_county,1.15,1.0,False,31025,Cass
4,583555,583020,52519.95,52471.799999999996,48.15,99.90832055247577,9.477055884876904,0.3844910980755377,20174.94,18.49807032000593,2398471.6651787064,99.35807032000217,12882831.141128574,569.9980703200287,73906315.48148912,12022.02,12022.02,8152.92,2019,M2_HI_sensitivity,FINBIN_county,1.15,1.0,False,31067,Gage
5,133263,0,11993.67,0.0,11993.67,0.0,,,,,,,,,,,,,2019,M2_HI_sensitivity,FINBIN_county,1.15,1.0,False,31095,Jefferson
6,232775,232584,20949.75,20932.559999999998,17.189999999999998,99.91794651487488,9.646880503937757,0.24822859698001581,5196.0599999999995,28.712181783882457,1485151.448900651,109.57218178388187,5667673.942733487,580.2121817838797,30011754.903622564,3220.56,3220.56,1975.5,2019,M2_HI_sensitivity,FINBIN_county,1.15,1.0,False,31097,Johnson
7,571098,570651,51398.82,51358.59,40.23,99.9217297206434,9.735584637814965,0.2032993896444587,10441.17,34.04729700886599,4320937.006827511,114.90729700886429,14582866.647852553,585.5472970088616,74311713.62104201,4758.03,4758.03,5683.139999999999,2019,M2_HI_sensitivity,FINBIN_county,1.15,1.0,False,31109,Lancaster
8,331732,0,29855.879999999997,0.0,29855.879999999997,0.0,,,,,,,,,,,,,2019,M2_HI_sensitivity,FINBIN_county,1.15,1.0,False,31127,Nemaha
9,533913,0,48052.17,0.0,48052.17,0.0,,,,,,,,,,,,,2019,M2_HI_sensitivity,FINBIN_county,1.15,1.0,False,31131,Otoe
10,239783,239542,21580.469999999998,21558.78,21.689999999999998,99.8994924577639,9.50359711617916,0.3335490227183542,7190.91,20.09439420054206,1070486.7645041018,100.95439420054127,5378133.907977869,571.5943942005475,30450494.18010921,4561.11,4561.11,2629.7999999999997,2019,M2_HI_sensitivity,FINBIN_county,1.15,1.0,False,31133,Pawnee
11,380407,0,34236.63,0.0,34236.63,0.0,,,,,,,,,,,,,2019,M2_HI_sensitivity,FINBIN_county,1.15,1.0,False,31147,Richardson
12,103025,0,9272.25,0.0,9272.25,0.0,,,,,,,,,,,,,2019,M2_HI_sensitivity,FINBIN_county,1.15,1.0,False,31151,Saline
14,343472,0,30912.48,0.0,30912.48,0.0,,,,,,,,,,,,,2019,M2_HI_sensitivity,FINBIN_county,1.15,1.0,False,31155,Saunders
15,32027,0,2882.43,0.0,2882.43,0.0,,,,,,,,,,,,,2019,M2_HI_sensitivity,FINBIN_county,1.15,1.0,False,31159,Seward
1,56626,0,5096.34,0.0,5096.34,0.0,,,,,,,,,,,,,2019,M2_HI_sensitivity,FINBIN_county,1.15,1.15,False,31023,Butler
2,384550,0,34609.5,0.0,34609.5,0.0,,,,,,,,,,,,,2019,M2_HI_sensitivity,FINBIN_county,1.15,1.15,False,31025,Cass
4,583555,583020,52519.95,52471.799999999996,48.15,99.90832055247577,9.477055884876904,0.3844910980755377,20174.94,-64.2269296799927,-8327704.907267233,28.762070320005993,3729308.490075505,569.9980703200287,73906315.48148912,46973.25,20174.94,26798.309999999998,2019,M2_HI_sensitivity,FINBIN_county,1.15,1.15,False,31067,Gage
5,133263,0,11993.67,0.0,11993.67,0.0,,,,,,,,,,,,,2019,M2_HI_sensitivity,FINBIN_county,1.15,1.15,False,31095,Jefferson
6,232775,232584,20949.75,20932.559999999998,17.189999999999998,99.91794651487488,9.646880503937757,0.24822859698001581,5196.0599999999995,-54.012818216117026,-2793839.069307631,38.976181783882325,2016061.7986001314,580.2121817838797,30011754.903622564,16785.18,5196.0599999999995,11589.119999999999,2019,M2_HI_sensitivity,FINBIN_county,1.15,1.15,False,31097,Johnson
7,571098,570651,51398.82,51358.59,40.23,99.9217297206434,9.735584637814965,0.2032993896444587,10441.17,-48.6777029911341,-6177679.48530476,44.311297008865,5623539.601874172,585.5472970088616,74311713.62104201,44018.28,10441.17,33577.11,2019,M2_HI_sensitivity,FINBIN_county,1.15,1.15,False,31109,Lancaster
8,331732,0,29855.879999999997,0.0,29855.879999999997,0.0,,,,,,,,,,,,,2019,M2_HI_sensitivity,FINBIN_county,1.15,1.15,False,31127,Nemaha
9,533913,0,48052.17,0.0,48052.17,0.0,,,,,,,,,,,,,2019,M2_HI_sensitivity,FINBIN_county,1.15,1.15,False,31131,Otoe
10,239783,239542,21580.469999999998,21558.78,21.689999999999998,99.8994924577639,9.50359711617916,0.3335490227183542,7190.91,-62.63060579945716,-3336514.3478365787,30.35839420054255,1617279.8671582853,571.5943942005475,30450494.18010921,17544.329999999998,7190.91,10353.42,2019,M2_HI_sensitivity,FINBIN_county,1.15,1.15,False,31133,Pawnee
11,380407,0,34236.63,0.0,34236.63,0.0,,,,,,,,,,,,,2019,M2_HI_sensitivity,FINBIN_county,1.15,1.15,False,31147,Richardson
12,103025,0,9272.25,0.0,9272.25,0.0,,,,,,,,,,,,,2019,M2_HI_sensitivity,FINBIN_county,1.15,1.15,False,31151,Saline
14,343472,0,30912.48,0.0,30912.48,0.0,,,,,,,,,,,,,2019,M2_HI_sensitivity,FINBIN_county,1.15,1.15,False,31155,Saunders
15,32027,0,2882.43,0.0,2882.43,0.0,,,,,,,,,,,,,2019,M2_HI_sensitivity,FINBIN_county,1.15,1.15,False,31159,Seward
1,56626,56584,5096.34,5092.5599999999995,3.78,99.92582912443048,8.985614505786463,0.36644634525660963,1866.1499999999999,-164.51278285083805,-2070227.1837408284,-77.251782850838,-972135.6485426062,390.41821714915955,4913018.867978517,5092.5599999999995,1866.1499999999999,3226.41,2019,M2_HI_sensitivity,FINBIN_state,0.85,0.85,False,31023,Butler
2,384550,384318,34609.5,34588.619999999995,20.88,99.93966974385646,9.938516841615968,0.13537226983903955,4682.34,-123.10989039064773,-10522244.36081779,-35.84889039064608,-3064016.900328637,431.8211096093487,36907897.6599773,34501.86,4682.34,29819.52,2019,M2_HI_sensitivity,FINBIN_state,0.85,0.85,False,31025,Cass
4,583555,583020,52519.95,52471.799999999996,48.15,99.90832055247577,9.477055884876904,0.3844910980755377,20174.94,-143.16002317767007,-18562220.449914392,-55.89902317766867,-7247903.2073850995,411.7709768223312,53390489.02756051,52386.659999999996,20174.94,32211.719999999998,2019,M2_HI_sensitivity,FINBIN_state,0.85,0.85,False,31067,Gage
5,133263,133156,11993.67,11984.039999999999,9.629999999999999,99.91970764578315,9.494476583564145,0.384766739763886,4611.0599999999995,-142.40310687343757,-4217012.789110683,-55.14210687343709,-1632934.6670115879,412.52789312656483,12216274.204787754,11961.63,4611.0599999999995,7350.57,2019,M2_HI_sensitivity,FINBIN_state,0.85,0.85,False,31095,Jefferson
6,232775,232584,20949.75,20932.559999999998,17.189999999999998,99.91794651487488,9.646880503937757,0.24822859698001581,5196.0599999999995,-135.78127073295826,-7023351.707665199,-48.52027073296023,-2509734.4020216004,419.1497292670406,21680721.876618266,20880.27,5196.0599999999995,15684.21,2019,M2_HI_sensitivity,FINBIN_state,0.85,0.85,False,31097,Johnson
7,571098,570651,51398.82,51358.59,40.23,99.9217297206434,9.735584637814965,0.2032993896444587,10441.17,-131.9271425840369,-16742852.522123346,-44.66614258403821,-5668572.9969503125,423.0038574159592,53683351.75222427,51288.659999999996,10441.17,40847.49,2019,M2_HI_sensitivity,FINBIN_state,0.85,0.85,False,31109,Lancaster
8,331732,331187,29855.879999999997,29806.829999999998,49.05,99.83571075446444,9.879732510275907,0.18235921095936736,5435.55,-125.66402553892108,-9255693.4454643,-38.403025538921874,-2828547.2333249995,429.26697446108386,31617350.35014586,29724.39,5435.55,24288.84,2019,M2_HI_sensitivity,FINBIN_state,0.85,0.85,False,31127,Nemaha
9,533913,533339,48052.17,48000.509999999995,51.66,99.89249184792278,9.890822632596072,0.1832605528566259,8796.6,-125.18216803419138,-14848087.704043973,-37.92116803419362,-4497899.64220548,429.7488319658217,50973301.13340208,47858.759999999995,8796.6,39062.159999999996,2019,M2_HI_sensitivity,FINBIN_state,0.85,0.85,False,31131,Otoe
10,239783,239542,21580.469999999998,21558.78,21.689999999999998,99.8994924577639,9.50359711617916,0.3335490227183542,7190.91,-142.00682656553704,-7565116.26031185,-54.745826565539204,-2916469.2483571297,412.9241734344601,21997670.494264603,21511.53,7190.91,14320.619999999999,2019,M2_HI_sensitivity,FINBIN_state,0.85,0.85,False,31133,Pawnee
11,380407,379298,34236.63,34136.82,99.81,99.70847013856212,9.952347961832174,0.15018270594624808,5126.76,-122.50893858123025,-10334109.116375139,-35.24793858122763,-2973301.7659292948,432.4220614187731,36476495.66457127,33967.08,5126.76,28840.32,2019,M2_HI_sensitivity,FINBIN_state,0.85,0.85,False,31147,Richardson
12,103025,102936,9272.25,9264.24,8.01,99.91361320067945,9.6097248032454,0.27462695266961995,2544.21,-137.3956580864221,-3145321.253368504,-50.134658086423414,-1147704.4311720803,417.5353419135764,9558400.922154324,9263.16,2544.21,6718.95,2019,M2_HI_sensitivity,FINBIN_state,0.85,0.85,False,31151,Saline
14,343472,343168,30912.48,30885.12,27.36,99.91149205757675,9.503493919504159,0.3683735080193957,11377.26,-142.01131038373975,-10838131.884990118,-54.75031038374054,-4178477.637307028,412.91968961625554,31513532.562140066,30862.8,11377.26,19485.54,2019,M2_HI_sensitivity,FINBIN_state,0.85,0.85,False,31155,Saunders
15,32027,32019,2882.43,2881.71,0.72,99.97502107596715,9.369114406707752,0.27677316593272744,797.5799999999999,-147.84999952108973,-1052819.2197815676,-60.588999521089605,-431445.8127139883,407.08100047891304,2898767.0118387453,2881.62,797.5799999999999,2084.04,2019,M2_HI_sensitivity,FINBIN_state,0.85,0.85,False,31159,Seward
1,56626,56584,5096.34,5092.5599999999995,3.78,99.92582912443048,8.985614505786463,0.36644634525660963,1866.1499999999999,-262.44178285083484,-3302564.7222795016,-159.78178285083933,-2010692.3279287089,390.41821714915955,4913018.867978517,5092.5599999999995,1866.1499999999999,3226.41,2019,M2_HI_sensitivity,FINBIN_state,0.85,1.0,False,31023,Butler
2,384550,384318,34609.5,34588.619999999995,20.88,99.93966974385646,9.938516841615968,0.13537226983903955,4682.34,-221.03889039064967,-18892269.42331126,-118.37889039064564,-10117884.175676785,431.8211096093487,36907897.6599773,34588.619999999995,4682.34,29906.28,2019,M2_HI_sensitivity,FINBIN_state,0.85,1.0,False,31025,Cass
4,583555,583020,52519.95,52471.799999999996,48.15,99.90832055247577,9.477055884876904,0.3844910980755377,20174.94,-241.08902317766433,-31259757.416526835,-138.42902317767363,-17948795.954729088,411.7709768223312,53390489.02756051,52471.799999999996,20174.94,32296.86,2019,M2_HI_sensitivity,FINBIN_state,0.85,1.0,False,31067,Gage
5,133263,133156,11993.67,11984.039999999999,9.629999999999999,99.91970764578315,9.494476583564145,0.384766739763886,4611.0599999999995,-240.33210687343697,-7117004.611563318,-137.67210687343703,-4076912.7032114603,412.52789312656483,12216274.204787754,11984.039999999999,4611.0599999999995,7372.98,2019,M2_HI_sensitivity,FINBIN_state,0.85,1.0,False,31095,Jefferson
6,232775,232584,20949.75,20932.559999999998,17.189999999999998,99.91794651487488,9.646880503937757,0.24822859698001581,5196.0599999999995,-233.71027073296088,-12088776.457833018,-131.05027073296174,-6778638.451193413,419.1497292670406,21680721.876618266,20932.559999999998,5196.0599999999995,15736.5,2019,M2_HI_sensitivity,FINBIN_state,0.85,1.0,False,31097,Johnson
7,571098,570651,51398.82,51358.59,40.23,99.9217297206434,9.735584637814965,0.2032993896444587,10441.17,-229.8561425840423,-29171006.21759723,-127.19614258403942,-16142442.070334274,423.0038574159592,53683351.75222427,51358.59,10441.17,40917.42,2019,M2_HI_sensitivity,FINBIN_state,0.85,1.0,False,31109,Lancaster
8,331732,331187,29855.879999999997,29806.829999999998,49.05,99.83571075446444,9.879732510275907,0.18235921095936736,5435.55,-223.59302553892203,-16468583.527042568,-120.9330255389203,-8907235.042172607,429.26697446108386,31617350.35014586,29806.829999999998,5435.55,24371.28,2019,M2_HI_sensitivity,FINBIN_state,0.85,1.0,False,31127,Nemaha
9,533913,533339,48052.17,48000.509999999995,51.66,99.89249184792278,9.890822632596072,0.1832605528566259,8796.6,-223.11116803419836,-26463626.910652652,-120.45116803419305,-14286935.07319466,429.7488319658217,50973301.13340208,48000.509999999995,8796.6,39203.909999999996,2019,M2_HI_sensitivity,FINBIN_state,0.85,1.0,False,31131,Otoe
10,239783,239542,21580.469999999998,21558.78,21.689999999999998,99.8994924577639,9.50359711617916,0.3335490227183542,7190.91,-239.93582656554122,-12782078.62876677,-137.27582656554085,-7313082.144114,412.9241734344601,21997670.494264603,21558.78,7190.91,14367.869999999999,2019,M2_HI_sensitivity,FINBIN_state,0.85,1.0,False,31133,Pawnee
11,380407,379298,34236.63,34136.82,99.81,99.70847013856212,9.952347961832174,0.15018270594624808,5126.76,-220.43793858123377,-18594804.07771887,-117.77793858122399,-9935030.724252608,432.4220614187731,36476495.66457127,34136.82,5126.76,29010.059999999998,2019,M2_HI_sensitivity,FINBIN_state,0.85,1.0,False,31147,Richardson
12,103025,102936,9272.25,9264.24,8.01,99.91361320067945,9.6097248032454,0.27462695266961995,2544.21,-235.3246580864194,-5387154.578460712,-132.66465808642369,-3037017.1405826285,417.5353419135764,9558400.922154324,9264.24,2544.21,6720.03,2019,M2_HI_sensitivity,FINBIN_state,0.85,1.0,False,31151,Saline
14,343472,343168,30912.48,30885.12,27.36,99.91149205757675,9.503493919504159,0.3683735080193957,11377.26,-239.94031038375132,-18311955.022719923,-137.2803103837418,-10477067.672503723,412.91968961625554,31513532.562140066,30885.12,11377.26,19507.86,2019,M2_HI_sensitivity,FINBIN_state,0.85,1.0,False,31155,Saunders
15,32027,32019,2882.43,2881.71,0.72,99.97502107596715,9.369114406707752,0.27677316593272744,797.5799999999999,-245.77899952108774,-1750157.9665380758,-143.1189995210887,-1019130.4288115199,407.08100047891304,2898767.0118387453,2881.71,797.5799999999999,2084.13,2019,M2_HI_sensitivity,FINBIN_state,0.85,1.0,False,31159,Seward
1,56626,56584,5096.34,5092.5599999999995,3.78,99.92582912443048,8.985614505786463,0.36644634525660963,1866.1499999999999,-360.3707828508416,-4534902.2608183,-242.31178285084258,-3049249.0073148357,390.41821714915955,4913018.867978517,5092.5599999999995,1866.1499999999999,3226.41,2019,M2_HI_sensitivity,FINBIN_state,0.85,1.15,False,31023,Butler
2,384550,384318,34609.5,34588.619999999995,20.88,99.93966974385646,9.938516841615968,0.13537226983903955,4682.34,-318.96789039064925,-27262294.485804528,-200.90889039065195,-17171751.451025512,431.8211096093487,36907897.6599773,34588.619999999995,4682.34,29906.28,2019,M2_HI_sensitivity,FINBIN_state,0.85,1.15,False,31025,Cass
4,583555,583020,52519.95,52471.799999999996,48.15,99.90832055247577,9.477055884876904,0.3844910980755377,20174.94,-339.01802317766686,-43957294.38314035,-220.95902317767377,-28649688.70207245,411.7709768223312,53390489.02756051,52471.799999999996,20174.94,32296.86,2019,M2_HI_sensitivity,FINBIN_state,0.85,1.15,False,31067,Gage
5,133263,133156,11993.67,11984.039999999999,9.629999999999999,99.91970764578315,9.494476583564145,0.384766739763886,4611.0599999999995,-338.26110687343413,-10016996.434015887,-220.20210687343737,-6520890.739411344,412.52789312656483,12216274.204787754,11984.039999999999,4611.0599999999995,7372.98,2019,M2_HI_sensitivity,FINBIN_state,0.85,1.15,False,31095,Jefferson
6,232775,232584,20949.75,20932.559999999998,17.189999999999998,99.91794651487488,9.646880503937757,0.24822859698001581,5196.0599999999995,-331.63927073295656,-17154201.208000477,-213.58027073295986,-11047542.500365049,419.1497292670406,21680721.876618266,20932.559999999998,5196.0599999999995,15736.5,2019,M2_HI_sensitivity,FINBIN_state,0.85,1.15,False,31097,Johnson
7,571098,570651,51398.82,51358.59,40.23,99.9217297206434,9.735584637814965,0.2032993896444587,10441.17,-327.7851425840382,-41599159.913069904,-209.72614258404607,-26616311.14371892,423.0038574159592,53683351.75222427,51358.59,10441.17,40917.42,2019,M2_HI_sensitivity,FINBIN_state,0.85,1.15,False,31109,Lancaster
8,331732,331187,29855.879999999997,29806.829999999998,49.05,99.83571075446444,9.879732510275907,0.18235921095936736,5435.55,-321.52202553892545,-23681473.60862102,-203.46302553891806,-14985922.851020169,429.26697446108386,31617350.35014586,29806.829999999998,5435.55,24371.28,2019,M2_HI_sensitivity,FINBIN_state,0.85,1.15,False,31127,Nemaha
9,533913,533339,48052.17,48000.509999999995,51.66,99.89249184792278,9.890822632596072,0.1832605528566259,8796.6,-321.04016803419483,-38079166.11726009,-202.9811680341937,-24075970.50418399,429.7488319658217,50973301.13340208,48000.509999999995,8796.6,39203.909999999996,2019,M2_HI_sensitivity,FINBIN_state,0.85,1.15,False,31131,Otoe
10,239783,239542,21580.469999999998,21558.78,21.689999999999998,99.8994924577639,9.50359711617916,0.3335490227183542,7190.91,-337.8648265655365,-17999040.99722121,-219.80582656553744,-11709695.039870601,412.9241734344601,21997670.494264603,21558.78,7190.91,14367.869999999999,2019,M2_HI_sensitivity,FINBIN_state,0.85,1.15,False,31133,Pawnee
11,380407,379298,34236.63,34136.82,99.81,99.70847013856212,9.952347961832174,0.15018270594624808,5126.76,-318.3669385812272,-26855499.03906175,-200.30793858122124,-16896759.682575993,432.4220614187731,36476495.66457127,34136.82,5126.76,29010.059999999998,2019,M2_HI_sensitivity,FINBIN_state,0.85,1.15,False,31147,Richardson
12,103025,102936,9272.25,9264.24,8.01,99.91361320067945,9.6097248032454,0.27462695266961995,2544.21,-333.2536580864238,-7628987.903553084,-215.1946580864289,-4926329.84999329,417.5353419135764,9558400.922154324,9264.24,2544.21,6720.03,2019,M2_HI_sensitivity,FINBIN_state,0.85,1.15,False,31151,Saline
14,343472,343168,30912.48,30885.12,27.36,99.91149205757675,9.503493919504159,0.3683735080193957,11377.26,-337.86931038373285,-25785778.16044743,-219.81031038374007,-16775657.70770019,412.91968961625554,31513532.562140066,30885.12,11377.26,19507.86,2019,M2_HI_sensitivity,FINBIN_state,0.85,1.15,False,31155,Saunders
15,32027,32019,2882.43,2881.71,0.72,99.97502107596715,9.369114406707752,0.27677316593272744,797.5799999999999,-343.7079995210903,-2447496.7132946164,-225.6489995210882,-1606815.044909054,407.08100047891304,2898767.0118387453,2881.71,797.5799999999999,2084.13,2019,M2_HI_sensitivity,FINBIN_state,0.85,1.15,False,31159,Seward
1,56626,56584,5096.34,5092.5599999999995,3.78,99.92582912443048,8.985614505786463,0.36644634525660963,1866.1499999999999,-95.61545041275241,-1203223.8540975777,-8.354450412751111,-105132.31889933975,459.31554958725206,5780022.197621853,4780.62,1866.1499999999999,2914.47,2019,M2_HI_sensitivity,FINBIN_state,1.0,0.85,False,31023,Butler
2,384550,384318,34609.5,34588.619999999995,20.88,99.93966974385646,9.938516841615968,0.13537226983903955,4682.34,-46.906165165464905,-4009085.9502332476,40.35483483453506,3449141.51025576,508.02483483453966,43421056.07056254,31475.879999999997,4682.34,26793.539999999997,2019,M2_HI_sensitivity,FINBIN_state,1.0,0.85,False,31025,Cass
4,583555,583020,52519.95,52471.799999999996,48.15,99.90832055247577,9.477055884876904,0.3844910980755377,20174.94,-70.4945566796071,-9140369.445050187,16.76644332039025,2173947.797478581,484.4364433203929,62812340.03242455,49412.7,20174.94,29237.76,2019,M2_HI_sensitivity,FINBIN_state,1.0,0.85,False,31067,Gage
5,133263,133156,11993.67,11984.039999999999,9.629999999999999,99.91970764578315,9.494476583564145,0.384766739763886,4611.0599999999995,-69.60406690992684,-2061199.6941481598,17.65693309007483,522878.4279509712,485.3269330900802,14372087.299750414,11525.4,4611.0599999999995,6914.34,2019,M2_HI_sensitivity,FINBIN_state,1.0,0.85,False,31095,Jefferson
6,232775,232584,20949.75,20932.559999999998,17.189999999999998,99.91794651487488,9.646880503937757,0.24822859698001581,5196.0599999999995,-61.81367145054121,-3197341.964732662,25.447328549458504,1316275.340911025,493.1173285494598,25506731.619550917,18704.52,5196.0599999999995,13508.46,2019,M2_HI_sensitivity,FINBIN_state,1.0,0.85,False,31097,Johnson
7,571098,570651,51398.82,51358.59,40.23,99.9217297206434,9.735584637814965,0.2032993896444587,10441.17,-57.279403040045636,-7269319.85996632,29.981596959954093,3804959.6652068472,497.65159695994925,63156884.41438113,47028.42,10441.17,36587.25,2019,M2_HI_sensitivity,FINBIN_state,1.0,0.85,False,31109,Lancaster
8,331732,331187,29855.879999999997,29806.829999999998,49.05,99.83571075446444,9.879732510275907,0.18235921095936736,5435.55,-49.911030045790184,-3676161.0307327914,37.34996995420898,2750985.1814065054,505.0199699542047,37196882.76487663,26969.67,5435.55,21534.12,2019,M2_HI_sensitivity,FINBIN_state,1.0,0.85,False,31127,Nemaha
9,533913,533339,48052.17,48000.509999999995,51.66,99.89249184792278,9.890822632596072,0.1832605528566259,8796.6,-49.34413886375764,-5852799.268738364,37.916861136242154,4497388.793100373,505.5868611362415,59968589.56870605,42995.159999999996,8796.6,34198.56,2019,M2_HI_sensitivity,FINBIN_state,1.0,0.85,False,31131,Otoe
10,239783,239542,21580.469999999998,21558.78,21.689999999999998,99.8994924577639,9.50359711617916,0.3335490227183542,7190.91,-69.1378547829857,-3683174.408382827,18.12314521701305,965472.6035719427,485.7931452170293,25879612.346194576,19333.98,7190.91,12143.07,2019,M2_HI_sensitivity,FINBIN_state,1.0,0.85,False,31133,Pawnee
11,380407,379298,34236.63,34136.82,99.81,99.70847013856212,9.952347961832174,0.15018270594624808,5126.76,-46.199163036735996,-3897080.469685679,41.0618369632634,3463726.880759893,508.7318369632652,42913524.31126055,29930.579999999998,5126.76,24803.82,2019,M2_HI_sensitivity,FINBIN_state,1.0,0.85,False,31147,Richardson
12,103025,102936,9272.25,9264.24,8.01,99.91361320067945,9.6097248032454,0.27462695266961995,2544.21,-63.7129506899098,-1458544.6200471802,23.54804931009013,539072.2021492723,491.218049310095,11245177.55547579,8673.57,2544.21,6129.36,2019,M2_HI_sensitivity,FINBIN_state,1.0,0.85,False,31151,Saline
14,343472,343168,30912.48,30885.12,27.36,99.91149205757675,9.503493919504159,0.3683735080193957,11377.26,-69.14312986322162,-5276920.256376978,18.117870136776848,1382733.9913060546,485.78787013678084,37074744.19075375,29505.329999999998,11377.26,18128.07,2019,M2_HI_sensitivity,FINBIN_state,1.0,0.85,False,31155,Saunders
15,32027,32019,2882.43,2881.71,0.72,99.97502107596715,9.369114406707752,0.27677316593272744,797.5799999999999,-76.01217590716404,-541272.1000453195,11.248824092835921,80101.30702225873,478.918824092833,3410314.1315749534,2654.19,797.5799999999999,1856.61,2019,M2_HI_sensitivity,FINBIN_state,1.0,0.85,False,31159,Seward
1,56626,56584,5096.34,5092.5599999999995,3.78,99.92582912443048,8.985614505786463,0.36644634525660963,1866.1499999999999,-193.5444504127512,-2435561.392636276,-90.88445041275068,-1143688.9982854202,459.31554958725206,5780022.197621853,5092.5599999999995,1866.1499999999999,3226.41,2019,M2_HI_sensitivity,FINBIN_state,1.0,1.0,False,31023,Butler
2,384550,384318,34609.5,34588.619999999995,20.88,99.93966974385646,9.938516841615968,0.13537226983903955,4682.34,-144.83516516546797,-12379111.012726817,-42.175165165465025,-3604725.7650924334,508.02483483453966,43421056.07056254,34501.86,4682.34,29819.52,2019,M2_HI_sensitivity,FINBIN_state,1.0,1.0,False,31025,Cass
4,583555,583020,52519.95,52471.799999999996,48.15,99.90832055247577,9.477055884876904,0.3844910980755377,20174.94,-168.42355667960507,-21837906.41166311,-65.76355667961106,-8526944.949864931,484.4364433203929,62812340.03242455,52386.659999999996,20174.94,32211.719999999998,2019,M2_HI_sensitivity,FINBIN_state,1.0,1.0,False,31067,Gage
5,133263,133156,11993.67,11984.039999999999,9.629999999999999,99.91970764578315,9.494476583564145,0.384766739763886,4611.0599999999995,-167.5330669099281,-4961191.51660085,-64.8730669099255,-1921099.6082489125,485.3269330900802,14372087.299750414,11961.63,4611.0599999999995,7350.57,2019,M2_HI_sensitivity,FINBIN_state,1.0,1.0,False,31095,Jefferson
6,232775,232584,20949.75,20932.559999999998,17.189999999999998,99.91794651487488,9.646880503937757,0.24822859698001581,5196.0599999999995,-159.74267145054145,-8262766.714900356,-57.08267145054111,-2952628.7082606894,493.1173285494598,25506731.619550917,20880.27,5196.0599999999995,15684.21,2019,M2_HI_sensitivity,FINBIN_state,1.0,1.0,False,31097,Johnson
7,571098,570651,51398.82,51358.59,40.23,99.9217297206434,9.735584637814965,0.2032993896444587,10441.17,-155.20840304004943,-19697473.555439997,-52.54840304004666,-6668909.408177055,497.65159695994925,63156884.41438113,51288.659999999996,10441.17,40847.49,2019,M2_HI_sensitivity,FINBIN_state,1.0,1.0,False,31109,Lancaster
8,331732,331187,29855.879999999997,29806.829999999998,49.05,99.83571075446444,9.879732510275907,0.18235921095936736,5435.55,-147.84003004579245,-10889051.112311156,-45.180030045790545,-3327702.627441183,505.0199699542047,37196882.76487663,29724.39,5435.55,24288.84,2019,M2_HI_sensitivity,FINBIN_state,1.0,1.0,False,31127,Nemaha
9,533913,533339,48052.17,48000.509999999995,51.66,99.89249184792278,9.890822632596072,0.1832605528566259,8796.6,-147.27313886375703,-17468338.475346144,-44.61313886375755,-5291646.637888841,505.5868611362415,59968589.56870605,47858.759999999995,8796.6,39062.159999999996,2019,M2_HI_sensitivity,FINBIN_state,1.0,1.0,False,31131,Otoe
10,239783,239542,21580.469999999998,21558.78,21.689999999999998,99.8994924577639,9.50359711617916,0.3335490227183542,7190.91,-167.06685478298974,-8900136.776837738,-64.40685478298677,-3431140.2921848306,485.7931452170293,25879612.346194576,21511.53,7190.91,14320.619999999999,2019,M2_HI_sensitivity,FINBIN_state,1.0,1.0,False,31133,Pawnee
11,380407,379298,34236.63,34136.82,99.81,99.70847013856212,9.952347961832174,0.15018270594624808,5126.76,-144.12816303673438,-12157775.431028977,-41.46816303673955,-3498002.077563974,508.7318369632652,42913524.31126055,33967.08,5126.76,28840.32,2019,M2_HI_sensitivity,FINBIN_state,1.0,1.0,False,31147,Richardson
12,103025,102936,9272.25,9264.24,8.01,99.91361320067945,9.6097248032454,0.27462695266961995,2544.21,-161.64195068991003,-3700377.945139455,-58.98195068991007,-1350240.5072612748,491.218049310095,11245177.55547579,9263.16,2544.21,6718.95,2019,M2_HI_sensitivity,FINBIN_state,1.0,1.0,False,31151,Saline
14,343472,343168,30912.48,30885.12,27.36,99.91149205757675,9.503493919504159,0.3683735080193957,11377.26,-167.07212986322466,-12750743.39410613,-64.41212986322454,-4915856.043890649,485.78787013678084,37074744.19075375,30862.8,11377.26,19485.54,2019,M2_HI_sensitivity,FINBIN_state,1.0,1.0,False,31155,Saunders
15,32027,32019,2882.43,2881.71,0.72,99.97502107596715,9.369114406707752,0.27677316593272744,797.5799999999999,-173.94117590716266,-1238610.846801832,-71.28117590716488,-507583.3090752849,478.918824092833,3410314.1315749534,2881.62,797.5799999999999,2084.04,2019,M2_HI_sensitivity,FINBIN_state,1.0,1.0,False,31159,Seward
1,56626,56584,5096.34,5092.5599999999995,3.78,99.92582912443048,8.985614505786463,0.36644634525660963,1866.1499999999999,-291.4734504127476,-3667898.9311749437,-173.41445041275213,-2182245.677671524,459.31554958725206,5780022.197621853,5092.5599999999995,1866.1499999999999,3226.41,2019,M2_HI_sensitivity,FINBIN_state,1.0,1.15,False,31023,Butler
2,384550,384318,34609.5,34588.619999999995,20.88,99.93966974385646,9.938516841615968,0.13537226983903955,4682.34,-242.7641651654634,-20749136.07521973,-124.705165165463,-10658593.040440448,508.02483483453966,43421056.07056254,34588.619999999995,4682.34,29906.28,2019,M2_HI_sensitivity,FINBIN_state,1.0,1.15,False,31025,Cass
4,583555,583020,52519.95,52471.799999999996,48.15,99.90832055247577,9.477055884876904,0.3844910980755377,20174.94,-266.3525566796159,-34535443.3782777,-148.2935566796082,-19227837.69720791,484.4364433203929,62812340.03242455,52471.799999999996,20174.94,32296.86,2019,M2_HI_sensitivity,FINBIN_state,1.0,1.15,False,31067,Gage
5,133263,133156,11993.67,11984.039999999999,9.629999999999999,99.91970764578315,9.494476583564145,0.384766739763886,4611.0599999999995,-265.46206690992267,-7861183.339053342,-147.40306690992276,-4365077.644448704,485.3269330900802,14372087.299750414,11984.039999999999,4611.0599999999995,7372.98,2019,M2_HI_sensitivity,FINBIN_state,1.0,1.15,False,31095,Jefferson
6,232775,232584,20949.75,20932.559999999998,17.189999999999998,99.91794651487488,9.646880503937757,0.24822859698001581,5196.0599999999995,-257.6716714505455,-13328191.465068247,-139.6126714505381,-7221532.757432268,493.1173285494598,25506731.619550917,20932.559999999998,5196.0599999999995,15736.5,2019,M2_HI_sensitivity,FINBIN_state,1.0,1.15,False,31097,Johnson
7,571098,570651,51398.82,51358.59,40.23,99.9217297206434,9.735584637814965,0.2032993896444587,10441.17,-253.1374030400503,-32125627.250913303,-135.07840304004216,-17142778.481560294,497.65159695994925,63156884.41438113,51358.59,10441.17,40917.42,2019,M2_HI_sensitivity,FINBIN_state,1.0,1.15,False,31109,Lancaster
8,331732,331187,29855.879999999997,29806.829999999998,49.05,99.83571075446444,9.879732510275907,0.18235921095936736,5435.55,-245.76903004578867,-18101941.193889078,-127.71003004579063,-9406390.436288914,505.0199699542047,37196882.76487663,29806.829999999998,5435.55,24371.28,2019,M2_HI_sensitivity,FINBIN_state,1.0,1.15,False,31127,Nemaha
9,533913,533339,48052.17,48000.509999999995,51.66,99.89249184792278,9.890822632596072,0.1832605528566259,8796.6,-245.20213886375586,-29083877.681953862,-127.14313886376077,-15080682.068878472,505.5868611362415,59968589.56870605,48000.509999999995,8796.6,39203.909999999996,2019,M2_HI_sensitivity,FINBIN_state,1.0,1.15,False,31131,Otoe
10,239783,239542,21580.469999999998,21558.78,21.689999999999998,99.8994924577639,9.50359711617916,0.3335490227183542,7190.91,-264.9958547829853,-14117099.145292198,-146.9368547829864,-7827753.187941593,485.7931452170293,25879612.346194576,21558.78,7190.91,14367.869999999999,2019,M2_HI_sensitivity,FINBIN_state,1.0,1.15,False,31133,Pawnee
11,380407,379298,34236.63,34136.82,99.81,99.70847013856212,9.952347961832174,0.15018270594624808,5126.76,-242.05716303673975,-20418470.392372865,-123.99816303674089,-10459731.035887707,508.7318369632652,42913524.31126055,34136.82,5126.76,29010.059999999998,2019,M2_HI_sensitivity,FINBIN_state,1.0,1.15,False,31147,Richardson
12,103025,102936,9272.25,9264.24,8.01,99.91361320067945,9.6097248032454,0.27462695266961995,2544.21,-259.5709506899082,-5942211.270231683,-141.51195068990927,-3239553.2166717993,491.218049310095,11245177.55547579,9264.24,2544.21,6720.03,2019,M2_HI_sensitivity,FINBIN_state,1.0,1.15,False,31151,Saline
14,343472,343168,30912.48,30885.12,27.36,99.91149205757675,9.503493919504159,0.3683735080193957,11377.26,-265.0011298632198,-20224566.531834677,-146.94212986322364,-11214446.079087181,485.78787013678084,37074744.19075375,30885.12,11377.26,19507.86,2019,M2_HI_sensitivity,FINBIN_state,1.0,1.15,False,31155,Saunders
15,32027,32019,2882.43,2881.71,0.72,99.97502107596715,9.369114406707752,0.27677316593272744,797.5799999999999,-271.8701759071661,-1935949.5935583785,-153.81117590716488,-1095267.9251728228,478.918824092833,3410314.1315749534,2881.71,797.5799999999999,2084.13,2019,M2_HI_sensitivity,FINBIN_state,1.0,1.15,False,31159,Seward
1,56626,56584,5096.34,5092.5599999999995,3.78,99.92582912443048,8.985614505786463,0.36644634525660963,1866.1499999999999,-26.718117974663883,-336220.5244542908,60.54288202533631,761871.0107439335,528.2128820253312,6647025.5272650225,1779.03,1779.03,87.11999999999999,2019,M2_HI_sensitivity,FINBIN_state,1.15,0.85,False,31023,Butler
2,384550,384318,34609.5,34588.619999999995,20.88,99.93966974385646,9.938516841615968,0.13537226983903955,4682.34,29.29756005971514,2504072.460351056,116.55856005971297,9962299.920839882,584.228560059732,49934214.4811479,4118.49,4118.49,563.85,2019,M2_HI_sensitivity,FINBIN_state,1.15,0.85,False,31025,Cass
4,583555,583020,52519.95,52471.799999999996,48.15,99.90832055247577,9.477055884876904,0.3844910980755377,20174.94,2.1709098184494535,281481.55981318565,89.4319098184488,11595798.802342214,557.1019098184607,72234191.0372894,19145.7,19145.7,1029.24,2019,M2_HI_sensitivity,FINBIN_state,1.15,0.85,False,31067,Gage
5,133263,133156,11993.67,11984.039999999999,9.629999999999999,99.91970764578315,9.494476583564145,0.384766739763886,4611.0599999999995,3.1949730535857577,94613.40081441941,90.45597305358592,2678691.522913506,558.1259730535849,16527900.394712757,4365.99,4365.99,245.07,2019,M2_HI_sensitivity,FINBIN_state,1.15,0.85,False,31095,Jefferson
6,232775,232584,20949.75,20932.559999999998,17.189999999999998,99.91794651487488,9.646880503937757,0.24822859698001581,5196.0599999999995,12.153927831877631,628667.7781999692,99.41492783187593,5142285.083843582,567.0849278318749,29332741.362483352,4922.91,4922.91,273.15,2019,M2_HI_sensitivity,FINBIN_state,1.15,0.85,False,31097,Johnson
7,571098,570651,51398.82,51358.59,40.23,99.9217297206434,9.735584637814965,0.2032993896444587,10441.17,17.368336503947322,2204212.802190923,104.62933650394743,13278492.327364137,572.2993365039449,72630417.07653873,9516.51,9516.51,924.66,2019,M2_HI_sensitivity,FINBIN_state,1.15,0.85,False,31109,Lancaster
8,331732,331187,29855.879999999997,29806.829999999998,49.05,99.83571075446444,9.879732510275907,0.18235921095936736,5435.55,25.841965447340073,1903371.38399867,113.102965447342,8330517.596138171,580.7729654473578,42776415.179609776,5015.429999999999,5015.429999999999,420.12,2019,M2_HI_sensitivity,FINBIN_state,1.15,0.85,False,31127,Nemaha
9,533913,533339,48052.17,48000.509999999995,51.66,99.89249184792278,9.890822632596072,0.1832605528566259,8796.6,26.49389030667868,3142489.166567554,113.75489030667721,13492677.228406139,581.4248903066903,68963878.00401343,8056.17,8056.17,740.43,2019,M2_HI_sensitivity,FINBIN_state,1.15,0.85,False,31131,Otoe
10,239783,239542,21580.469999999998,21558.78,21.689999999999998,99.8994924577639,9.50359711617916,0.3335490227183542,7190.91,3.7311169995651983,198767.44354617357,90.9921169995638,4847414.455500935,558.6621169995651,29761554.198122773,6866.82,6866.82,324.09,2019,M2_HI_sensitivity,FINBIN_state,1.15,0.85,False,31133,Pawnee
11,380407,379298,34236.63,34136.82,99.81,99.70847013856212,9.952347961832174,0.15018270594624808,5126.76,30.110612507751934,2539948.177003247,117.37161250775172,9900755.527448852,585.041612507767,49350552.957950644,4721.4,4721.4,405.35999999999996,2019,M2_HI_sensitivity,FINBIN_state,1.15,0.85,False,31147,Richardson
12,103025,102936,9272.25,9264.24,8.01,99.91361320067945,9.6097248032454,0.27462695266961995,2544.21,9.96975670660383,228232.01327417433,97.23075670660307,2225848.835470611,564.9007567066019,12931954.188796991,2368.08,2368.08,176.13,2019,M2_HI_sensitivity,FINBIN_state,1.15,0.85,False,31151,Saline
14,343472,343168,30912.48,30885.12,27.36,99.91149205757675,9.503493919504159,0.3683735080193957,11377.26,3.7250506572931665,284291.3722359055,90.98605065729268,6943945.619919019,558.6560506572703,42635955.81936469,10471.77,10471.77,905.49,2019,M2_HI_sensitivity,FINBIN_state,1.15,0.85,False,31155,Saunders
15,32027,32019,2882.43,2881.71,0.72,99.97502107596715,9.369114406707752,0.27677316593272744,797.5799999999999,-4.174352293238769,-29724.98030907431,83.08664770676074,591648.4267585007,550.756647706763,3921861.251311232,743.5799999999999,743.5799999999999,54.0,2019,M2_HI_sensitivity,FINBIN_state,1.15,0.85,False,31159,Seward
1,56626,56584,5096.34,5092.5599999999995,3.78,99.92582912443048,8.985614505786463,0.36644634525660963,1866.1499999999999,-124.64711797466498,-1568558.0629930177,-21.987117974663903,-276685.6686421552,528.2128820253312,6647025.5272650225,4895.639999999999,1866.1499999999999,3029.49,2019,M2_HI_sensitivity,FINBIN_state,1.15,1.0,False,31023,Butler
2,384550,384318,34609.5,34588.619999999995,20.88,99.93966974385646,9.938516841615968,0.13537226983903955,4682.34,-68.63143994028641,-5865952.602142382,34.02856005971479,2908432.645491851,584.228560059732,49934214.4811479,32475.51,4682.34,27793.17,2019,M2_HI_sensitivity,FINBIN_state,1.15,1.0,False,31025,Cass
4,583555,583020,52519.95,52471.799999999996,48.15,99.90832055247577,9.477055884876904,0.3844910980755377,20174.94,-95.7580901815522,-12416055.406800218,6.901909818449435,894906.0549989503,557.1019098184607,72234191.0372894,50553.72,20174.94,30378.78,2019,M2_HI_sensitivity,FINBIN_state,1.15,1.0,False,31067,Gage
5,133263,133156,11993.67,11984.039999999999,9.629999999999999,99.91970764578315,9.494476583564145,0.384766739763886,4611.0599999999995,-94.73402694641509,-2805378.4216382587,7.925973053585801,234713.4867136283,558.1259730535849,16527900.394712757,11706.3,4611.0599999999995,7095.24,2019,M2_HI_sensitivity,FINBIN_state,1.15,1.0,False,31095,Jefferson
6,232775,232584,20949.75,20932.559999999998,17.189999999999998,99.91794651487488,9.646880503937757,0.24822859698001581,5196.0599999999995,-85.77507216812181,-4436756.971967684,16.88492783187755,873381.0346719325,567.0849278318749,29332741.362483352,19548.45,5196.0599999999995,14352.39,2019,M2_HI_sensitivity,FINBIN_state,1.15,1.0,False,31097,Johnson
7,571098,570651,51398.82,51358.59,40.23,99.9217297206434,9.735584637814965,0.2032993896444587,10441.17,-80.56066349605454,-10223940.89328251,22.09933650394622,2804623.2539801784,572.2993365039449,72630417.07653873,48515.4,10441.17,38074.229999999996,2019,M2_HI_sensitivity,FINBIN_state,1.15,1.0,False,31109,Lancaster
8,331732,331187,29855.879999999997,29806.829999999998,49.05,99.83571075446444,9.879732510275907,0.18235921095936736,5435.55,-72.08703455265963,-5309518.697579509,30.572965447341222,2251829.787290389,580.7729654473578,42776415.179609776,27951.48,5435.55,22515.93,2019,M2_HI_sensitivity,FINBIN_state,1.15,1.0,False,31127,Nemaha
9,533913,533339,48052.17,48000.509999999995,51.66,99.89249184792278,9.890822632596072,0.1832605528566259,8796.6,-71.43510969332064,-8473050.04004022,31.224890306678272,3703641.7974170162,581.4248903066903,68963878.00401343,44666.369999999995,8796.6,35869.77,2019,M2_HI_sensitivity,FINBIN_state,1.15,1.0,False,31131,Otoe
10,239783,239542,21580.469999999998,21558.78,21.689999999999998,99.8994924577639,9.50359711617916,0.3335490227183542,7190.91,-94.19788300043422,-5018194.92490849,8.46211699956516,450801.55974422477,558.6621169995651,29761554.198122773,20146.14,7190.91,12955.23,2019,M2_HI_sensitivity,FINBIN_state,1.15,1.0,False,31133,Pawnee
11,380407,379298,34236.63,34136.82,99.81,99.70847013856212,9.952347961832174,0.15018270594624808,5126.76,-67.81838749224846,-5720746.7843402205,34.84161250775101,2939026.569125173,585.041612507767,49350552.957950644,31233.6,5126.76,26106.84,2019,M2_HI_sensitivity,FINBIN_state,1.15,1.0,False,31147,Richardson
12,103025,102936,9272.25,9264.24,8.01,99.91361320067945,9.6097248032454,0.27462695266961995,2544.21,-87.9592432933958,-2013601.311818087,14.700756706604043,336536.1260600907,564.9007567066019,12931954.188796991,8919.9,2544.21,6375.69,2019,M2_HI_sensitivity,FINBIN_state,1.15,1.0,False,31151,Saline
14,343472,343168,30912.48,30885.12,27.36,99.91149205757675,9.503493919504159,0.3683735080193957,11377.26,-94.20394934270503,-7189531.765492876,8.456050657292975,645355.5847224424,558.6560506572703,42635955.81936469,30021.21,11377.26,18643.95,2019,M2_HI_sensitivity,FINBIN_state,1.15,1.0,False,31155,Saunders
15,32027,32019,2882.43,2881.71,0.72,99.97502107596715,9.369114406707752,0.27677316593272744,797.5799999999999,-102.10335229323795,-727063.7270655909,0.5566477067612415,3963.810660966377,550.756647706763,3921861.251311232,2746.89,797.5799999999999,1949.31,2019,M2_HI_sensitivity,FINBIN_state,1.15,1.0,False,31159,Seward
1,56626,56584,5096.34,5092.5599999999995,3.78,99.92582912443048,8.985614505786463,0.36644634525660963,1866.1499999999999,-222.57611797466348,-2800895.6015317123,-104.51711797466274,-1315242.3480282263,528.2128820253312,6647025.5272650225,5092.5599999999995,1866.1499999999999,3226.41,2019,M2_HI_sensitivity,FINBIN_state,1.15,1.15,False,31023,Butler
2,384550,384318,34609.5,34588.619999999995,20.88,99.93966974385646,9.938516841615968,0.13537226983903955,4682.34,-166.56043994028397,-14235977.66463548,-48.50143994028488,-4145434.629856307,584.228560059732,49934214.4811479,34501.86,4682.34,29819.52,2019,M2_HI_sensitivity,FINBIN_state,1.15,1.15,False,31025,Cass
4,583555,583020,52519.95,52471.799999999996,48.15,99.90832055247577,9.477055884876904,0.3844910980755377,20174.94,-193.6870901815509,-25113592.37341323,-75.62809018154776,-9805986.69234403,557.1019098184607,72234191.0372894,52386.659999999996,20174.94,32211.719999999998,2019,M2_HI_sensitivity,FINBIN_state,1.15,1.15,False,31067,Gage
5,133263,133156,11993.67,11984.039999999999,9.629999999999999,99.91970764578315,9.494476583564145,0.384766739763886,4611.0599999999995,-192.66302694641325,-5705370.244090857,-74.60402694641499,-2209264.5494862692,558.1259730535849,16527900.394712757,11961.63,4611.0599999999995,7350.57,2019,M2_HI_sensitivity,FINBIN_state,1.15,1.15,False,31095,Jefferson
6,232775,232584,20949.75,20932.559999999998,17.189999999999998,99.91794651487488,9.646880503937757,0.24822859698001581,5196.0599999999995,-183.70407216811483,-9502181.722135004,-65.64507216812177,-3395523.0144997663,567.0849278318749,29332741.362483352,20880.27,5196.0599999999995,15684.21,2019,M2_HI_sensitivity,FINBIN_state,1.15,1.15,False,31097,Johnson
7,571098,570651,51398.82,51358.59,40.23,99.9217297206434,9.735584637814965,0.2032993896444587,10441.17,-178.48966349605487,-22652094.588755745,-60.430663496053775,-7669245.819403628,572.2993365039449,72630417.07653873,51288.659999999996,10441.17,40847.49,2019,M2_HI_sensitivity,FINBIN_state,1.15,1.15,False,31109,Lancaster
8,331732,331187,29855.879999999997,29806.829999999998,49.05,99.83571075446444,9.879732510275907,0.18235921095936736,5435.55,-170.0160345526551,-12522408.779157372,-51.95703455265857,-3826858.02155732,580.7729654473578,42776415.179609776,29724.39,5435.55,24288.84,2019,M2_HI_sensitivity,FINBIN_state,1.15,1.15,False,31127,Nemaha
9,533913,533339,48052.17,48000.509999999995,51.66,99.89249184792278,9.890822632596072,0.1832605528566259,8796.6,-169.36410969332795,-20088589.24664894,-51.30510969332164,-6085393.633572223,581.4248903066903,68963878.00401343,47858.759999999995,8796.6,39062.159999999996,2019,M2_HI_sensitivity,FINBIN_state,1.15,1.15,False,31131,Otoe
10,239783,239542,21580.469999999998,21558.78,21.689999999999998,99.8994924577639,9.50359711617916,0.3335490227183542,7190.91,-192.1268830004318,-10235157.293363057,-74.06788300043412,-3945811.3360125194,558.6621169995651,29761554.198122773,21511.53,7190.91,14320.619999999999,2019,M2_HI_sensitivity,FINBIN_state,1.15,1.15,False,31133,Pawnee
11,380407,379298,34236.63,34136.82,99.81,99.70847013856212,9.952347961832174,0.15018270594624808,5126.76,-165.74738749225259,-13981441.745684,-47.68838749224835,-4022702.3891983908,585.041612507767,49350552.957950644,33967.08,5126.76,28840.32,2019,M2_HI_sensitivity,FINBIN_state,1.15,1.15,False,31147,Richardson
12,103025,102936,9272.25,9264.24,8.01,99.91361320067945,9.6097248032454,0.27462695266961995,2544.21,-185.8882432933984,-4255434.636910416,-67.82924329339652,-1552776.5833504645,564.9007567066019,12931954.188796991,9263.16,2544.21,6718.95,2019,M2_HI_sensitivity,FINBIN_state,1.15,1.15,False,31151,Saline
14,343472,343168,30912.48,30885.12,27.36,99.91149205757675,9.503493919504159,0.3683735080193957,11377.26,-192.13294934270257,-14663354.903221605,-74.07394934270792,-5653234.450474224,558.6560506572703,42635955.81936469,30862.8,11377.26,19485.54,2019,M2_HI_sensitivity,FINBIN_state,1.15,1.15,False,31155,Saunders
15,32027,32019,2882.43,2881.71,0.72,99.97502107596715,9.369114406707752,0.27677316593272744,797.5799999999999,-200.0323522932372,-1424402.473822108,-81.97335229323856,-583720.8054365702,550.756647706763,3921861.251311232,2881.62,797.5799999999999,2084.04,2019,M2_HI_sensitivity,FINBIN_state,1.15,1.15,False,31159,Seward
1,16185,12747,1456.6499999999999,1147.23,309.42,78.758109360519,11.816547253220335,0.10449517533537303,119.88,467.3646287537565,1324916.5947112895,659.881128753756,1870675.280570516,953.7176287537596,2703662.6977398335,0.0,0.0,119.88,2021,M1_fixed,UNL,0.85,0.85,True,31023,Butler
2,327932,314678,29513.879999999997,28321.02,1192.86,95.95830842979642,11.659078905971395,0.14731884656696687,4172.22,454.6553038110414,31818035.058190305,647.1718038110236,45290871.941283904,941.0083038110566,65854362.52416872,0.09,0.09,4172.13,2021,M1_fixed,UNL,0.85,0.85,True,31025,Cass
4,153116,140448,13780.439999999999,12640.32,1140.12,91.72653413098566,10.826109386561237,0.6400803144224196,8090.82,387.42604488691927,12101218.013563057,579.9425448869216,18114453.74836793,873.7790448869131,27292410.661099672,1.08,1.08,8089.74,2021,M1_fixed,UNL,0.85,0.85,True,31067,Gage
5,8116,7461,730.4399999999999,671.49,58.949999999999996,91.9295219319862,10.1358911588802,0.8352767725505964,560.88,331.718292248161,550416.1571653134,524.2347922481605,869856.4611737613,818.0712922481562,1357415.8178459282,0.09,0.09,560.79,2021,M1_fixed,UNL,0.85,0.85,True,31095,Jefferson
6,129110,111353,11619.9,10021.77,1598.1299999999999,86.24661141662149,11.342497336499735,0.38474042010543047,3855.7799999999997,429.10389549578423,10626471.754617952,621.6203954957772,15394014.466352506,915.4568954957756,22670679.396457896,0.0,0.0,3855.7799999999997,2021,M1_fixed,UNL,0.85,0.85,True,31097,Johnson
7,266481,250331,23983.29,22529.79,1453.5,93.93953039803964,11.429008216965267,0.3207073834243462,7225.469999999999,436.08621867453957,24277933.050080266,628.602718674546,34995773.92164463,922.4392186745317,51354334.61258365,0.0,0.0,7225.469999999999,2021,M1_fixed,UNL,0.85,0.85,True,31109,Lancaster
8,264930,255773,23843.7,23019.57,824.13,96.54361529460613,11.695687725516823,0.1458128887724662,3356.5499999999997,457.61001433859514,26030045.69043021,650.1265143385745,36980884.03343306,943.9630143386181,53695067.029563665,0.18,0.18,3356.37,2021,M1_fixed,UNL,0.85,0.85,True,31127,Nemaha
9,459626,430234,41366.34,38721.06,2645.2799999999997,93.60523556108662,11.580275458033203,0.23027236341153884,8916.39,448.29505018579147,42893687.653125465,640.8115501858031,61314017.33477394,934.6480501857889,89428829.32492085,0.44999999999999996,0.44999999999999996,8915.94,2021,M1_fixed,UNL,0.85,0.85,True,31131,Otoe
10,129943,114943,11694.869999999999,10344.869999999999,1350.0,88.45647707071562,11.285767793557907,0.4137616035774253,4280.3099999999995,424.5252344016955,10852024.147178866,617.0417344017113,15773271.548820222,910.878234401701,23284534.802267175,0.09,0.09,4280.22,2021,M1_fixed,UNL,0.85,0.85,True,31133,Pawnee
11,273488,264373,24613.92,23793.57,820.35,96.66712981922424,11.914748828016183,0.08608292072185889,2048.22,475.29051192819395,27944796.863320805,667.8070119281836,39263841.42726947,961.6435119281804,56540014.83585966,0.18,0.18,2048.04,2021,M1_fixed,UNL,0.85,0.85,True,31147,Richardson
12,18430,17021,1658.7,1531.8899999999999,126.81,92.35485621269669,11.083751509034265,0.4973855825157159,761.9399999999999,408.22042998490383,1545270.5241237823,600.7369299849038,2274019.138857438,894.5734299849038,3386302.7214759984,0.0,0.0,761.9399999999999,2021,M1_fixed,UNL,0.85,0.85,True,31151,Saline
14,27863,23404,2507.67,2106.36,401.31,83.99669813013674,11.89673948059773,0.08464365065800718,178.29,473.83697124940585,2466287.7517383955,666.3534712494043,3468322.448831772,960.1899712493995,4997720.5433975635,0.0,0.0,178.29,2021,M1_fixed,UNL,0.85,0.85,True,31155,Saunders
15,11529,10245,1037.61,922.05,115.56,88.86286755139214,11.290181629596075,0.4078086871644705,376.02,424.88147663979106,968064.899380304,617.3979766397905,1406701.2637505692,911.2344766397858,2076188.6795267847,0.0,0.0,376.02,2021,M1_fixed,UNL,0.85,0.85,True,31159,Seward
1,16185,12747,1456.6499999999999,1147.23,309.42,78.758109360519,11.816547253220335,0.10449517533537303,119.88,381.53762875375776,1081608.4588827281,608.0276287537588,1723677.5010700577,953.7176287537596,2703662.6977398335,0.0,0.0,119.88,2021,M1_fixed,UNL,0.85,1.0,True,31023,Butler
2,327932,314678,29513.879999999997,28321.02,1192.86,95.95830842979642,11.659078905971395,0.14731884656696687,4172.22,368.8283038110481,25811624.328900654,595.31830381105,41662020.661953546,941.0083038110566,65854362.52416872,0.27,0.27,4171.95,2021,M1_fixed,UNL,0.85,1.0,True,31025,Cass
4,153116,140448,13780.439999999999,12640.32,1140.12,91.72653413098566,10.826109386561237,0.6400803144224196,8090.82,301.5990448869165,9420419.311056476,528.0890448869166,16494814.293179773,873.7790448869131,27292410.661099672,2.6999999999999997,2.6999999999999997,8088.12,2021,M1_fixed,UNL,0.85,1.0,True,31067,Gage
5,8116,7461,730.4399999999999,671.49,58.949999999999996,91.9295219319862,10.1358911588802,0.8352767725505964,560.88,245.89129224815923,408004.4523393181,472.3812922481562,783816.5747021941,818.0712922481562,1357415.8178459282,0.27,0.27,560.61,2021,M1_fixed,UNL,0.85,1.0,True,31095,Jefferson
6,129110,111353,11619.9,10021.77,1598.1299999999999,86.24661141662149,11.342497336499735,0.38474042010543047,3855.7799999999997,343.276895495787,8501023.347234463,569.7668954957885,14109897.125745945,915.4568954957756,22670679.396457896,0.27,0.27,3855.5099999999998,2021,M1_fixed,UNL,0.85,1.0,True,31097,Johnson
7,266481,250331,23983.29,22529.79,1453.5,93.93953039803964,11.429008216965267,0.3207073834243462,7225.469999999999,350.259218674527,19499744.53904948,576.7492186745316,32108969.093830906,922.4392186745317,51354334.61258365,0.54,0.54,7224.929999999999,2021,M1_fixed,UNL,0.85,1.0,True,31109,Lancaster
8,264930,255773,23843.7,23019.57,824.13,96.54361529460613,11.695687725516823,0.1458128887724662,3356.5499999999997,371.78301433859724,21147983.101171717,598.2730143385987,34031322.32823535,943.9630143386181,53695067.029563665,1.6199999999999999,1.6199999999999999,3354.93,2021,M1_fixed,UNL,0.85,1.0,True,31127,Nemaha
9,459626,430234,41366.34,38721.06,2645.2799999999997,93.60523556108662,11.580275458033203,0.23027236341153884,8916.39,362.4680501858137,34681603.82869308,588.9580501858051,56352579.92474797,934.6480501857889,89428829.32492085,1.08,1.08,8915.31,2021,M1_fixed,UNL,0.85,1.0,True,31131,Otoe
10,129943,114943,11694.869999999999,10344.869999999999,1350.0,88.45647707071562,11.285767793557907,0.4137616035774253,4280.3099999999995,338.69823440169887,8658051.67863398,565.1882344016961,14447754.504093854,910.878234401701,23284534.802267175,0.27,0.27,4280.04,2021,M1_fixed,UNL,0.85,1.0,True,31133,Pawnee
11,273488,264373,24613.92,23793.57,820.35,96.66712981922424,11.914748828016183,0.08608292072185889,2048.22,389.46351192818315,22898581.926989637,615.9535119281925,36215104.94340112,961.6435119281804,56540014.83585966,0.36,0.36,2047.86,2021,M1_fixed,UNL,0.85,1.0,True,31147,Richardson
12,18430,17021,1658.7,1531.8899999999999,126.81,92.35485621269669,11.083751509034265,0.4973855825157159,761.9399999999999,322.3934299849073,1220382.4892969339,548.8834299849055,2077733.8007482872,894.5734299849038,3386302.7214759984,0.0,0.0,761.9399999999999,2021,M1_fixed,UNL,0.85,1.0,True,31151,Saline
14,27863,23404,2507.67,2106.36,401.31,83.99669813013674,11.89673948059773,0.08464365065800718,178.29,388.0099712494068,2019564.3179161889,614.4999712494048,3198428.6674378067,960.1899712493995,4997720.5433975635,0.0,0.0,178.29,2021,M1_fixed,UNL,0.85,1.0,True,31155,Saunders
15,11529,10245,1037.61,922.05,115.56,88.86286755139214,11.290181629596075,0.4078086871644705,376.02,339.0544766397888,772513.6440603295,565.5444766397909,1288556.4256724128,911.2344766397858,2076188.6795267847,0.0,0.0,376.02,2021,M1_fixed,UNL,0.85,1.0,True,31159,Seward
1,16185,12747,1456.6499999999999,1147.23,309.42,78.758109360519,11.816547253220335,0.10449517533537303,119.88,295.7106287537556,838300.3230541571,556.1741287537542,1576679.7215695786,953.7176287537596,2703662.6977398335,0.0,0.0,119.88,2021,M1_fixed,UNL,0.85,1.15,True,31023,Butler
2,327932,314678,29513.879999999997,28321.02,1192.86,95.95830842979642,11.659078905971395,0.14731884656696687,4172.22,283.00130381104435,19805213.599610265,543.4648038110453,38033169.382621005,941.0083038110566,65854362.52416872,1.6199999999999999,1.6199999999999999,4170.599999999999,2021,M1_fixed,UNL,0.85,1.15,True,31025,Cass
4,153116,140448,13780.439999999999,12640.32,1140.12,91.72653413098566,10.826109386561237,0.6400803144224196,8090.82,215.77204488691592,6739620.608549961,476.235544886913,14875174.83799166,873.7790448869131,27292410.661099672,7.02,7.02,8083.799999999999,2021,M1_fixed,UNL,0.85,1.15,True,31067,Gage
5,8116,7461,730.4399999999999,671.49,58.949999999999996,91.9295219319862,10.1358911588802,0.8352767725505964,560.88,160.06429224815858,265592.7475133248,420.5277922481589,697776.6882306385,818.0712922481562,1357415.8178459282,2.79,2.79,558.09,2021,M1_fixed,UNL,0.85,1.15,True,31095,Jefferson
6,129110,111353,11619.9,10021.77,1598.1299999999999,86.24661141662149,11.342497336499735,0.38474042010543047,3855.7799999999997,257.4498954957847,6375574.939850848,517.9133954957813,12825779.785138926,915.4568954957756,22670679.396457896,1.3499999999999999,1.3499999999999999,3854.43,2021,M1_fixed,UNL,0.85,1.15,True,31097,Johnson
7,266481,250331,23983.29,22529.79,1453.5,93.93953039803964,11.429008216965267,0.3207073834243462,7225.469999999999,264.43221867453644,14721556.028019918,524.8957186745317,29222164.266018007,922.4392186745317,51354334.61258365,3.51,3.51,7221.96,2021,M1_fixed,UNL,0.85,1.15,True,31109,Lancaster
8,264930,255773,23843.7,23019.57,824.13,96.54361529460613,11.695687725516823,0.1458128887724662,3356.5499999999997,285.9560143385979,16265920.511913138,546.4195143385914,31081760.623035852,943.9630143386181,53695067.029563665,3.5999999999999996,3.5999999999999996,3352.95,2021,M1_fixed,UNL,0.85,1.15,True,31127,Nemaha
9,459626,430234,41366.34,38721.06,2645.2799999999997,93.60523556108662,11.580275458033203,0.23027236341153884,8916.39,276.64105018580256,26469520.004257493,537.1045501857982,51391142.514721155,934.6480501857889,89428829.32492085,1.98,1.98,8914.41,2021,M1_fixed,UNL,0.85,1.15,True,31131,Otoe
10,129943,114943,11694.869999999999,10344.869999999999,1350.0,88.45647707071562,11.285767793557907,0.4137616035774253,4280.3099999999995,252.87123440169725,6464079.210088966,513.334734401696,13122237.45936787,910.878234401701,23284534.802267175,1.17,1.17,4279.139999999999,2021,M1_fixed,UNL,0.85,1.15,True,31133,Pawnee
11,273488,264373,24613.92,23793.57,820.35,96.66712981922424,11.914748828016183,0.08608292072185889,2048.22,303.6365119281881,17852366.990659405,564.1000119281904,33166368.45953211,961.6435119281804,56540014.83585966,0.54,0.54,2047.6799999999998,2021,M1_fixed,UNL,0.85,1.15,True,31147,Richardson
12,18430,17021,1658.7,1531.8899999999999,126.81,92.35485621269669,11.083751509034265,0.4973855825157159,761.9399999999999,236.56642998490503,895494.4544700637,497.02992998490623,1881448.4626391323,894.5734299849038,3386302.7214759984,0.09,0.09,761.85,2021,M1_fixed,UNL,0.85,1.15,True,31151,Saline
14,27863,23404,2507.67,2106.36,401.31,83.99669813013674,11.89673948059773,0.08464365065800718,178.29,302.18297124940386,1572840.8840939617,562.6464712494034,2928534.8860438317,960.1899712493995,4997720.5433975635,0.18,0.18,178.10999999999999,2021,M1_fixed,UNL,0.85,1.15,True,31155,Saunders
15,11529,10245,1037.61,922.05,115.56,88.86286755139214,11.290181629596075,0.4078086871644705,376.02,253.2274766397901,576962.3887403633,513.6909766397903,1170411.5875942537,911.2344766397858,2076188.6795267847,0.18,0.18,375.84,2021,M1_fixed,UNL,0.85,1.15,True,31159,Seward
1,16185,12747,1456.6499999999999,1147.23,309.42,78.758109360519,11.816547253220335,0.10449517533537303,119.88,635.6677397103028,1802033.5413712615,828.1842397103015,2347792.2272304855,1122.0207397103025,3180779.644399796,0.0,0.0,119.88,2021,M1_fixed,UNL,1.0,0.85,True,31023,Butler
2,327932,314678,29513.879999999997,28321.02,1192.86,95.95830842979642,11.659078905971395,0.14731884656696687,4172.22,620.7155927188838,43439393.15069129,813.2320927188646,56912230.03378479,1107.0685927188904,77475720.6166691,0.09,0.09,4172.13,2021,M1_fixed,UNL,1.0,0.85,True,31025,Cass
4,153116,140448,13780.439999999999,12640.32,1140.12,91.72653413098566,10.826109386561237,0.6400803144224196,8090.82,541.622346925791,16917525.777286675,734.1388469257806,22930761.512091156,1027.975346925779,32108718.42482311,0.09,0.09,8090.73,2021,M1_fixed,UNL,1.0,0.85,True,31067,Gage
5,8116,7461,730.4399999999999,671.49,58.949999999999996,91.9295219319862,10.1358911588802,0.8352767725505964,560.88,476.0838144095963,789960.1250204705,668.6003144095966,1109400.42902892,962.4368144095982,1596959.7857010965,0.0,0.0,560.88,2021,M1_fixed,UNL,1.0,0.85,True,31095,Jefferson
6,129110,111353,11619.9,10021.77,1598.1299999999999,86.24661141662149,11.342497336499735,0.38474042010543047,3855.7799999999997,590.655112347978,14627179.88340459,783.1716123479752,19394722.595139246,1077.0081123479897,26671387.525245033,0.0,0.0,3855.7799999999997,2021,M1_fixed,UNL,1.0,0.85,True,31097,Johnson
7,266481,250331,23983.29,22529.79,1453.5,93.93953039803964,11.429008216965267,0.3207073834243462,7225.469999999999,598.8696102053309,33340462.687594555,791.3861102053372,44058303.559158914,1085.2226102053307,60416864.25009838,0.0,0.0,7225.469999999999,2021,M1_fixed,UNL,1.0,0.85,True,31109,Lancaster
8,264930,255773,23843.7,23019.57,824.13,96.54361529460613,11.695687725516823,0.1458128887724662,3356.5499999999997,624.1917227512878,35505645.754470594,816.7082227512958,46456484.09747507,1110.5447227512855,63170667.09360261,0.09,0.09,3356.46,2021,M1_fixed,UNL,1.0,0.85,True,31127,Nemaha
9,459626,430234,41366.34,38721.06,2645.2799999999997,93.60523556108662,11.580275458033203,0.23027236341153884,8916.39,613.2329413950505,58675245.769288175,805.7494413950557,77095575.45093603,1099.585941395075,105210387.44108614,0.09,0.09,8916.3,2021,M1_fixed,UNL,1.0,0.85,True,31131,Otoe
10,129943,114943,11694.869999999999,10344.869999999999,1350.0,88.45647707071562,11.285767793557907,0.4137616035774253,4280.3099999999995,585.2684522372854,14961059.700520018,777.784952237282,19882307.102160886,1071.6214522372861,27393570.35560821,0.0,0.0,4280.3099999999995,2021,M1_fixed,UNL,1.0,0.85,True,31133,Pawnee
11,273488,264373,24613.92,23793.57,820.35,96.66712981922424,11.914748828016183,0.08608292072185889,2048.22,644.9923081507953,37922446.540236115,837.5088081508062,49241491.10418604,1131.3453081508217,66517664.51277731,0.09,0.09,2048.13,2021,M1_fixed,UNL,1.0,0.85,True,31147,Richardson
12,18430,17021,1658.7,1531.8899999999999,126.81,92.35485621269669,11.083751509034265,0.4973855825157159,761.9399999999999,566.0863293940034,2142853.357325425,758.6028293939992,2871601.972059065,1052.4393293940036,3983885.5546776415,0.0,0.0,761.9399999999999,2021,M1_fixed,UNL,1.0,0.85,True,31151,Saline
14,27863,23404,2507.67,2106.36,401.31,83.99669813013674,11.89673948059773,0.08464365065800718,178.29,643.2822602934135,3348238.4358673566,835.7987602934139,4350273.132960742,1129.6352602934205,5879671.227526594,0.0,0.0,178.29,2021,M1_fixed,UNL,1.0,0.85,True,31155,Saunders
15,11529,10245,1037.61,922.05,115.56,88.86286755139214,11.290181629596075,0.4078086871644705,376.02,585.6875607526944,1334451.136943854,778.2040607526935,1773087.5013141187,1072.0405607526936,2442574.917090345,0.0,0.0,376.02,2021,M1_fixed,UNL,1.0,0.85,True,31159,Seward
1,16185,12747,1456.6499999999999,1147.23,309.42,78.758109360519,11.816547253220335,0.10449517533537303,119.88,549.8407397103038,1558725.4055426994,776.3307397102947,2200794.44773,1122.0207397103025,3180779.644399796,0.0,0.0,119.88,2021,M1_fixed,UNL,1.0,1.0,True,31023,Butler
2,327932,314678,29513.879999999997,28321.02,1192.86,95.95830842979642,11.659078905971395,0.14731884656696687,4172.22,534.8885927188874,37432982.42140142,761.3785927188767,53283378.75445343,1107.0685927188904,77475720.6166691,0.09,0.09,4172.13,2021,M1_fixed,UNL,1.0,1.0,True,31025,Cass
4,153116,140448,13780.439999999999,12640.32,1140.12,91.72653413098566,10.826109386561237,0.6400803144224196,8090.82,455.7953469257835,14236727.074779946,682.285346925786,21311122.05690332,1027.975346925779,32108718.42482311,1.08,1.08,8089.74,2021,M1_fixed,UNL,1.0,1.0,True,31067,Gage
5,8116,7461,730.4399999999999,671.49,58.949999999999996,91.9295219319862,10.1358911588802,0.8352767725505964,560.88,390.25681440959846,647548.4201944818,616.7468144095994,1023360.5425573644,962.4368144095982,1596959.7857010965,0.09,0.09,560.79,2021,M1_fixed,UNL,1.0,1.0,True,31095,Jefferson
6,129110,111353,11619.9,10021.77,1598.1299999999999,86.24661141662149,11.342497336499735,0.38474042010543047,3855.7799999999997,504.828112347982,12501731.476021133,731.3181123479906,18110605.254532788,1077.0081123479897,26671387.525245033,0.0,0.0,3855.7799999999997,2021,M1_fixed,UNL,1.0,1.0,True,31097,Johnson
7,266481,250331,23983.29,22529.79,1453.5,93.93953039803964,11.429008216965267,0.3207073834243462,7225.469999999999,513.0426102053266,28562274.176564235,739.5326102053211,41171498.7313451,1085.2226102053307,60416864.25009838,0.0,0.0,7225.469999999999,2021,M1_fixed,UNL,1.0,1.0,True,31109,Lancaster
8,264930,255773,23843.7,23019.57,824.13,96.54361529460613,11.695687725516823,0.1458128887724662,3356.5499999999997,538.3647227512862,30623583.165211882,764.8547227513011,43506922.39227628,1110.5447227512855,63170667.09360261,0.18,0.18,3356.37,2021,M1_fixed,UNL,1.0,1.0,True,31127,Nemaha
9,459626,430234,41366.34,38721.06,2645.2799999999997,93.60523556108662,11.580275458033203,0.23027236341153884,8916.39,527.405941395068,50463161.94485533,753.8959413950581,72134138.04091012,1099.585941395075,105210387.44108614,0.44999999999999996,0.44999999999999996,8915.94,2021,M1_fixed,UNL,1.0,1.0,True,31131,Otoe
10,129943,114943,11694.869999999999,10344.869999999999,1350.0,88.45647707071562,11.285767793557907,0.4137616035774253,4280.3099999999995,499.4414522372851,12767087.23197504,725.9314522372899,18556790.057435106,1071.6214522372861,27393570.35560821,0.09,0.09,4280.22,2021,M1_fixed,UNL,1.0,1.0,True,31133,Pawnee
11,273488,264373,24613.92,23793.57,820.35,96.66712981922424,11.914748828016183,0.08608292072185889,2048.22,559.1653081508172,32876231.603906866,785.6553081508258,46192754.62031831,1131.3453081508217,66517664.51277731,0.18,0.18,2048.04,2021,M1_fixed,UNL,1.0,1.0,True,31147,Richardson
12,18430,17021,1658.7,1531.8899999999999,126.81,92.35485621269669,11.083751509034265,0.4973855825157159,761.9399999999999,480.25932939400246,1817965.32249856,706.7493293940094,2675316.633949946,1052.4393293940036,3983885.5546776415,0.0,0.0,761.9399999999999,2021,M1_fixed,UNL,1.0,1.0,True,31151,Saline
14,27863,23404,2507.67,2106.36,401.31,83.99669813013674,11.89673948059773,0.08464365065800718,178.29,557.4552602934164,2901515.0020451597,783.9452602934149,4080379.35156678,1129.6352602934205,5879671.227526594,0.0,0.0,178.29,2021,M1_fixed,UNL,1.0,1.0,True,31155,Saunders
15,11529,10245,1037.61,922.05,115.56,88.86286755139214,11.290181629596075,0.4078086871644705,376.02,499.8605607526957,1138899.8816238877,726.3505607526915,1654942.6632359563,1072.0405607526936,2442574.917090345,0.0,0.0,376.02,2021,M1_fixed,UNL,1.0,1.0,True,31159,Seward
1,16185,12747,1456.6499999999999,1147.23,309.42,78.758109360519,11.816547253220335,0.10449517533537303,119.88,464.0137397103018,1315417.2697141287,724.477239710303,2053796.6682295578,1122.0207397103025,3180779.644399796,0.0,0.0,119.88,2021,M1_fixed,UNL,1.0,1.15,True,31023,Butler
2,327932,314678,29513.879999999997,28321.02,1192.86,95.95830842979642,11.659078905971395,0.14731884656696687,4172.22,449.0615927188835,31426571.692111023,709.5250927188963,49654527.47512259,1107.0685927188904,77475720.6166691,0.27,0.27,4171.95,2021,M1_fixed,UNL,1.0,1.15,True,31025,Cass
4,153116,140448,13780.439999999999,12640.32,1140.12,91.72653413098566,10.826109386561237,0.6400803144224196,8090.82,369.968346925783,11555928.372273436,630.4318469257788,19691482.601715095,1027.975346925779,32108718.42482311,2.61,2.61,8088.21,2021,M1_fixed,UNL,1.0,1.15,True,31067,Gage
5,8116,7461,730.4399999999999,671.49,58.949999999999996,91.9295219319862,10.1358911588802,0.8352767725505964,560.88,304.4298144095977,505136.7153684883,564.8933144095975,937320.656085801,962.4368144095982,1596959.7857010965,0.18,0.18,560.6999999999999,2021,M1_fixed,UNL,1.0,1.15,True,31095,Jefferson
6,129110,111353,11619.9,10021.77,1598.1299999999999,86.24661141662149,11.342497336499735,0.38474042010543047,3855.7799999999997,419.00111234797873,10376283.068637494,679.4646123479788,16826487.91392566,1077.0081123479897,26671387.525245033,0.27,0.27,3855.5099999999998,2021,M1_fixed,UNL,1.0,1.15,True,31097,Johnson
7,266481,250331,23983.29,22529.79,1453.5,93.93953039803964,11.429008216965267,0.3207073834243462,7225.469999999999,427.21561020533744,23784085.66553475,687.679110205339,38284693.9035332,1085.2226102053307,60416864.25009838,0.54,0.54,7224.929999999999,2021,M1_fixed,UNL,1.0,1.15,True,31109,Lancaster
8,264930,255773,23843.7,23019.57,824.13,96.54361529460613,11.695687725516823,0.1458128887724662,3356.5499999999997,452.53772275128244,25741520.575953055,713.0012227512709,40557360.68707549,1110.5447227512855,63170667.09360261,1.08,1.08,3355.47,2021,M1_fixed,UNL,1.0,1.15,True,31127,Nemaha
9,459626,430234,41366.34,38721.06,2645.2799999999997,93.60523556108662,11.580275458033203,0.23027236341153884,8916.39,441.5789413950597,42251078.12042002,702.0424413950576,67172700.63088392,1099.585941395075,105210387.44108614,0.99,0.99,8915.4,2021,M1_fixed,UNL,1.0,1.15,True,31131,Otoe
10,129943,114943,11694.869999999999,10344.869999999999,1350.0,88.45647707071562,11.285767793557907,0.4137616035774253,4280.3099999999995,413.61445223728344,10573114.763430025,674.0779522373009,17231273.01270941,1071.6214522372861,27393570.35560821,0.27,0.27,4280.04,2021,M1_fixed,UNL,1.0,1.15,True,31133,Pawnee
11,273488,264373,24613.92,23793.57,820.35,96.66712981922424,11.914748828016183,0.08608292072185889,2048.22,473.33830815080944,27830016.66757589,733.8018081508059,43144018.13644825,1131.3453081508217,66517664.51277731,0.27,0.27,2047.9499999999998,2021,M1_fixed,UNL,1.0,1.15,True,31147,Richardson
12,18430,17021,1658.7,1531.8899999999999,126.81,92.35485621269669,11.083751509034265,0.4973855825157159,761.9399999999999,394.43232939400684,1493077.2876717146,654.8958293940047,2479031.2958407705,1052.4393293940036,3983885.5546776415,0.0,0.0,761.9399999999999,2021,M1_fixed,UNL,1.0,1.15,True,31151,Saline
14,27863,23404,2507.67,2106.36,401.31,83.99669813013674,11.89673948059773,0.08464365065800718,178.29,471.6282602934142,2454791.5682229367,732.0917602934152,3810485.570172814,1129.6352602934205,5879671.227526594,0.0,0.0,178.29,2021,M1_fixed,UNL,1.0,1.15,True,31155,Saunders
15,11529,10245,1037.61,922.05,115.56,88.86286755139214,11.290181629596075,0.4078086871644705,376.02,414.03356075269403,943348.6263039148,674.4970607526956,1536797.8251578084,1072.0405607526936,2442574.917090345,0.0,0.0,376.02,2021,M1_fixed,UNL,1.0,1.15,True,31159,Seward
1,16185,12747,1456.6499999999999,1147.23,309.42,78.758109360519,11.816547253220335,0.10449517533537303,119.88,803.970850666845,2279150.4880312216,996.4873506668464,2824909.1738904538,1290.323850666841,3657896.5910597458,0.0,0.0,119.88,2021,M1_fixed,UNL,1.15,0.85,True,31023,Butler
2,327932,314678,29513.879999999997,28321.02,1192.86,95.95830842979642,11.659078905971395,0.14731884656696687,4172.22,786.7758816267265,55060751.24319229,979.2923816267147,68533588.12628631,1273.1288816267295,89097078.70916985,0.0,0.0,4172.22,2021,M1_fixed,UNL,1.15,0.85,True,31025,Cass
4,153116,140448,13780.439999999999,12640.32,1140.12,91.72653413098566,10.826109386561237,0.6400803144224196,8090.82,695.8186489646387,21733833.54100954,888.3351489646454,27747069.27581456,1182.171648964642,36925026.18854645,0.0,0.0,8090.82,2021,M1_fixed,UNL,1.15,0.85,True,31067,Gage
5,8116,7461,730.4399999999999,671.49,58.949999999999996,91.9295219319862,10.1358911588802,0.8352767725505964,560.88,620.4493365710357,1029504.0928756344,812.9658365710374,1348944.3968840858,1106.8023365710378,1836503.7535562608,0.0,0.0,560.88,2021,M1_fixed,UNL,1.15,0.85,True,31095,Jefferson
6,129110,111353,11619.9,10021.77,1598.1299999999999,86.24661141662149,11.342497336499735,0.38474042010543047,3855.7799999999997,752.2063292001744,18627888.012191296,944.7228292001862,23395430.723926313,1238.559329200186,30672095.65403174,0.0,0.0,3855.7799999999997,2021,M1_fixed,UNL,1.15,0.85,True,31097,Johnson
7,266481,250331,23983.29,22529.79,1453.5,93.93953039803964,11.429008216965267,0.3207073834243462,7225.469999999999,761.6530017361101,42402992.32510817,954.169501736133,53120833.19667345,1248.0060017361054,69479393.88761173,0.0,0.0,7225.469999999999,2021,M1_fixed,UNL,1.15,0.85,True,31109,Lancaster
8,264930,255773,23843.7,23019.57,824.13,96.54361529460613,11.695687725516823,0.1458128887724662,3356.5499999999997,790.7734311639712,44981245.81851044,983.2899311639843,55932084.161515206,1277.1264311639259,72646267.15764001,0.09,0.09,3356.46,2021,M1_fixed,UNL,1.15,0.85,True,31127,Nemaha
9,459626,430234,41366.34,38721.06,2645.2799999999997,93.60523556108662,11.580275458033203,0.23027236341153884,8916.39,778.1708326043175,74456803.88545166,970.6873326043208,92877133.56709933,1264.523832604323,120991945.5572478,0.0,0.0,8916.39,2021,M1_fixed,UNL,1.15,0.85,True,31131,Otoe
10,129943,114943,11694.869999999999,10344.869999999999,1350.0,88.45647707071562,11.285767793557907,0.4137616035774253,4280.3099999999995,746.0116700728873,19070095.253861483,938.5281700728884,23991342.655502457,1232.364670072898,31502605.908949923,0.0,0.0,4280.3099999999995,2021,M1_fixed,UNL,1.15,0.85,True,31133,Pawnee
11,273488,264373,24613.92,23793.57,820.35,96.66712981922424,11.914748828016183,0.08608292072185889,2048.22,814.6941043734066,47900096.21715201,1007.2106043734229,59219140.781102255,1301.0471043734353,76495314.18969335,0.0,0.0,2048.22,2021,M1_fixed,UNL,1.15,0.85,True,31147,Richardson
12,18430,17021,1658.7,1531.8899999999999,126.81,92.35485621269669,11.083751509034265,0.4973855825157159,761.9399999999999,723.9522288031078,2740436.190527086,916.4687288031081,3469184.805260743,1210.3052288031074,4581468.3878793,0.0,0.0,761.9399999999999,2021,M1_fixed,UNL,1.15,0.85,True,31151,Saline
14,27863,23404,2507.67,2106.36,401.31,83.99669813013674,11.89673948059773,0.08464365065800718,178.29,812.72754933743,4230189.119996364,1005.2440493374269,5232223.817089732,1299.0805493374253,6761621.911655541,0.0,0.0,178.29,2021,M1_fixed,UNL,1.15,0.85,True,31155,Saunders
15,11529,10245,1037.61,922.05,115.56,88.86286755139214,11.290181629596075,0.4078086871644705,376.02,746.4936448655974,1700837.3745074037,939.0101448655996,2139473.738877675,1232.8466448655986,2808961.1546538984,0.0,0.0,376.02,2021,M1_fixed,UNL,1.15,0.85,True,31159,Seward
1,16185,12747,1456.6499999999999,1147.23,309.42,78.758109360519,11.816547253220335,0.10449517533537303,119.88,718.1438506668492,2035842.3522026688,944.633850666847,2677911.3943899893,1290.323850666841,3657896.5910597458,0.0,0.0,119.88,2021,M1_fixed,UNL,1.15,1.0,True,31023,Butler
2,327932,314678,29513.879999999997,28321.02,1192.86,95.95830842979642,11.659078905971395,0.14731884656696687,4172.22,700.9488816266933,49054340.51389985,927.4388816266904,64904736.84695241,1273.1288816267295,89097078.70916985,0.09,0.09,4172.13,2021,M1_fixed,UNL,1.15,1.0,True,31025,Cass
4,153116,140448,13780.439999999999,12640.32,1140.12,91.72653413098566,10.826109386561237,0.6400803144224196,8090.82,609.9916489646577,19053034.83850364,836.4816489646411,26127429.82062642,1182.171648964642,36925026.18854645,0.27,0.27,8090.549999999999,2021,M1_fixed,UNL,1.15,1.0,True,31067,Gage
5,8116,7461,730.4399999999999,671.49,58.949999999999996,91.9295219319862,10.1358911588802,0.8352767725505964,560.88,534.6223365710375,887092.3880496451,761.1123365710394,1262904.5104125293,1106.8023365710378,1836503.7535562608,0.0,0.0,560.88,2021,M1_fixed,UNL,1.15,1.0,True,31095,Jefferson
6,129110,111353,11619.9,10021.77,1598.1299999999999,86.24661141662149,11.342497336499735,0.38474042010543047,3855.7799999999997,666.37932920019,16502439.604808124,892.8693292001684,22111313.383319035,1238.559329200186,30672095.65403174,0.0,0.0,3855.7799999999997,2021,M1_fixed,UNL,1.15,1.0,True,31097,Johnson
7,266481,250331,23983.29,22529.79,1453.5,93.93953039803964,11.429008216965267,0.3207073834243462,7225.469999999999,675.8260017361342,37624803.81407943,902.316001736144,50234028.36886116,1248.0060017361054,69479393.88761173,0.0,0.0,7225.469999999999,2021,M1_fixed,UNL,1.15,1.0,True,31109,Lancaster
8,264930,255773,23843.7,23019.57,824.13,96.54361529460613,11.695687725516823,0.1458128887724662,3356.5499999999997,704.9464311639948,40099183.22925317,931.4364311639769,52982522.4563157,1277.1264311639259,72646267.15764001,0.09,0.09,3356.46,2021,M1_fixed,UNL,1.15,1.0,True,31127,Nemaha
9,459626,430234,41366.34,38721.06,2645.2799999999997,93.60523556108662,11.580275458033203,0.23027236341153884,8916.39,692.3438326042955,66244720.06101503,918.8338326043166,87915696.15707278,1264.523832604323,120991945.5572478,0.27,0.27,8916.119999999999,2021,M1_fixed,UNL,1.15,1.0,True,31131,Otoe
10,129943,114943,11694.869999999999,10344.869999999999,1350.0,88.45647707071562,11.285767793557907,0.4137616035774253,4280.3099999999995,660.1846700728828,16876122.785316393,886.6746700728725,22665825.61077607,1232.364670072898,31502605.908949923,0.0,0.0,4280.3099999999995,2021,M1_fixed,UNL,1.15,1.0,True,31133,Pawnee
11,273488,264373,24613.92,23793.57,820.35,96.66712981922424,11.914748828016183,0.08608292072185889,2048.22,728.8671043734251,42853881.28082257,955.3571043734448,56170404.297234654,1301.0471043734353,76495314.18969335,0.18,0.18,2048.04,2021,M1_fixed,UNL,1.15,1.0,True,31147,Richardson
12,18430,17021,1658.7,1531.8899999999999,126.81,92.35485621269669,11.083751509034265,0.4973855825157159,761.9399999999999,638.1252288031092,2415548.1557002296,864.6152288031119,3272899.4671516,1210.3052288031074,4581468.3878793,0.0,0.0,761.9399999999999,2021,M1_fixed,UNL,1.15,1.0,True,31151,Saline
14,27863,23404,2507.67,2106.36,401.31,83.99669813013674,11.89673948059773,0.08464365065800718,178.29,726.9005493374293,3783465.6861741478,953.390549337426,4962330.035695759,1299.0805493374253,6761621.911655541,0.0,0.0,178.29,2021,M1_fixed,UNL,1.15,1.0,True,31155,Saunders
15,11529,10245,1037.61,922.05,115.56,88.86286755139214,11.290181629596075,0.4078086871644705,376.02,660.6666448655988,1505286.1191874375,887.156644865599,2021328.9007995164,1232.8466448655986,2808961.1546538984,0.0,0.0,376.02,2021,M1_fixed,UNL,1.15,1.0,True,31159,Seward
1,16185,12747,1456.6499999999999,1147.23,309.42,78.758109360519,11.816547253220335,0.10449517533537303,119.88,632.3168506668461,1792534.2163740953,892.7803506668464,2530913.6148895216,1290.323850666841,3657896.5910597458,0.0,0.0,119.88,2021,M1_fixed,UNL,1.15,1.15,True,31023,Butler
2,327932,314678,29513.879999999997,28321.02,1192.86,95.95830842979642,11.659078905971395,0.14731884656696687,4172.22,615.1218816267037,43047929.78461046,875.585381626693,61275885.56762038,1273.1288816267295,89097078.70916985,0.09,0.09,4172.13,2021,M1_fixed,UNL,1.15,1.15,True,31025,Cass
4,153116,140448,13780.439999999999,12640.32,1140.12,91.72653413098566,10.826109386561237,0.6400803144224196,8090.82,524.1646489646481,16372236.135996848,784.6281489646519,24507790.36543876,1182.171648964642,36925026.18854645,1.08,1.08,8089.74,2021,M1_fixed,UNL,1.15,1.15,True,31067,Gage
5,8116,7461,730.4399999999999,671.49,58.949999999999996,91.9295219319862,10.1358911588802,0.8352767725505964,560.88,448.7953365710384,744680.6832236543,709.258836571038,1176864.623940967,1106.8023365710378,1836503.7535562608,0.09,0.09,560.79,2021,M1_fixed,UNL,1.15,1.15,True,31095,Jefferson
6,129110,111353,11619.9,10021.77,1598.1299999999999,86.24661141662149,11.342497336499735,0.38474042010543047,3855.7799999999997,580.5523292001759,14376991.197424218,841.0158292001772,20827196.042712413,1238.559329200186,30672095.65403174,0.0,0.0,3855.7799999999997,2021,M1_fixed,UNL,1.15,1.15,True,31097,Johnson
7,266481,250331,23983.29,22529.79,1453.5,93.93953039803964,11.429008216965267,0.3207073834243462,7225.469999999999,589.999001736136,32846615.30304945,850.4625017361491,47347223.541048534,1248.0060017361054,69479393.88761173,0.0,0.0,7225.469999999999,2021,M1_fixed,UNL,1.15,1.15,True,31109,Lancaster
8,264930,255773,23843.7,23019.57,824.13,96.54361529460613,11.695687725516823,0.1458128887724662,3356.5499999999997,619.11943116398,35217120.63999371,879.5829311639908,50032960.751117416,1277.1264311639259,72646267.15764001,0.18,0.18,3356.37,2021,M1_fixed,UNL,1.15,1.15,True,31127,Nemaha
9,459626,430234,41366.34,38721.06,2645.2799999999997,93.60523556108662,11.580275458033203,0.23027236341153884,8916.39,606.5168326043071,58032636.236581616,866.9803326043029,82954258.74704531,1264.523832604323,120991945.5572478,0.44999999999999996,0.44999999999999996,8915.94,2021,M1_fixed,UNL,1.15,1.15,True,31131,Otoe
10,129943,114943,11694.869999999999,10344.869999999999,1350.0,88.45647707071562,11.285767793557907,0.4137616035774253,4280.3099999999995,574.3576700728859,14682150.3167715,834.8211700728752,21340308.56605016,1232.364670072898,31502605.908949923,0.09,0.09,4280.22,2021,M1_fixed,UNL,1.15,1.15,True,31133,Pawnee
11,273488,264373,24613.92,23793.57,820.35,96.66712981922424,11.914748828016183,0.08608292072185889,2048.22,643.040104373432,37807666.34449244,903.5036043734185,53121667.81336422,1301.0471043734353,76495314.18969335,0.18,0.18,2048.04,2021,M1_fixed,UNL,1.15,1.15,True,31147,Richardson
12,18430,17021,1658.7,1531.8899999999999,126.81,92.35485621269669,11.083751509034265,0.4973855825157159,761.9399999999999,552.2982288031087,2090660.120873366,812.7617288031029,3076614.129042408,1210.3052288031074,4581468.3878793,0.0,0.0,761.9399999999999,2021,M1_fixed,UNL,1.15,1.15,True,31151,Saline
14,27863,23404,2507.67,2106.36,401.31,83.99669813013674,11.89673948059773,0.08464365065800718,178.29,641.0735493374286,3336742.2523519327,901.5370493374319,4692436.254301822,1299.0805493374253,6761621.911655541,0.0,0.0,178.29,2021,M1_fixed,UNL,1.15,1.15,True,31155,Saunders
15,11529,10245,1037.61,922.05,115.56,88.86286755139214,11.290181629596075,0.4078086871644705,376.02,574.8396448655981,1309734.8638674663,835.3031448655966,1903184.0627213528,1232.8466448655986,2808961.1546538984,0.0,0.0,376.02,2021,M1_fixed,UNL,1.15,1.15,True,31159,Seward
1,16185,12747,1456.6499999999999,1147.23,309.42,78.758109360519,11.816547253220335,0.10449517533537303,119.88,287.6661287537575,815495.2349271988,,,953.7176287537596,2703662.6977398335,0.0,0.0,119.88,2021,M1_fixed,ERS_Heartland,0.85,0.85,True,31023,Butler
2,327932,314678,29513.879999999997,28321.02,1192.86,95.95830842979642,11.659078905971395,0.14731884656696687,4172.22,274.95680381105115,19242237.250539068,,,941.0083038110566,65854362.52416872,1.89,1.89,4170.33,2021,M1_fixed,ERS_Heartland,0.85,0.85,True,31025,Cass
4,153116,140448,13780.439999999999,12640.32,1140.12,91.72653413098566,10.826109386561237,0.6400803144224196,8090.82,207.72754488691376,6488351.367375048,,,873.7790448869131,27292410.661099672,10.35,10.35,8080.469999999999,2021,M1_fixed,ERS_Heartland,0.85,0.85,True,31067,Gage
5,8116,7461,730.4399999999999,671.49,58.949999999999996,91.9295219319862,10.1358911588802,0.8352767725505964,560.88,152.01979224815844,252244.60579250593,,,818.0712922481562,1357415.8178459282,3.78,3.78,557.1,2021,M1_fixed,ERS_Heartland,0.85,0.85,True,31095,Jefferson
6,129110,111353,11619.9,10021.77,1598.1299999999999,86.24661141662149,11.342497336499735,0.38474042010543047,3855.7799999999997,249.40539549578497,6176358.263126782,,,915.4568954957756,22670679.396457896,1.3499999999999999,1.3499999999999999,3854.43,2021,M1_fixed,ERS_Heartland,0.85,0.85,True,31097,Johnson
7,266481,250331,23983.29,22529.79,1453.5,93.93953039803964,11.429008216965267,0.3207073834243462,7225.469999999999,256.38771867453517,14273700.02143705,,,922.4392186745317,51354334.61258365,4.5,4.5,7220.969999999999,2021,M1_fixed,ERS_Heartland,0.85,0.85,True,31109,Lancaster
8,264930,255773,23843.7,23019.57,824.13,96.54361529460613,11.695687725516823,0.1458128887724662,3356.5499999999997,277.9115143385894,15808328.46629425,,,943.9630143386181,53695067.029563665,3.96,3.96,3352.5899999999997,2021,M1_fixed,ERS_Heartland,0.85,0.85,True,31127,Nemaha
9,459626,430234,41366.34,38721.06,2645.2799999999997,93.60523556108662,11.580275458033203,0.23027236341153884,8916.39,268.59655018579434,25699807.578963224,,,934.6480501857889,89428829.32492085,2.61,2.61,8913.779999999999,2021,M1_fixed,ERS_Heartland,0.85,0.85,True,31131,Otoe
10,129943,114943,11694.869999999999,10344.869999999999,1350.0,88.45647707071562,11.285767793557907,0.4137616035774253,4280.3099999999995,244.8267344016927,6258439.824776419,,,910.878234401701,23284534.802267175,1.17,1.17,4279.139999999999,2021,M1_fixed,ERS_Heartland,0.85,0.85,True,31133,Pawnee
11,273488,264373,24613.92,23793.57,820.35,96.66712981922424,11.914748828016183,0.08608292072185889,2048.22,295.592011928178,17379389.06931342,,,961.6435119281804,56540014.83585966,0.54,0.54,2047.6799999999998,2021,M1_fixed,ERS_Heartland,0.85,0.85,True,31147,Richardson
12,18430,17021,1658.7,1531.8899999999999,126.81,92.35485621269669,11.083751509034265,0.4973855825157159,761.9399999999999,228.5219299849068,865042.9439178584,,,894.5734299849038,3386302.7214759984,0.09,0.09,761.85,2021,M1_fixed,ERS_Heartland,0.85,0.85,True,31151,Saline
14,27863,23404,2507.67,2106.36,401.31,83.99669813013674,11.89673948059773,0.08464365065800718,178.29,294.138471249404,1530969.8334527563,,,960.1899712493995,4997720.5433975635,0.18,0.18,178.10999999999999,2021,M1_fixed,ERS_Heartland,0.85,0.85,True,31155,Saunders
15,11529,10245,1037.61,922.05,115.56,88.86286755139214,11.290181629596075,0.4078086871644705,376.02,245.1829766397899,558633.5170167618,,,911.2344766397858,2076188.6795267847,0.18,0.18,375.84,2021,M1_fixed,ERS_Heartland,0.85,0.85,True,31159,Seward
1,16185,12747,1456.6499999999999,1147.23,309.42,78.758109360519,11.816547253220335,0.10449517533537303,119.88,170.12762875375597,482289.21207790717,,,953.7176287537596,2703662.6977398335,1.26,1.26,118.61999999999999,2021,M1_fixed,ERS_Heartland,0.85,1.0,True,31023,Butler
2,327932,314678,29513.879999999997,28321.02,1192.86,95.95830842979642,11.659078905971395,0.14731884656696687,4172.22,157.41830381104833,11016568.084604295,,,941.0083038110566,65854362.52416872,28.619999999999997,28.619999999999997,4143.599999999999,2021,M1_fixed,ERS_Heartland,0.85,1.0,True,31025,Cass
4,153116,140448,13780.439999999999,12640.32,1140.12,91.72653413098566,10.826109386561237,0.6400803144224196,8090.82,90.18904488691325,2817046.7861295063,,,873.7790448869131,27292410.661099672,1062.45,1062.45,7028.37,2021,M1_fixed,ERS_Heartland,0.85,1.0,True,31067,Gage
5,8116,7461,730.4399999999999,671.49,58.949999999999996,91.9295219319862,10.1358911588802,0.8352767725505964,560.88,34.48129224815839,57214.39190072481,,,818.0712922481562,1357415.8178459282,253.98,253.98,306.9,2021,M1_fixed,ERS_Heartland,0.85,1.0,True,31095,Jefferson
6,129110,111353,11619.9,10021.77,1598.1299999999999,86.24661141662149,11.342497336499735,0.38474042010543047,3855.7799999999997,131.86689549578514,3265595.710185961,,,915.4568954957756,22670679.396457896,81.63,81.63,3774.1499999999996,2021,M1_fixed,ERS_Heartland,0.85,1.0,True,31097,Johnson
7,266481,250331,23983.29,22529.79,1453.5,93.93953039803964,11.429008216965267,0.3207073834243462,7225.469999999999,138.84921867453718,7730058.622999496,,,922.4392186745317,51354334.61258365,196.38,196.38,7029.09,2021,M1_fixed,ERS_Heartland,0.85,1.0,True,31109,Lancaster
8,264930,255773,23843.7,23019.57,824.13,96.54361529460613,11.695687725516823,0.1458128887724662,3356.5499999999997,160.37301433859676,9122433.425717998,,,943.9630143386181,53695067.029563665,19.439999999999998,19.439999999999998,3337.1099999999997,2021,M1_fixed,ERS_Heartland,0.85,1.0,True,31127,Nemaha
9,459626,430234,41366.34,38721.06,2645.2799999999997,93.60523556108662,11.580275458033203,0.23027236341153884,8916.39,151.05805018579747,14453509.62379444,,,934.6480501857889,89428829.32492085,53.28,53.28,8863.109999999999,2021,M1_fixed,ERS_Heartland,0.85,1.0,True,31131,Otoe
10,129943,114943,11694.869999999999,10344.869999999999,1350.0,88.45647707071562,11.285767793557907,0.4137616035774253,4280.3099999999995,127.28823440169737,3253834.8287487957,,,910.878234401701,23284534.802267175,83.42999999999999,83.42999999999999,4196.88,2021,M1_fixed,ERS_Heartland,0.85,1.0,True,31133,Pawnee
11,273488,264373,24613.92,23793.57,820.35,96.66712981922424,11.914748828016183,0.08608292072185889,2048.22,178.05351192818586,10468690.404629279,,,961.6435119281804,56540014.83585966,7.109999999999999,7.109999999999999,2041.11,2021,M1_fixed,ERS_Heartland,0.85,1.0,True,31147,Richardson
12,18430,17021,1658.7,1531.8899999999999,126.81,92.35485621269669,11.083751509034265,0.4973855825157159,761.9399999999999,110.9834299849046,420114.74787817633,,,894.5734299849038,3386302.7214759984,80.1,80.1,681.8399999999999,2021,M1_fixed,ERS_Heartland,0.85,1.0,True,31151,Saline
14,27863,23404,2507.67,2106.36,401.31,83.99669813013674,11.89673948059773,0.08464365065800718,178.29,176.59997124940324,919190.2964036647,,,960.1899712493995,4997720.5433975635,0.8099999999999999,0.8099999999999999,177.48,2021,M1_fixed,ERS_Heartland,0.85,1.0,True,31155,Saunders
15,11529,10245,1037.61,922.05,115.56,88.86286755139214,11.290181629596075,0.4078086871644705,376.02,127.64447663979045,290829.6648091104,,,911.2344766397858,2076188.6795267847,14.49,14.49,361.53,2021,M1_fixed,ERS_Heartland,0.85,1.0,True,31159,Seward
1,16185,12747,1456.6499999999999,1147.23,309.42,78.758109360519,11.816547253220335,0.10449517533537303,119.88,52.58912875375587,149083.1892286195,,,953.7176287537596,2703662.6977398335,153.63,119.88,33.75,2021,M1_fixed,ERS_Heartland,0.85,1.15,True,31023,Butler
2,327932,314678,29513.879999999997,28321.02,1192.86,95.95830842979642,11.659078905971395,0.14731884656696687,4172.22,39.87980381104838,2790898.9186697206,,,941.0083038110566,65854362.52416872,5224.05,4172.22,1051.83,2021,M1_fixed,ERS_Heartland,0.85,1.15,True,31025,Cass
4,153116,140448,13780.439999999999,12640.32,1140.12,91.72653413098566,10.826109386561237,0.6400803144224196,8090.82,-27.349455113084826,-854257.7951159594,,,873.7790448869131,27292410.661099672,8491.14,8090.82,400.32,2021,M1_fixed,ERS_Heartland,0.85,1.15,True,31067,Gage
5,8116,7461,730.4399999999999,671.49,58.949999999999996,91.9295219319862,10.1358911588802,0.8352767725505964,560.88,-83.0572077518417,-137815.8219910564,,,818.0712922481562,1357415.8178459282,569.0699999999999,560.88,8.19,2021,M1_fixed,ERS_Heartland,0.85,1.15,True,31095,Jefferson
6,129110,111353,11619.9,10021.77,1598.1299999999999,86.24661141662149,11.342497336499735,0.38474042010543047,3855.7799999999997,14.328395495783738,354833.15724510094,,,915.4568954957756,22670679.396457896,4251.78,3855.7799999999997,396.0,2021,M1_fixed,ERS_Heartland,0.85,1.15,True,31097,Johnson
7,266481,250331,23983.29,22529.79,1453.5,93.93953039803964,11.429008216965267,0.3207073834243462,7225.469999999999,21.31071867453691,1186417.2245618114,,,922.4392186745317,51354334.61258365,8117.82,7225.469999999999,892.35,2021,M1_fixed,ERS_Heartland,0.85,1.15,True,31109,Lancaster
8,264930,255773,23843.7,23019.57,824.13,96.54361529460613,11.695687725516823,0.1458128887724662,3356.5499999999997,42.834514338595085,2436538.385141235,,,943.9630143386181,53695067.029563665,4052.0699999999997,3356.5499999999997,695.52,2021,M1_fixed,ERS_Heartland,0.85,1.15,True,31127,Nemaha
9,459626,430234,41366.34,38721.06,2645.2799999999997,93.60523556108662,11.580275458033203,0.23027236341153884,8916.39,33.51955018579828,3207211.6686254353,,,934.6480501857889,89428829.32492085,10462.05,8916.39,1545.6599999999999,2021,M1_fixed,ERS_Heartland,0.85,1.15,True,31131,Otoe
10,129943,114943,11694.869999999999,10344.869999999999,1350.0,88.45647707071562,11.285767793557907,0.4137616035774253,4280.3099999999995,9.749734401696639,249229.8327210342,,,910.878234401701,23284534.802267175,4756.7699999999995,4280.3099999999995,476.46,2021,M1_fixed,ERS_Heartland,0.85,1.15,True,31133,Pawnee
11,273488,264373,24613.92,23793.57,820.35,96.66712981922424,11.914748828016183,0.08608292072185889,2048.22,60.515011928188486,3557991.7399448273,,,961.6435119281804,56540014.83585966,2525.4,2048.22,477.18,2021,M1_fixed,ERS_Heartland,0.85,1.15,True,31147,Richardson
12,18430,17021,1658.7,1531.8899999999999,126.81,92.35485621269669,11.083751509034265,0.4973855825157159,761.9399999999999,-6.555070015094836,-24813.448161495184,,,894.5734299849038,3386302.7214759984,815.67,761.9399999999999,53.73,2021,M1_fixed,ERS_Heartland,0.85,1.15,True,31151,Saline
14,27863,23404,2507.67,2106.36,401.31,83.99669813013674,11.89673948059773,0.08464365065800718,178.29,59.06147124940386,307410.75935458,,,960.1899712493995,4997720.5433975635,229.67999999999998,178.29,51.39,2021,M1_fixed,ERS_Heartland,0.85,1.15,True,31155,Saunders
15,11529,10245,1037.61,922.05,115.56,88.86286755139214,11.290181629596075,0.4078086871644705,376.02,10.10597663979062,23025.81260145806,,,911.2344766397858,2076188.6795267847,419.4,376.02,43.379999999999995,2021,M1_fixed,ERS_Heartland,0.85,1.15,True,31159,Seward
1,16185,12747,1456.6499999999999,1147.23,309.42,78.758109360519,11.816547253220335,0.10449517533537303,119.88,455.96923971030117,1292612.1815871636,,,1122.0207397103025,3180779.644399796,0.0,0.0,119.88,2021,M1_fixed,ERS_Heartland,1.0,0.85,True,31023,Butler
2,327932,314678,29513.879999999997,28321.02,1192.86,95.95830842979642,11.659078905971395,0.14731884656696687,4172.22,441.0170927188779,30863595.343038958,,,1107.0685927188904,77475720.6166691,0.27,0.27,4171.95,2021,M1_fixed,ERS_Heartland,1.0,0.85,True,31025,Cass
4,153116,140448,13780.439999999999,12640.32,1140.12,91.72653413098566,10.826109386561237,0.6400803144224196,8090.82,361.9238469257808,11304659.13109852,,,1027.975346925779,32108718.42482311,2.61,2.61,8088.21,2021,M1_fixed,ERS_Heartland,1.0,0.85,True,31067,Gage
5,8116,7461,730.4399999999999,671.49,58.949999999999996,91.9295219319862,10.1358911588802,0.8352767725505964,560.88,296.38531440959815,491788.5736476704,,,962.4368144095982,1596959.7857010965,0.27,0.27,560.61,2021,M1_fixed,ERS_Heartland,1.0,0.85,True,31095,Jefferson
6,129110,111353,11619.9,10021.77,1598.1299999999999,86.24661141662149,11.342497336499735,0.38474042010543047,3855.7799999999997,410.9566123479708,10177066.391913224,,,1077.0081123479897,26671387.525245033,0.27,0.27,3855.5099999999998,2021,M1_fixed,ERS_Heartland,1.0,0.85,True,31097,Johnson
7,266481,250331,23983.29,22529.79,1453.5,93.93953039803964,11.429008216965267,0.3207073834243462,7225.469999999999,419.17111020532775,23336229.658951417,,,1085.2226102053307,60416864.25009838,0.54,0.54,7224.929999999999,2021,M1_fixed,ERS_Heartland,1.0,0.85,True,31109,Lancaster
8,264930,255773,23843.7,23019.57,824.13,96.54361529460613,11.695687725516823,0.1458128887724662,3356.5499999999997,444.4932227512893,25283928.530335043,,,1110.5447227512855,63170667.09360261,1.53,1.53,3355.02,2021,M1_fixed,ERS_Heartland,1.0,0.85,True,31127,Nemaha
9,459626,430234,41366.34,38721.06,2645.2799999999997,93.60523556108662,11.580275458033203,0.23027236341153884,8916.39,433.5344413950573,41481365.69512631,,,1099.585941395075,105210387.44108614,1.08,1.08,8915.31,2021,M1_fixed,ERS_Heartland,1.0,0.85,True,31131,Otoe
10,129943,114943,11694.869999999999,10344.869999999999,1350.0,88.45647707071562,11.285767793557907,0.4137616035774253,4280.3099999999995,405.56995223728677,10367475.37811768,,,1071.6214522372861,27393570.35560821,0.27,0.27,4280.04,2021,M1_fixed,ERS_Heartland,1.0,0.85,True,31133,Pawnee
11,273488,264373,24613.92,23793.57,820.35,96.66712981922424,11.914748828016183,0.08608292072185889,2048.22,465.29380815081083,27357038.74623058,,,1131.3453081508217,66517664.51277731,0.27,0.27,2047.9499999999998,2021,M1_fixed,ERS_Heartland,1.0,0.85,True,31147,Richardson
12,18430,17021,1658.7,1531.8899999999999,126.81,92.35485621269669,11.083751509034265,0.4973855825157159,761.9399999999999,386.3878293940057,1462625.7771194985,,,1052.4393293940036,3983885.5546776415,0.0,0.0,761.9399999999999,2021,M1_fixed,ERS_Heartland,1.0,0.85,True,31151,Saline
14,27863,23404,2507.67,2106.36,401.31,83.99669813013674,11.89673948059773,0.08464365065800718,178.29,463.58376029341906,2412920.5175817558,,,1129.6352602934205,5879671.227526594,0.0,0.0,178.29,2021,M1_fixed,ERS_Heartland,1.0,0.85,True,31155,Saunders
15,11529,10245,1037.61,922.05,115.56,88.86286755139214,11.290181629596075,0.4078086871644705,376.02,405.98906075269497,925019.754580316,,,1072.0405607526936,2442574.917090345,0.0,0.0,376.02,2021,M1_fixed,ERS_Heartland,1.0,0.85,True,31159,Seward
1,16185,12747,1456.6499999999999,1147.23,309.42,78.758109360519,11.816547253220335,0.10449517533537303,119.88,338.43073971030213,959406.1587378789,,,1122.0207397103025,3180779.644399796,0.0,0.0,119.88,2021,M1_fixed,ERS_Heartland,1.0,1.0,True,31023,Butler
2,327932,314678,29513.879999999997,28321.02,1192.86,95.95830842979642,11.659078905971395,0.14731884656696687,4172.22,323.4785927188886,22637926.17710513,,,1107.0685927188904,77475720.6166691,1.89,1.89,4170.33,2021,M1_fixed,ERS_Heartland,1.0,1.0,True,31025,Cass
4,153116,140448,13780.439999999999,12640.32,1140.12,91.72653413098566,10.826109386561237,0.6400803144224196,8090.82,244.38534692578028,7633354.549852979,,,1027.975346925779,32108718.42482311,10.35,10.35,8080.469999999999,2021,M1_fixed,ERS_Heartland,1.0,1.0,True,31067,Gage
5,8116,7461,730.4399999999999,671.49,58.949999999999996,91.9295219319862,10.1358911588802,0.8352767725505964,560.88,178.8468144095985,296758.3597558899,,,962.4368144095982,1596959.7857010965,3.78,3.78,557.1,2021,M1_fixed,ERS_Heartland,1.0,1.0,True,31095,Jefferson
6,129110,111353,11619.9,10021.77,1598.1299999999999,86.24661141662149,11.342497336499735,0.38474042010543047,3855.7799999999997,293.4181123479784,7266303.838972589,,,1077.0081123479897,26671387.525245033,1.3499999999999999,1.3499999999999999,3854.43,2021,M1_fixed,ERS_Heartland,1.0,1.0,True,31097,Johnson
7,266481,250331,23983.29,22529.79,1453.5,93.93953039803964,11.429008216965267,0.3207073834243462,7225.469999999999,301.6326102053361,16792588.260514215,,,1085.2226102053307,60416864.25009838,4.5,4.5,7220.969999999999,2021,M1_fixed,ERS_Heartland,1.0,1.0,True,31109,Lancaster
8,264930,255773,23843.7,23019.57,824.13,96.54361529460613,11.695687725516823,0.1458128887724662,3356.5499999999997,326.9547227512882,18598033.489758313,,,1110.5447227512855,63170667.09360261,3.96,3.96,3352.5899999999997,2021,M1_fixed,ERS_Heartland,1.0,1.0,True,31127,Nemaha
9,459626,430234,41366.34,38721.06,2645.2799999999997,93.60523556108662,11.580275458033203,0.23027236341153884,8916.39,315.99594139505155,30235067.739956677,,,1099.585941395075,105210387.44108614,2.61,2.61,8913.779999999999,2021,M1_fixed,ERS_Heartland,1.0,1.0,True,31131,Otoe
10,129943,114943,11694.869999999999,10344.869999999999,1350.0,88.45647707071562,11.285767793557907,0.4137616035774253,4280.3099999999995,288.03145223728967,7362870.382090012,,,1071.6214522372861,27393570.35560821,1.17,1.17,4279.139999999999,2021,M1_fixed,ERS_Heartland,1.0,1.0,True,31133,Pawnee
11,273488,264373,24613.92,23793.57,820.35,96.66712981922424,11.914748828016183,0.08608292072185889,2048.22,347.755308150824,20446340.08154675,,,1131.3453081508217,66517664.51277731,0.54,0.54,2047.6799999999998,2021,M1_fixed,ERS_Heartland,1.0,1.0,True,31147,Richardson
12,18430,17021,1658.7,1531.8899999999999,126.81,92.35485621269669,11.083751509034265,0.4973855825157159,761.9399999999999,268.8493293940045,1017697.5810798202,,,1052.4393293940036,3983885.5546776415,0.09,0.09,761.85,2021,M1_fixed,ERS_Heartland,1.0,1.0,True,31151,Saline
14,27863,23404,2507.67,2106.36,401.31,83.99669813013674,11.89673948059773,0.08464365065800718,178.29,346.04526029341804,1801140.980532663,,,1129.6352602934205,5879671.227526594,0.18,0.18,178.10999999999999,2021,M1_fixed,ERS_Heartland,1.0,1.0,True,31155,Saunders
15,11529,10245,1037.61,922.05,115.56,88.86286755139214,11.290181629596075,0.4078086871644705,376.02,288.4505607526941,657215.9023726614,,,1072.0405607526936,2442574.917090345,0.18,0.18,375.84,2021,M1_fixed,ERS_Heartland,1.0,1.0,True,31159,Seward
1,16185,12747,1456.6499999999999,1147.23,309.42,78.758109360519,11.816547253220335,0.10449517533537303,119.88,220.892239710301,626200.1358885883,,,1122.0207397103025,3180779.644399796,0.72,0.72,119.16,2021,M1_fixed,ERS_Heartland,1.0,1.15,True,31023,Butler
2,327932,314678,29513.879999999997,28321.02,1192.86,95.95830842979642,11.659078905971395,0.14731884656696687,4172.22,205.94009271888487,14412257.01117029,,,1107.0685927188904,77475720.6166691,17.28,17.28,4154.94,2021,M1_fixed,ERS_Heartland,1.0,1.15,True,31025,Cass
4,153116,140448,13780.439999999999,12640.32,1140.12,91.72653413098566,10.826109386561237,0.6400803144224196,8090.82,126.8468469257843,3962049.9686075784,,,1027.975346925779,32108718.42482311,596.0699999999999,596.0699999999999,7494.75,2021,M1_fixed,ERS_Heartland,1.0,1.15,True,31067,Gage
5,8116,7461,730.4399999999999,671.49,58.949999999999996,91.9295219319862,10.1358911588802,0.8352767725505964,560.88,61.30831440959817,101728.14586410832,,,962.4368144095982,1596959.7857010965,179.54999999999998,179.54999999999998,381.33,2021,M1_fixed,ERS_Heartland,1.0,1.15,True,31095,Jefferson
6,129110,111353,11619.9,10021.77,1598.1299999999999,86.24661141662149,11.342497336499735,0.38474042010543047,3855.7799999999997,175.8796123479776,4355541.286031743,,,1077.0081123479897,26671387.525245033,30.06,30.06,3825.72,2021,M1_fixed,ERS_Heartland,1.0,1.15,True,31097,Johnson
7,266481,250331,23983.29,22529.79,1453.5,93.93953039803964,11.429008216965267,0.3207073834243462,7225.469999999999,184.09411020534185,10248946.862076864,,,1085.2226102053307,60416864.25009838,97.38,97.38,7128.09,2021,M1_fixed,ERS_Heartland,1.0,1.15,True,31109,Lancaster
8,264930,255773,23843.7,23019.57,824.13,96.54361529460613,11.695687725516823,0.1458128887724662,3356.5499999999997,209.41622275129365,11912138.449181952,,,1110.5447227512855,63170667.09360261,12.87,12.87,3343.68,2021,M1_fixed,ERS_Heartland,1.0,1.15,True,31127,Nemaha
9,459626,430234,41366.34,38721.06,2645.2799999999997,93.60523556108662,11.580275458033203,0.23027236341153884,8916.39,198.45744139505618,18988769.784788035,,,1099.585941395075,105210387.44108614,22.41,22.41,8893.98,2021,M1_fixed,ERS_Heartland,1.0,1.15,True,31131,Otoe
10,129943,114943,11694.869999999999,10344.869999999999,1350.0,88.45647707071562,11.285767793557907,0.4137616035774253,4280.3099999999995,170.49295223729033,4358265.386062285,,,1071.6214522372861,27393570.35560821,36.629999999999995,36.629999999999995,4243.68,2021,M1_fixed,ERS_Heartland,1.0,1.15,True,31133,Pawnee
11,273488,264373,24613.92,23793.57,820.35,96.66712981922424,11.914748828016183,0.08608292072185889,2048.22,230.21680815081265,13535641.41686148,,,1131.3453081508217,66517664.51277731,4.2299999999999995,4.2299999999999995,2043.99,2021,M1_fixed,ERS_Heartland,1.0,1.15,True,31147,Richardson
12,18430,17021,1658.7,1531.8899999999999,126.81,92.35485621269669,11.083751509034265,0.4973855825157159,761.9399999999999,151.31082939400682,572769.3850401553,,,1052.4393293940036,3983885.5546776415,42.48,42.48,719.4599999999999,2021,M1_fixed,ERS_Heartland,1.0,1.15,True,31151,Saline
14,27863,23404,2507.67,2106.36,401.31,83.99669813013674,11.89673948059773,0.08464365065800718,178.29,228.50676029341605,1189361.4434835645,,,1129.6352602934205,5879671.227526594,0.44999999999999996,0.44999999999999996,177.84,2021,M1_fixed,ERS_Heartland,1.0,1.15,True,31155,Saunders
15,11529,10245,1037.61,922.05,115.56,88.86286755139214,11.290181629596075,0.4078086871644705,376.02,170.91206075269534,389412.0501650114,,,1072.0405607526936,2442574.917090345,8.549999999999999,8.549999999999999,367.46999999999997,2021,M1_fixed,ERS_Heartland,1.0,1.15,True,31159,Seward
1,16185,12747,1456.6499999999999,1147.23,309.42,78.758109360519,11.816547253220335,0.10449517533537303,119.88,624.2723506668457,1769729.1282471302,,,1290.323850666841,3657896.5910597458,0.0,0.0,119.88,2021,M1_fixed,ERS_Heartland,1.15,0.85,True,31023,Butler
2,327932,314678,29513.879999999997,28321.02,1192.86,95.95830842979642,11.659078905971395,0.14731884656696687,4172.22,607.0773816267128,42484953.43553942,,,1273.1288816267295,89097078.70916985,0.09,0.09,4172.13,2021,M1_fixed,ERS_Heartland,1.15,0.85,True,31025,Cass
4,153116,140448,13780.439999999999,12640.32,1140.12,91.72653413098566,10.826109386561237,0.6400803144224196,8090.82,516.120148964664,16120966.894822497,,,1182.171648964642,36925026.18854645,1.3499999999999999,1.3499999999999999,8089.469999999999,2021,M1_fixed,ERS_Heartland,1.15,0.85,True,31067,Gage
5,8116,7461,730.4399999999999,671.49,58.949999999999996,91.9295219319862,10.1358911588802,0.8352767725505964,560.88,440.750836571039,731332.5415028367,,,1106.8023365710378,1836503.7535562608,0.09,0.09,560.79,2021,M1_fixed,ERS_Heartland,1.15,0.85,True,31095,Jefferson
6,129110,111353,11619.9,10021.77,1598.1299999999999,86.24661141662149,11.342497336499735,0.38474042010543047,3855.7799999999997,572.5078292001842,14177774.52070035,,,1238.559329200186,30672095.65403174,0.0,0.0,3855.7799999999997,2021,M1_fixed,ERS_Heartland,1.15,0.85,True,31097,Johnson
7,266481,250331,23983.29,22529.79,1453.5,93.93953039803964,11.429008216965267,0.3207073834243462,7225.469999999999,581.9545017361319,32398759.29646642,,,1248.0060017361054,69479393.88761173,0.0,0.0,7225.469999999999,2021,M1_fixed,ERS_Heartland,1.15,0.85,True,31109,Lancaster
8,264930,255773,23843.7,23019.57,824.13,96.54361529460613,11.695687725516823,0.1458128887724662,3356.5499999999997,611.0749311639751,34759528.59437503,,,1277.1264311639259,72646267.15764001,0.18,0.18,3356.37,2021,M1_fixed,ERS_Heartland,1.15,0.85,True,31127,Nemaha
9,459626,430234,41366.34,38721.06,2645.2799999999997,93.60523556108662,11.580275458033203,0.23027236341153884,8916.39,598.4723326043252,57262923.81128988,,,1264.523832604323,120991945.5572478,0.44999999999999996,0.44999999999999996,8915.94,2021,M1_fixed,ERS_Heartland,1.15,0.85,True,31131,Otoe
10,129943,114943,11694.869999999999,10344.869999999999,1350.0,88.45647707071562,11.285767793557907,0.4137616035774253,4280.3099999999995,566.3131700728867,14476510.931459092,,,1232.364670072898,31502605.908949923,0.09,0.09,4280.22,2021,M1_fixed,ERS_Heartland,1.15,0.85,True,31133,Pawnee
11,273488,264373,24613.92,23793.57,820.35,96.66712981922424,11.914748828016183,0.08608292072185889,2048.22,634.9956043734203,37334688.42314637,,,1301.0471043734353,76495314.18969335,0.18,0.18,2048.04,2021,M1_fixed,ERS_Heartland,1.15,0.85,True,31147,Richardson
12,18430,17021,1658.7,1531.8899999999999,126.81,92.35485621269669,11.083751509034265,0.4973855825157159,761.9399999999999,544.2537288031083,2060208.6103211523,,,1210.3052288031074,4581468.3878793,0.0,0.0,761.9399999999999,2021,M1_fixed,ERS_Heartland,1.15,0.85,True,31151,Saline
14,27863,23404,2507.67,2106.36,401.31,83.99669813013674,11.89673948059773,0.08464365065800718,178.29,633.0290493374312,3294871.2017107396,,,1299.0805493374253,6761621.911655541,0.0,0.0,178.29,2021,M1_fixed,ERS_Heartland,1.15,0.85,True,31155,Saunders
15,11529,10245,1037.61,922.05,115.56,88.86286755139214,11.290181629596075,0.4078086871644705,376.02,566.7951448655997,1291405.9921438692,,,1232.8466448655986,2808961.1546538984,0.0,0.0,376.02,2021,M1_fixed,ERS_Heartland,1.15,0.85,True,31159,Seward
1,16185,12747,1456.6499999999999,1147.23,309.42,78.758109360519,11.816547253220335,0.10449517533537303,119.88,506.7338506668453,1436523.105397842,,,1290.323850666841,3657896.5910597458,0.0,0.0,119.88,2021,M1_fixed,ERS_Heartland,1.15,1.0,True,31023,Butler
2,327932,314678,29513.879999999997,28321.02,1192.86,95.95830842979642,11.659078905971395,0.14731884656696687,4172.22,489.5388816267181,34259284.26960521,,,1273.1288816267295,89097078.70916985,0.36,0.36,4171.86,2021,M1_fixed,ERS_Heartland,1.15,1.0,True,31025,Cass
4,153116,140448,13780.439999999999,12640.32,1140.12,91.72653413098566,10.826109386561237,0.6400803144224196,8090.82,398.58164896464746,12449662.313576454,,,1182.171648964642,36925026.18854645,2.6999999999999997,2.6999999999999997,8088.12,2021,M1_fixed,ERS_Heartland,1.15,1.0,True,31067,Gage
5,8116,7461,730.4399999999999,671.49,58.949999999999996,91.9295219319862,10.1358911588802,0.8352767725505964,560.88,323.21233657103636,536302.3276110514,,,1106.8023365710378,1836503.7535562608,0.27,0.27,560.61,2021,M1_fixed,ERS_Heartland,1.15,1.0,True,31095,Jefferson
6,129110,111353,11619.9,10021.77,1598.1299999999999,86.24661141662149,11.342497336499735,0.38474042010543047,3855.7799999999997,454.9693292001756,11267011.967759311,,,1238.559329200186,30672095.65403174,0.27,0.27,3855.5099999999998,2021,M1_fixed,ERS_Heartland,1.15,1.0,True,31097,Johnson
7,266481,250331,23983.29,22529.79,1453.5,93.93953039803964,11.429008216965267,0.3207073834243462,7225.469999999999,464.416001736138,25855117.898029096,,,1248.0060017361054,69479393.88761173,0.63,0.63,7224.84,2021,M1_fixed,ERS_Heartland,1.15,1.0,True,31109,Lancaster
8,264930,255773,23843.7,23019.57,824.13,96.54361529460613,11.695687725516823,0.1458128887724662,3356.5499999999997,493.53643116399587,28073633.553799544,,,1277.1264311639259,72646267.15764001,1.7999999999999998,1.7999999999999998,3354.75,2021,M1_fixed,ERS_Heartland,1.15,1.0,True,31127,Nemaha
9,459626,430234,41366.34,38721.06,2645.2799999999997,93.60523556108662,11.580275458033203,0.23027236341153884,8916.39,480.93383260431233,46016625.85611955,,,1264.523832604323,120991945.5572478,1.17,1.17,8915.22,2021,M1_fixed,ERS_Heartland,1.15,1.0,True,31131,Otoe
10,129943,114943,11694.869999999999,10344.869999999999,1350.0,88.45647707071562,11.285767793557907,0.4137616035774253,4280.3099999999995,448.7746700728846,11471905.935431292,,,1232.364670072898,31502605.908949923,0.36,0.36,4279.95,2021,M1_fixed,ERS_Heartland,1.15,1.0,True,31133,Pawnee
11,273488,264373,24613.92,23793.57,820.35,96.66712981922424,11.914748828016183,0.08608292072185889,2048.22,517.4571043734409,30423989.758462973,,,1301.0471043734353,76495314.18969335,0.36,0.36,2047.86,2021,M1_fixed,ERS_Heartland,1.15,1.0,True,31147,Richardson
12,18430,17021,1658.7,1531.8899999999999,126.81,92.35485621269669,11.083751509034265,0.4973855825157159,761.9399999999999,426.71522880310596,1615280.41428147,,,1210.3052288031074,4581468.3878793,0.0,0.0,761.9399999999999,2021,M1_fixed,ERS_Heartland,1.15,1.0,True,31151,Saline
14,27863,23404,2507.67,2106.36,401.31,83.99669813013674,11.89673948059773,0.08464365065800718,178.29,515.4905493374295,2683091.6646616436,,,1299.0805493374253,6761621.911655541,0.09,0.09,178.2,2021,M1_fixed,ERS_Heartland,1.15,1.0,True,31155,Saunders
15,11529,10245,1037.61,922.05,115.56,88.86286755139214,11.290181629596075,0.4078086871644705,376.02,449.25664486559657,1023602.1399362095,,,1232.8466448655986,2808961.1546538984,0.0,0.0,376.02,2021,M1_fixed,ERS_Heartland,1.15,1.0,True,31159,Seward
1,16185,12747,1456.6499999999999,1147.23,309.42,78.758109360519,11.816547253220335,0.10449517533537303,119.88,389.19535066684614,1103317.0825485568,,,1290.323850666841,3657896.5910597458,0.0,0.0,119.88,2021,M1_fixed,ERS_Heartland,1.15,1.15,True,31023,Butler
2,327932,314678,29513.879999999997,28321.02,1192.86,95.95830842979642,11.659078905971395,0.14731884656696687,4172.22,372.00038162671007,26033615.10367007,,,1273.1288816267295,89097078.70916985,1.89,1.89,4170.33,2021,M1_fixed,ERS_Heartland,1.15,1.15,True,31025,Cass
4,153116,140448,13780.439999999999,12640.32,1140.12,91.72653413098566,10.826109386561237,0.6400803144224196,8090.82,281.0431489646554,8778357.73233118,,,1182.171648964642,36925026.18854645,10.35,10.35,8080.469999999999,2021,M1_fixed,ERS_Heartland,1.15,1.15,True,31067,Gage
5,8116,7461,730.4399999999999,671.49,58.949999999999996,91.9295219319862,10.1358911588802,0.8352767725505964,560.88,205.6738365710379,341272.1137192728,,,1106.8023365710378,1836503.7535562608,3.78,3.78,557.1,2021,M1_fixed,ERS_Heartland,1.15,1.15,True,31095,Jefferson
6,129110,111353,11619.9,10021.77,1598.1299999999999,86.24661141662149,11.342497336499735,0.38474042010543047,3855.7799999999997,337.4308292001775,8356249.414818535,,,1238.559329200186,30672095.65403174,1.3499999999999999,1.3499999999999999,3854.43,2021,M1_fixed,ERS_Heartland,1.15,1.15,True,31097,Johnson
7,266481,250331,23983.29,22529.79,1453.5,93.93953039803964,11.429008216965267,0.3207073834243462,7225.469999999999,346.87750173613904,19311476.499591485,,,1248.0060017361054,69479393.88761173,4.5,4.5,7220.969999999999,2021,M1_fixed,ERS_Heartland,1.15,1.15,True,31109,Lancaster
8,264930,255773,23843.7,23019.57,824.13,96.54361529460613,11.695687725516823,0.1458128887724662,3356.5499999999997,375.99793116398286,21387738.513222136,,,1277.1264311639259,72646267.15764001,3.96,3.96,3352.5899999999997,2021,M1_fixed,ERS_Heartland,1.15,1.15,True,31127,Nemaha
9,459626,430234,41366.34,38721.06,2645.2799999999997,93.60523556108662,11.580275458033203,0.23027236341153884,8916.39,363.39533260431926,34770327.90095113,,,1264.523832604323,120991945.5572478,2.61,2.61,8913.779999999999,2021,M1_fixed,ERS_Heartland,1.15,1.15,True,31131,Otoe
10,129943,114943,11694.869999999999,10344.869999999999,1350.0,88.45647707071562,11.285767793557907,0.4137616035774253,4280.3099999999995,331.2361700728828,8467300.939403506,,,1232.364670072898,31502605.908949923,1.17,1.17,4279.139999999999,2021,M1_fixed,ERS_Heartland,1.15,1.15,True,31133,Pawnee
11,273488,264373,24613.92,23793.57,820.35,96.66712981922424,11.914748828016183,0.08608292072185889,2048.22,399.9186043734244,23513291.093777396,,,1301.0471043734353,76495314.18969335,0.54,0.54,2047.6799999999998,2021,M1_fixed,ERS_Heartland,1.15,1.15,True,31147,Richardson
12,18430,17021,1658.7,1531.8899999999999,126.81,92.35485621269669,11.083751509034265,0.4973855825157159,761.9399999999999,309.1767288031084,1170352.2182418054,,,1210.3052288031074,4581468.3878793,0.09,0.09,761.85,2021,M1_fixed,ERS_Heartland,1.15,1.15,True,31151,Saline
14,27863,23404,2507.67,2106.36,401.31,83.99669813013674,11.89673948059773,0.08464365065800718,178.29,397.95204933743196,2071312.1276125684,,,1299.0805493374253,6761621.911655541,0.18,0.18,178.10999999999999,2021,M1_fixed,ERS_Heartland,1.15,1.15,True,31155,Saunders
15,11529,10245,1037.61,922.05,115.56,88.86286755139214,11.290181629596075,0.4078086871644705,376.02,331.71814486559947,755798.2877285633,,,1232.8466448655986,2808961.1546538984,0.18,0.18,375.84,2021,M1_fixed,ERS_Heartland,1.15,1.15,True,31159,Seward
1,16185,12747,1456.6499999999999,1147.23,309.42,78.758109360519,11.816547253220335,0.10449517533537303,119.88,257.51535043416123,730021.7864002635,344.6063504341605,976913.194202533,866.1663504341649,2455466.4620873183,0.0,0.0,119.88,2021,M1_fixed,FINBIN_state,0.85,0.85,True,31023,Butler
2,327932,314678,29513.879999999997,28321.02,1192.86,95.95830842979642,11.659078905971395,0.14731884656696687,4172.22,245.97274152119385,17213852.444869384,333.06374152119497,23308721.388495665,854.6237415211976,59808932.04444976,2.16,2.16,4170.0599999999995,2021,M1_fixed,FINBIN_state,0.85,0.85,True,31025,Cass
4,153116,140448,13780.439999999999,12640.32,1140.12,91.72653413098566,10.826109386561237,0.6400803144224196,8090.82,184.91512856629512,5775807.574939655,272.0061285662954,8496087.20489286,793.5661285663152,24786967.36241137,12.33,12.33,8078.49,2021,M1_fixed,FINBIN_state,0.85,0.85,True,31067,Gage
5,8116,7461,730.4399999999999,671.49,58.949999999999996,91.9295219319862,10.1358911588802,0.8352767725505964,560.88,134.32134761977727,222877.79031140805,221.41234761977697,367386.8350758814,742.9723476197777,1232805.0457676756,4.59,4.59,556.29,2021,M1_fixed,FINBIN_state,0.85,0.85,True,31095,Jefferson
6,129110,111353,11619.9,10021.77,1598.1299999999999,86.24661141662149,11.342497336499735,0.38474042010543047,3855.7799999999997,222.76695248927092,5516674.990224631,309.85795248926985,7673425.514505325,831.4179524892556,20589511.027862865,1.3499999999999999,1.3499999999999999,3854.43,2021,M1_fixed,FINBIN_state,0.85,0.85,True,31097,Johnson
7,266481,250331,23983.29,22529.79,1453.5,93.93953039803964,11.429008216965267,0.3207073834243462,7225.469999999999,229.10829840021188,12754991.310398186,316.1992984002125,17603549.638361696,837.7592984002208,46640006.695149094,4.68,4.68,7220.79,2021,M1_fixed,FINBIN_state,0.85,0.85,True,31109,Lancaster
8,264930,255773,23843.7,23019.57,824.13,96.54361529460613,11.695687725516823,0.1458128887724662,3356.5499999999997,248.65620962231262,14144210.779637415,335.74720962231197,19098172.97056939,857.307209622306,48765859.87624818,4.05,4.05,3352.5,2021,M1_fixed,FINBIN_state,0.85,0.85,True,31127,Nemaha
9,459626,430234,41366.34,38721.06,2645.2799999999997,93.60523556108662,11.580275458033203,0.23027236341153884,8916.39,240.19635917874308,22982425.52926026,327.2873591787418,31315451.177993365,848.847359178717,81219262.79289155,2.6999999999999997,2.6999999999999997,8913.69,2021,M1_fixed,FINBIN_state,0.85,0.85,True,31131,Otoe
10,129943,114943,11694.869999999999,10344.869999999999,1350.0,88.45647707071562,11.285767793557907,0.4137616035774253,4280.3099999999995,218.60861248362454,5588233.040603642,305.6996124836229,7814516.800469959,827.2596124836182,21147014.50741888,1.17,1.17,4279.139999999999,2021,M1_fixed,FINBIN_state,0.85,0.85,True,31133,Pawnee
11,273488,264373,24613.92,23793.57,820.35,96.66712981922424,11.914748828016183,0.08608292072185889,2048.22,264.71363753317905,15563889.120793143,351.80463753319196,20684421.17970266,873.3646375331863,51349641.47392849,0.54,0.54,2047.6799999999998,2021,M1_fixed,FINBIN_state,0.85,0.85,True,31147,Richardson
12,18430,17021,1658.7,1531.8899999999999,126.81,92.35485621269669,11.083751509034265,0.4973855825157159,761.9399999999999,203.80058911229082,771463.2096339015,290.8915891122898,1101135.9681027501,812.4515891122896,3075440.1316445014,0.27,0.27,761.67,2021,M1_fixed,FINBIN_state,0.85,0.85,True,31151,Saline
14,27863,23404,2507.67,2106.36,401.31,83.99669813013674,11.89673948059773,0.08464365065800718,178.29,263.3935318887086,1370944.609643634,350.48453188870906,1824247.0736119712,872.044531888707,4538929.79751368,0.18,0.18,178.10999999999999,2021,M1_fixed,FINBIN_state,0.85,0.85,True,31155,Saunders
15,11529,10245,1037.61,922.05,115.56,88.86286755139214,11.290181629596075,0.4078086871644705,376.02,218.93215168425814,498822.7142013423,306.0231516842593,697253.9115759642,827.5831516842569,1885594.5587462336,0.27,0.27,375.75,2021,M1_fixed,FINBIN_state,0.85,0.85,True,31159,Seward
1,16185,12747,1456.6499999999999,1147.23,309.42,78.758109360519,11.816547253220335,0.10449517533537303,119.88,150.10635043416164,425531.5495143158,252.56635043416128,715992.029281693,866.1663504341649,2455466.4620873183,1.6199999999999999,1.6199999999999999,118.25999999999999,2021,M1_fixed,FINBIN_state,0.85,1.0,True,31023,Butler
2,327932,314678,29513.879999999997,28321.02,1192.86,95.95830842979642,11.659078905971395,0.14731884656696687,4172.22,138.5637415211935,9697073.69200228,241.02374152119094,16867507.743327048,854.6237415211976,59808932.04444976,34.29,34.29,4137.93,2021,M1_fixed,FINBIN_state,0.85,1.0,True,31025,Cass
4,153116,140448,13780.439999999999,12640.32,1140.12,91.72653413098566,10.826109386561237,0.6400803144224196,8090.82,77.50612856629799,2420897.0242095524,179.96612856629696,5621226.000625049,793.5661285663152,24786967.36241137,1221.3,1221.3,6869.5199999999995,2021,M1_fixed,FINBIN_state,0.85,1.0,True,31067,Gage
5,8116,7461,730.4399999999999,671.49,58.949999999999996,91.9295219319862,10.1358911588802,0.8352767725505964,560.88,26.91234761977753,44655.33346618493,129.37234761977692,214665.97436556485,742.9723476197777,1232805.0457676756,273.06,273.06,287.82,2021,M1_fixed,FINBIN_state,0.85,1.0,True,31095,Jefferson
6,129110,111353,11619.9,10021.77,1598.1299999999999,86.24661141662149,11.342497336499735,0.38474042010543047,3855.7799999999997,115.35795248927214,2856762.7482884345,217.81795248927094,5394116.306265723,831.4179524892556,20589511.027862865,103.14,103.14,3752.64,2021,M1_fixed,FINBIN_state,0.85,1.0,True,31097,Johnson
7,266481,250331,23983.29,22529.79,1453.5,93.93953039803964,11.429008216965267,0.3207073834243462,7225.469999999999,121.69929840021452,6775282.713089437,224.15929840021496,12479468.981281787,837.7592984002208,46640006.695149094,240.84,240.84,6984.63,2021,M1_fixed,FINBIN_state,0.85,1.0,True,31109,Lancaster
8,264930,255773,23843.7,23019.57,824.13,96.54361529460613,11.695687725516823,0.1458128887724662,3356.5499999999997,141.24720962231015,8034507.997882365,243.7072096223119,13862698.810743658,857.307209622306,48765859.87624818,23.13,23.13,3333.42,2021,M1_fixed,FINBIN_state,0.85,1.0,True,31127,Nemaha
9,459626,430234,41366.34,38721.06,2645.2799999999997,93.60523556108662,11.580275458033203,0.23027236341153884,8916.39,132.787359178742,12705336.60038361,235.24735917875088,22508896.187129434,848.847359178717,81219262.79289155,69.12,69.12,8847.27,2021,M1_fixed,FINBIN_state,0.85,1.0,True,31131,Otoe
10,129943,114943,11694.869999999999,10344.869999999999,1350.0,88.45647707071562,11.285767793557907,0.4137616035774253,4280.3099999999995,111.1996124836193,2842565.7229302023,213.65961248362106,5461723.087478906,827.2596124836182,21147014.50741888,101.78999999999999,101.78999999999999,4178.5199999999995,2021,M1_fixed,FINBIN_state,0.85,1.0,True,31133,Pawnee
11,273488,264373,24613.92,23793.57,820.35,96.66712981922424,11.914748828016183,0.08608292072185889,2048.22,157.3046375331789,9248756.352592854,259.76463753318245,15272911.716015128,873.3646375331863,51349641.47392849,8.28,8.28,2039.9399999999998,2021,M1_fixed,FINBIN_state,0.85,1.0,True,31147,Richardson
12,18430,17021,1658.7,1531.8899999999999,126.81,92.35485621269669,11.083751509034265,0.4973855825157159,761.9399999999999,96.39158911229089,364879.04692614794,198.8515891122917,752729.351007154,812.4515891122896,3075440.1316445014,92.7,92.7,669.24,2021,M1_fixed,FINBIN_state,0.85,1.0,True,31151,Saline
14,27863,23404,2507.67,2106.36,401.31,83.99669813013674,11.89673948059773,0.08464365065800718,178.29,155.98453188870832,811888.4000195056,258.4445318887088,1345185.416452843,872.044531888707,4538929.79751368,0.99,0.99,177.29999999999998,2021,M1_fixed,FINBIN_state,0.85,1.0,True,31155,Saunders
15,11529,10245,1037.61,922.05,115.56,88.86286755139214,11.290181629596075,0.4078086871644705,376.02,111.52315168425774,254098.2710463601,213.98315168425833,487546.7385459135,827.5831516842569,1885594.5587462336,16.29,16.29,359.72999999999996,2021,M1_fixed,FINBIN_state,0.85,1.0,True,31159,Seward
1,16185,12747,1456.6499999999999,1147.23,309.42,78.758109360519,11.816547253220335,0.10449517533537303,119.88,42.69735043416156,121041.31262836658,160.52635043416115,455070.86436085036,866.1663504341649,2455466.4620873183,199.62,119.88,79.74,2021,M1_fixed,FINBIN_state,0.85,1.15,True,31023,Butler
2,327932,314678,29513.879999999997,28321.02,1192.86,95.95830842979642,11.659078905971395,0.14731884656696687,4172.22,31.154741521195007,2180294.939135309,148.9837415211975,10426294.098159164,854.6237415211976,59808932.04444976,6448.5,4172.22,2276.2799999999997,2021,M1_fixed,FINBIN_state,0.85,1.15,True,31025,Cass
4,153116,140448,13780.439999999999,12640.32,1140.12,91.72653413098566,10.826109386561237,0.6400803144224196,8090.82,-29.902871433704014,-934013.5265207017,87.92612856629694,2746364.7963571856,793.5661285663152,24786967.36241137,8870.31,8090.82,779.49,2021,M1_fixed,FINBIN_state,0.85,1.15,True,31067,Gage
5,8116,7461,730.4399999999999,671.49,58.949999999999996,91.9295219319862,10.1358911588802,0.8352767725505964,560.88,-80.49665238022241,-133567.1233790386,37.332347619777714,61945.113655249734,742.9723476197777,1232805.0457676756,578.34,560.88,17.46,2021,M1_fixed,FINBIN_state,0.85,1.15,True,31095,Jefferson
6,129110,111353,11619.9,10021.77,1598.1299999999999,86.24661141662149,11.342497336499735,0.38474042010543047,3855.7799999999997,7.948952489271081,196850.50635218265,125.77795248927046,3114807.098026083,831.4179524892556,20589511.027862865,4650.66,3855.7799999999997,794.88,2021,M1_fixed,FINBIN_state,0.85,1.15,True,31097,Johnson
7,266481,250331,23983.29,22529.79,1453.5,93.93953039803964,11.429008216965267,0.3207073834243462,7225.469999999999,14.290298400214047,795574.1157805164,132.11929840021295,7355388.324201629,837.7592984002208,46640006.695149094,9073.98,7225.469999999999,1848.51,2021,M1_fixed,FINBIN_state,0.85,1.15,True,31109,Lancaster
8,264930,255773,23843.7,23019.57,824.13,96.54361529460613,11.695687725516823,0.1458128887724662,3356.5499999999997,33.83820962231237,1924805.2161275833,151.6672096223122,8627224.650917947,857.307209622306,48765859.87624818,4868.19,3356.5499999999997,1511.6399999999999,2021,M1_fixed,FINBIN_state,0.85,1.15,True,31127,Nemaha
9,459626,430234,41366.34,38721.06,2645.2799999999997,93.60523556108662,11.580275458033203,0.23027236341153884,8916.39,25.378359178742834,2428247.671507141,143.20735917874148,13702341.196263732,848.847359178717,81219262.79289155,12126.779999999999,8916.39,3210.39,2021,M1_fixed,FINBIN_state,0.85,1.15,True,31131,Otoe
10,129943,114943,11694.869999999999,10344.869999999999,1350.0,88.45647707071562,11.285767793557907,0.4137616035774253,4280.3099999999995,3.7906124836209427,96898.40525693807,121.6196124836186,3108929.3744878354,827.2596124836182,21147014.50741888,5209.2,4280.3099999999995,928.89,2021,M1_fixed,FINBIN_state,0.85,1.15,True,31133,Pawnee
11,273488,264373,24613.92,23793.57,820.35,96.66712981922424,11.914748828016183,0.08608292072185889,2048.22,49.895637533180455,2933623.584392665,167.72463753317876,9861402.252327941,873.3646375331863,51349641.47392849,3089.88,2048.22,1041.6599999999999,2021,M1_fixed,FINBIN_state,0.85,1.15,True,31147,Richardson
12,18430,17021,1658.7,1531.8899999999999,126.81,92.35485621269669,11.083751509034265,0.4973855825157159,761.9399999999999,-11.017410887708987,-41705.11578160534,106.81158911229026,404322.73391154525,812.4515891122896,3075440.1316445014,869.4,761.9399999999999,107.46,2021,M1_fixed,FINBIN_state,0.85,1.15,True,31151,Saline
14,27863,23404,2507.67,2106.36,401.31,83.99669813013674,11.89673948059773,0.08464365065800718,178.29,48.57553188870902,252832.190395382,166.4045318887094,866123.7592937191,872.044531888707,4538929.79751368,287.64,178.29,109.35,2021,M1_fixed,FINBIN_state,0.85,1.15,True,31155,Saunders
15,11529,10245,1037.61,922.05,115.56,88.86286755139214,11.290181629596075,0.4078086871644705,376.02,4.114151684257935,9373.827891379231,121.94315168425817,277839.56551586464,827.5831516842569,1885594.5587462336,463.04999999999995,376.02,87.03,2021,M1_fixed,FINBIN_state,0.85,1.15,True,31159,Seward
1,16185,12747,1456.6499999999999,1147.23,309.42,78.758109360519,11.816547253220335,0.10449517533537303,119.88,410.36823580489516,1163339.397356846,497.459235804895,1410230.805159117,1019.0192358048945,2888784.0730438884,0.0,0.0,119.88,2021,M1_fixed,FINBIN_state,1.0,0.85,True,31023,Butler
2,327932,314678,29513.879999999997,28321.02,1192.86,95.95830842979642,11.659078905971395,0.14731884656696687,4172.22,396.7886959072967,27768369.864478804,483.87969590729045,33863238.80810457,1005.4396959072851,70363449.4640581,0.27,0.27,4171.95,2021,M1_fixed,FINBIN_state,1.0,0.85,True,31025,Cass
4,153116,140448,13780.439999999999,12640.32,1140.12,91.72653413098566,10.826109386561237,0.6400803144224196,8090.82,324.95621007799446,10149978.285953322,412.04721007799236,12870257.915906454,933.6072100780041,29161138.073424708,2.6999999999999997,2.6999999999999997,8088.12,2021,M1_fixed,FINBIN_state,1.0,0.85,True,31067,Gage
5,8116,7461,730.4399999999999,671.49,58.949999999999996,91.9295219319862,10.1358911588802,0.8352767725505964,560.88,265.4341148467971,440431.6219174689,352.5251148467956,584940.6666819402,874.0851148468014,1450358.877373743,0.27,0.27,560.61,2021,M1_fixed,FINBIN_state,1.0,0.85,True,31095,Jefferson
6,129110,111353,11619.9,10021.77,1598.1299999999999,86.24661141662149,11.342497336499735,0.38474042010543047,3855.7799999999997,369.48776763444135,9150118.112788856,456.5787676344366,11306868.637069456,978.1387676344292,24222954.15042717,0.27,0.27,3855.5099999999998,2021,M1_fixed,FINBIN_state,1.0,0.85,True,31097,Johnson
7,266481,250331,23983.29,22529.79,1453.5,93.93953039803964,11.429008216965267,0.3207073834243462,7225.469999999999,376.9481745884874,20985580.72718927,464.0391745884849,25834139.05515261,985.5991745884857,54870596.11193959,0.54,0.54,7224.929999999999,2021,M1_fixed,FINBIN_state,1.0,0.85,True,31109,Lancaster
8,264930,255773,23843.7,23019.57,824.13,96.54361529460613,11.695687725516823,0.1458128887724662,3356.5499999999997,399.94571720272506,22749950.75779917,487.0367172027154,27703912.948730636,1008.596717202739,57371599.85441112,1.6199999999999999,1.6199999999999999,3354.93,2021,M1_fixed,FINBIN_state,1.0,0.85,True,31127,Nemaha
9,459626,430234,41366.34,38721.06,2645.2799999999997,93.60523556108662,11.580275458033203,0.23027236341153884,8916.39,389.99295197499623,37315236.610359624,477.0839519749791,45648262.25909121,998.6439519750143,95552073.87399511,1.08,1.08,8915.31,2021,M1_fixed,FINBIN_state,1.0,0.85,True,31131,Otoe
10,129943,114943,11694.869999999999,10344.869999999999,1350.0,88.45647707071562,11.285767793557907,0.4137616035774253,4280.3099999999995,364.59560292190326,9320059.130147975,451.6866029219062,11546342.89001441,973.246602921916,24878840.5969637,0.27,0.27,4280.04,2021,M1_fixed,FINBIN_state,1.0,0.85,True,31133,Pawnee
11,273488,264373,24613.92,23793.57,820.35,96.66712981922424,11.914748828016183,0.08608292072185889,2048.22,418.8368088625598,24625590.55736846,505.92780886255684,29746122.616277043,1027.4878088625942,60411342.910505414,0.36,0.36,2047.86,2021,M1_fixed,FINBIN_state,1.0,0.85,True,31147,Richardson
12,18430,17021,1658.7,1531.8899999999999,126.81,92.35485621269669,11.083751509034265,0.4973855825157159,761.9399999999999,347.1743989556352,1314187.9387476337,434.26539895563354,1643860.69721648,955.8253989556358,3618164.8607582403,0.0,0.0,761.9399999999999,2021,M1_fixed,FINBIN_state,1.0,0.85,True,31151,Saline
14,27863,23404,2507.67,2106.36,401.31,83.99669813013674,11.89673948059773,0.08464365065800718,178.29,417.28374339847954,2171932.220969573,504.37474339848006,2625234.6849379106,1025.934743398485,5339917.408839656,0.0,0.0,178.29,2021,M1_fixed,FINBIN_state,1.0,0.85,True,31155,Saunders
15,11529,10245,1037.61,922.05,115.56,88.86286755139214,11.290181629596075,0.4078086871644705,376.02,364.97623727559653,831574.6951565576,452.0672372755975,1030005.892531179,973.6272372756039,2218346.539701469,0.0,0.0,376.02,2021,M1_fixed,FINBIN_state,1.0,0.85,True,31159,Seward
1,16185,12747,1456.6499999999999,1147.23,309.42,78.758109360519,11.816547253220335,0.10449517533537303,119.88,302.9592358048968,858849.1604709018,405.4192358048961,1149309.640238278,1019.0192358048945,2888784.0730438884,0.0,0.0,119.88,2021,M1_fixed,FINBIN_state,1.0,1.0,True,31023,Butler
2,327932,314678,29513.879999999997,28321.02,1192.86,95.95830842979642,11.659078905971395,0.14731884656696687,4172.22,289.3796959072871,20251591.111611053,391.8396959072923,27422025.162936363,1005.4396959072851,70363449.4640581,2.16,2.16,4170.0599999999995,2021,M1_fixed,FINBIN_state,1.0,1.0,True,31025,Cass
4,153116,140448,13780.439999999999,12640.32,1140.12,91.72653413098566,10.826109386561237,0.6400803144224196,8090.82,217.54721007799336,6795067.735223096,320.0072100779994,9995396.711638812,933.6072100780041,29161138.073424708,12.33,12.33,8078.49,2021,M1_fixed,FINBIN_state,1.0,1.0,True,31067,Gage
5,8116,7461,730.4399999999999,671.49,58.949999999999996,91.9295219319862,10.1358911588802,0.8352767725505964,560.88,158.0251148467975,262209.165072246,260.485114846798,432219.80597162776,874.0851148468014,1450358.877373743,4.59,4.59,556.29,2021,M1_fixed,FINBIN_state,1.0,1.0,True,31095,Jefferson
6,129110,111353,11619.9,10021.77,1598.1299999999999,86.24661141662149,11.342497336499735,0.38474042010543047,3855.7799999999997,262.0787676344332,6490205.870852427,364.5387676344338,9027559.42882976,978.1387676344292,24222954.15042717,1.3499999999999999,1.3499999999999999,3854.43,2021,M1_fixed,FINBIN_state,1.0,1.0,True,31097,Johnson
7,266481,250331,23983.29,22529.79,1453.5,93.93953039803964,11.429008216965267,0.3207073834243462,7225.469999999999,269.5391745884842,15005872.129880194,371.99917458847983,20710058.39807228,985.5991745884857,54870596.11193959,4.68,4.68,7220.79,2021,M1_fixed,FINBIN_state,1.0,1.0,True,31109,Lancaster
8,264930,255773,23843.7,23019.57,824.13,96.54361529460613,11.695687725516823,0.1458128887724662,3356.5499999999997,292.53671720272024,16640247.97604399,394.9967172027199,22468438.788905162,1008.596717202739,57371599.85441112,4.05,4.05,3352.5,2021,M1_fixed,FINBIN_state,1.0,1.0,True,31127,Nemaha
9,459626,430234,41366.34,38721.06,2645.2799999999997,93.60523556108662,11.580275458033203,0.23027236341153884,8916.39,282.5839519749831,27038147.68148182,385.043951974993,36841707.26822774,998.6439519750143,95552073.87399511,2.6999999999999997,2.6999999999999997,8913.69,2021,M1_fixed,FINBIN_state,1.0,1.0,True,31131,Otoe
10,129943,114943,11694.869999999999,10344.869999999999,1350.0,88.45647707071562,11.285767793557907,0.4137616035774253,4280.3099999999995,257.18660292190935,6574391.812474825,359.64660292190234,9193549.177023303,973.246602921916,24878840.5969637,1.17,1.17,4279.139999999999,2021,M1_fixed,FINBIN_state,1.0,1.0,True,31133,Pawnee
11,273488,264373,24613.92,23793.57,820.35,96.66712981922424,11.914748828016183,0.08608292072185889,2048.22,311.4278088625702,18310457.789168794,413.8878088625613,24334613.15259034,1027.4878088625942,60411342.910505414,0.54,0.54,2047.6799999999998,2021,M1_fixed,FINBIN_state,1.0,1.0,True,31147,Richardson
12,18430,17021,1658.7,1531.8899999999999,126.81,92.35485621269669,11.083751509034265,0.4973855825157159,761.9399999999999,239.76539895563616,907603.7760398836,342.2253989556351,1295454.0801208827,955.8253989556358,3618164.8607582403,0.27,0.27,761.67,2021,M1_fixed,FINBIN_state,1.0,1.0,True,31151,Saline
14,27863,23404,2507.67,2106.36,401.31,83.99669813013674,11.89673948059773,0.08464365065800718,178.29,309.8747433984804,1612876.0113454503,412.33474339848124,2146173.02777879,1025.934743398485,5339917.408839656,0.18,0.18,178.10999999999999,2021,M1_fixed,FINBIN_state,1.0,1.0,True,31155,Saunders
15,11529,10245,1037.61,922.05,115.56,88.86286755139214,11.290181629596075,0.4078086871644705,376.02,257.5672372755966,586850.2520015765,360.0272372755982,820298.7195011323,973.6272372756039,2218346.539701469,0.27,0.27,375.75,2021,M1_fixed,FINBIN_state,1.0,1.0,True,31159,Seward
1,16185,12747,1456.6499999999999,1147.23,309.42,78.758109360519,11.816547253220335,0.10449517533537303,119.88,195.5502358048956,554358.9235849495,313.37923580489587,888388.4753174352,1019.0192358048945,2888784.0730438884,0.8999999999999999,0.8999999999999999,118.97999999999999,2021,M1_fixed,FINBIN_state,1.0,1.15,True,31023,Butler
2,327932,314678,29513.879999999997,28321.02,1192.86,95.95830842979642,11.659078905971395,0.14731884656696687,4172.22,181.97069590728887,12734812.3587441,299.79969590728615,20980811.517767597,1005.4396959072851,70363449.4640581,18.81,18.81,4153.41,2021,M1_fixed,FINBIN_state,1.0,1.15,True,31025,Cass
4,153116,140448,13780.439999999999,12640.32,1140.12,91.72653413098566,10.826109386561237,0.6400803144224196,8090.82,110.13821007799511,3440157.1844929582,227.9672100779942,7120535.507370787,933.6072100780041,29161138.073424708,707.13,707.13,7383.69,2021,M1_fixed,FINBIN_state,1.0,1.15,True,31067,Gage
5,8116,7461,730.4399999999999,671.49,58.949999999999996,91.9295219319862,10.1358911588802,0.8352767725505964,560.88,50.616114846796954,83986.70822702149,168.44511484679697,279498.94526130956,874.0851148468014,1450358.877373743,199.70999999999998,199.70999999999998,361.16999999999996,2021,M1_fixed,FINBIN_state,1.0,1.15,True,31095,Jefferson
6,129110,111353,11619.9,10021.77,1598.1299999999999,86.24661141662149,11.342497336499735,0.38474042010543047,3855.7799999999997,154.66976763443515,3830293.62891625,272.498767634439,6748250.220590261,978.1387676344292,24222954.15042717,39.6,39.6,3816.18,2021,M1_fixed,FINBIN_state,1.0,1.15,True,31097,Johnson
7,266481,250331,23983.29,22529.79,1453.5,93.93953039803964,11.429008216965267,0.3207073834243462,7225.469999999999,162.13017458848915,9026163.532571578,279.9591745884807,15585977.740992283,985.5991745884857,54870596.11193959,116.19,116.19,7109.28,2021,M1_fixed,FINBIN_state,1.0,1.15,True,31109,Lancaster
8,264930,255773,23843.7,23019.57,824.13,96.54361529460613,11.695687725516823,0.1458128887724662,3356.5499999999997,185.12771720271743,10530545.194288922,302.95671720271605,17232964.629079215,1008.596717202739,57371599.85441112,13.68,13.68,3342.87,2021,M1_fixed,FINBIN_state,1.0,1.15,True,31127,Nemaha
9,459626,430234,41366.34,38721.06,2645.2799999999997,93.60523556108662,11.580275458033203,0.23027236341153884,8916.39,175.1749519749888,16761058.75260582,293.00395197498074,28035152.27736177,998.6439519750143,95552073.87399511,27.18,27.18,8889.21,2021,M1_fixed,FINBIN_state,1.0,1.15,True,31131,Otoe
10,129943,114943,11694.869999999999,10344.869999999999,1350.0,88.45647707071562,11.285767793557907,0.4137616035774253,4280.3099999999995,149.77760292190547,3828724.4948014193,267.6066029219097,6840755.464032486,973.246602921916,24878840.5969637,45.72,45.72,4234.59,2021,M1_fixed,FINBIN_state,1.0,1.15,True,31133,Pawnee
11,273488,264373,24613.92,23793.57,820.35,96.66712981922424,11.914748828016183,0.08608292072185889,2048.22,204.01880886256544,11995325.020968232,321.84780886256215,18923103.688903417,1027.4878088625942,60411342.910505414,4.68,4.68,2043.54,2021,M1_fixed,FINBIN_state,1.0,1.15,True,31147,Richardson
12,18430,17021,1658.7,1531.8899999999999,126.81,92.35485621269669,11.083751509034265,0.4973855825157159,761.9399999999999,132.35639895563568,501019.61333212815,250.18539895563597,947047.4630252826,955.8253989556358,3618164.8607582403,51.3,51.3,710.64,2021,M1_fixed,FINBIN_state,1.0,1.15,True,31151,Saline
14,27863,23404,2507.67,2106.36,401.31,83.99669813013674,11.89673948059773,0.08464365065800718,178.29,202.46574339848047,1053819.8017213235,320.2947433984802,1667111.3706196572,1025.934743398485,5339917.408839656,0.44999999999999996,0.44999999999999996,177.84,2021,M1_fixed,FINBIN_state,1.0,1.15,True,31155,Saunders
15,11529,10245,1037.61,922.05,115.56,88.86286755139214,11.290181629596075,0.4078086871644705,376.02,150.15823727559854,342125.80884659954,267.987237275598,610591.5464710832,973.6272372756039,2218346.539701469,9.54,9.54,366.47999999999996,2021,M1_fixed,FINBIN_state,1.0,1.15,True,31159,Seward
1,16185,12747,1456.6499999999999,1147.23,309.42,78.758109360519,11.816547253220335,0.10449517533537303,119.88,563.221121175632,1596657.0083134368,650.3121211756326,1843548.41611571,1171.8721211756265,3322101.684000465,0.0,0.0,119.88,2021,M1_fixed,FINBIN_state,1.15,0.85,True,31023,Butler
2,327932,314678,29513.879999999997,28321.02,1192.86,95.95830842979642,11.659078905971395,0.14731884656696687,4172.22,547.6046502933805,38322887.28408688,634.6956502933665,44417756.22771212,1156.2556502934005,80917966.8836684,0.09,0.09,4172.13,2021,M1_fixed,FINBIN_state,1.15,0.85,True,31025,Cass
4,153116,140448,13780.439999999999,12640.32,1140.12,91.72653413098566,10.826109386561237,0.6400803144224196,8090.82,464.99729158970416,14524148.996967312,552.0882915896927,17244428.626920156,1073.6482915896831,33535308.784437742,1.53,1.53,8089.29,2021,M1_fixed,FINBIN_state,1.15,0.85,True,31067,Gage
5,8116,7461,730.4399999999999,671.49,58.949999999999996,91.9295219319862,10.1358911588802,0.8352767725505964,560.88,396.5468820738181,657985.4535235317,483.6378820738189,802494.4982880068,1005.1978820738146,1667912.708979793,0.09,0.09,560.79,2021,M1_fixed,FINBIN_state,1.15,0.85,True,31095,Jefferson
6,129110,111353,11619.9,10021.77,1598.1299999999999,86.24661141662149,11.342497336499735,0.38474042010543047,3855.7799999999997,516.2085827796082,12783561.23535299,603.2995827796067,14940311.759633673,1124.8595827795946,27856397.27299127,0.09,0.09,3855.69,2021,M1_fixed,FINBIN_state,1.15,0.85,True,31097,Johnson
7,266481,250331,23983.29,22529.79,1453.5,93.93953039803964,11.429008216965267,0.3207073834243462,7225.469999999999,524.7880507767508,29216170.143979684,611.87905077677,34064728.47194423,1133.4390507767719,63101185.528731264,0.0,0.0,7225.469999999999,2021,M1_fixed,FINBIN_state,1.15,0.85,True,31109,Lancaster
8,264930,255773,23843.7,23019.57,824.13,96.54361529460613,11.695687725516823,0.1458128887724662,3356.5499999999997,551.2352247831425,31355690.735961206,638.3262247831315,36309652.9268926,1159.8862247831344,65977339.832571894,0.18,0.18,3356.37,2021,M1_fixed,FINBIN_state,1.15,0.85,True,31127,Nemaha
9,459626,430234,41366.34,38721.06,2645.2799999999997,93.60523556108662,11.580275458033203,0.23027236341153884,8916.39,539.7895447712308,51648047.69145722,626.8805447712317,59981073.34019054,1148.4405447712163,109884884.9550896,0.44999999999999996,0.44999999999999996,8915.94,2021,M1_fixed,FINBIN_state,1.15,0.85,True,31131,Otoe
10,129943,114943,11694.869999999999,10344.869999999999,1350.0,88.45647707071562,11.285767793557907,0.4137616035774253,4280.3099999999995,510.5825933601895,13051885.2196925,597.6735933601883,15278168.979558827,1119.2335933601876,28610666.686507847,0.09,0.09,4280.22,2021,M1_fixed,FINBIN_state,1.15,0.85,True,31133,Pawnee
11,273488,264373,24613.92,23793.57,820.35,96.66712981922424,11.914748828016183,0.08608292072185889,2048.22,572.9599801919429,33687291.993943915,660.0509801919569,38807824.0528535,1181.6109801919167,69473044.34707731,0.18,0.18,2048.04,2021,M1_fixed,FINBIN_state,1.15,0.85,True,31147,Richardson
12,18430,17021,1658.7,1531.8899999999999,126.81,92.35485621269669,11.083751509034265,0.4973855825157159,761.9399999999999,490.54820879897983,1856912.6678613669,577.6392087989818,2186585.426330227,1099.1992087989863,4160889.5898719965,0.0,0.0,761.9399999999999,2021,M1_fixed,FINBIN_state,1.15,0.85,True,31151,Saline
14,27863,23404,2507.67,2106.36,401.31,83.99669813013674,11.89673948059773,0.08464365065800718,178.29,571.1739549082569,2972919.832295545,658.2649549082556,3426222.296263873,1179.8249549082448,6140905.020165536,0.0,0.0,178.29,2021,M1_fixed,FINBIN_state,1.15,0.85,True,31155,Saunders
15,11529,10245,1037.61,922.05,115.56,88.86286755139214,11.290181629596075,0.4078086871644705,376.02,511.02032286693674,1164326.676111777,598.1113228669368,1362757.8734863966,1119.6713228669453,2551098.5206566905,0.0,0.0,376.02,2021,M1_fixed,FINBIN_state,1.15,0.85,True,31159,Seward
1,16185,12747,1456.6499999999999,1147.23,309.42,78.758109360519,11.816547253220335,0.10449517533537303,119.88,455.81212117562995,1292166.771427482,558.272121175633,1582627.2511948687,1171.8721211756265,3322101.684000465,0.0,0.0,119.88,2021,M1_fixed,FINBIN_state,1.15,1.0,True,31023,Butler
2,327932,314678,29513.879999999997,28321.02,1192.86,95.95830842979642,11.659078905971395,0.14731884656696687,4172.22,440.1956502933819,30806108.53121991,542.6556502933796,37976542.58254469,1156.2556502934005,80917966.8836684,0.44999999999999996,0.44999999999999996,4171.7699999999995,2021,M1_fixed,FINBIN_state,1.15,1.0,True,31025,Cass
4,153116,140448,13780.439999999999,12640.32,1140.12,91.72653413098566,10.826109386561237,0.6400803144224196,8090.82,357.58829158969144,11169238.446236722,460.0482915896964,14369567.422652407,1073.6482915896831,33535308.784437742,2.6999999999999997,2.6999999999999997,8088.12,2021,M1_fixed,FINBIN_state,1.15,1.0,True,31067,Gage
5,8116,7461,730.4399999999999,671.49,58.949999999999996,91.9295219319862,10.1358911588802,0.8352767725505964,560.88,289.1378820738163,479762.9966783051,391.5978820738181,649773.6375776891,1005.1978820738146,1667912.708979793,0.27,0.27,560.61,2021,M1_fixed,FINBIN_state,1.15,1.0,True,31095,Jefferson
6,129110,111353,11619.9,10021.77,1598.1299999999999,86.24661141662149,11.342497336499735,0.38474042010543047,3855.7799999999997,408.7995827796064,10123648.993416721,511.25958277960575,12661002.551394025,1124.8595827795946,27856397.27299127,0.27,0.27,3855.5099999999998,2021,M1_fixed,FINBIN_state,1.15,1.0,True,31097,Johnson
7,266481,250331,23983.29,22529.79,1453.5,93.93953039803964,11.429008216965267,0.3207073834243462,7225.469999999999,417.3790507767578,23236461.54667118,519.839050776752,28940647.814863175,1133.4390507767719,63101185.528731264,0.63,0.63,7224.84,2021,M1_fixed,FINBIN_state,1.15,1.0,True,31109,Lancaster
8,264930,255773,23843.7,23019.57,824.13,96.54361529460613,11.695687725516823,0.1458128887724662,3356.5499999999997,443.82622478313476,25245987.954205867,546.286224783142,31074178.76706747,1159.8862247831344,65977339.832571894,1.7999999999999998,1.7999999999999998,3354.75,2021,M1_fixed,FINBIN_state,1.15,1.0,True,31127,Nemaha
9,459626,430234,41366.34,38721.06,2645.2799999999997,93.60523556108662,11.580275458033203,0.23027236341153884,8916.39,432.3805447712497,41370958.76258247,534.8405447712416,51174518.34932668,1148.4405447712163,109884884.9550896,1.17,1.17,8915.22,2021,M1_fixed,FINBIN_state,1.15,1.0,True,31131,Otoe
10,129943,114943,11694.869999999999,10344.869999999999,1350.0,88.45647707071562,11.285767793557907,0.4137616035774253,4280.3099999999995,403.17359336019604,10306217.902019361,505.6335933601867,12925375.266567782,1119.2335933601876,28610666.686507847,0.36,0.36,4279.95,2021,M1_fixed,FINBIN_state,1.15,1.0,True,31133,Pawnee
11,273488,264373,24613.92,23793.57,820.35,96.66712981922424,11.914748828016183,0.08608292072185889,2048.22,465.5509801919555,27372159.225744378,568.010980191943,33396314.589165714,1181.6109801919167,69473044.34707731,0.36,0.36,2047.86,2021,M1_fixed,FINBIN_state,1.15,1.0,True,31147,Richardson
12,18430,17021,1658.7,1531.8899999999999,126.81,92.35485621269669,11.083751509034265,0.4973855825157159,761.9399999999999,383.13920879898006,1450328.505153614,485.599208798981,1838178.8092346208,1099.1992087989863,4160889.5898719965,0.0,0.0,761.9399999999999,2021,M1_fixed,FINBIN_state,1.15,1.0,True,31151,Saline
14,27863,23404,2507.67,2106.36,401.31,83.99669813013674,11.89673948059773,0.08464365065800718,178.29,463.7649549082551,2413863.622671409,566.2249549082495,2947160.6391047146,1179.8249549082448,6140905.020165536,0.09,0.09,178.2,2021,M1_fixed,FINBIN_state,1.15,1.0,True,31155,Saunders
15,11529,10245,1037.61,922.05,115.56,88.86286755139214,11.290181629596075,0.4078086871644705,376.02,403.6113228669377,919602.232956798,506.0713228669363,1153050.7004563469,1119.6713228669453,2551098.5206566905,0.0,0.0,376.02,2021,M1_fixed,FINBIN_state,1.15,1.0,True,31159,Seward
1,16185,12747,1456.6499999999999,1147.23,309.42,78.758109360519,11.816547253220335,0.10449517533537303,119.88,348.4031211756287,987676.5345415296,466.2321211756325,1321706.0862740253,1171.8721211756265,3322101.684000465,0.0,0.0,119.88,2021,M1_fixed,FINBIN_state,1.15,1.15,True,31023,Butler
2,327932,314678,29513.879999999997,28321.02,1192.86,95.95830842979642,11.659078905971395,0.14731884656696687,4172.22,332.78665029337384,23289329.778352268,450.6156502933908,31535328.93737714,1156.2556502934005,80917966.8836684,2.16,2.16,4170.0599999999995,2021,M1_fixed,FINBIN_state,1.15,1.15,True,31025,Cass
4,153116,140448,13780.439999999999,12640.32,1140.12,91.72653413098566,10.826109386561237,0.6400803144224196,8090.82,250.17929158969343,7814327.895506593,368.0082915897002,11494706.21838466,1073.6482915896831,33535308.784437742,12.33,12.33,8078.49,2021,M1_fixed,FINBIN_state,1.15,1.15,True,31067,Gage
5,8116,7461,730.4399999999999,671.49,58.949999999999996,91.9295219319862,10.1358911588802,0.8352767725505964,560.88,181.7288820738163,301540.5398330815,299.5578820738173,497052.7768673712,1005.1978820738146,1667912.708979793,4.59,4.59,556.29,2021,M1_fixed,FINBIN_state,1.15,1.15,True,31095,Jefferson
6,129110,111353,11619.9,10021.77,1598.1299999999999,86.24661141662149,11.342497336499735,0.38474042010543047,3855.7799999999997,301.39058277960396,7463736.751480435,419.21958277960186,10381693.343154298,1124.8595827795946,27856397.27299127,1.3499999999999999,1.3499999999999999,3854.43,2021,M1_fixed,FINBIN_state,1.15,1.15,True,31097,Johnson
7,266481,250331,23983.29,22529.79,1453.5,93.93953039803964,11.429008216965267,0.3207073834243462,7225.469999999999,309.97005077676164,17256752.949362494,427.7990507767622,23816567.157783702,1133.4390507767719,63101185.528731264,4.68,4.68,7220.79,2021,M1_fixed,FINBIN_state,1.15,1.15,True,31109,Lancaster
8,264930,255773,23843.7,23019.57,824.13,96.54361529460613,11.695687725516823,0.1458128887724662,3356.5499999999997,336.41722478312727,19136285.17245053,454.2462247831238,25838704.607240707,1159.8862247831344,65977339.832571894,4.05,4.05,3352.5,2021,M1_fixed,FINBIN_state,1.15,1.15,True,31127,Nemaha
9,459626,430234,41366.34,38721.06,2645.2799999999997,93.60523556108662,11.580275458033203,0.23027236341153884,8916.39,324.9715447712367,31093869.833704684,442.8005447712454,42367963.35846224,1148.4405447712163,109884884.9550896,2.6999999999999997,2.6999999999999997,8913.69,2021,M1_fixed,FINBIN_state,1.15,1.15,True,31131,Otoe
10,129943,114943,11694.869999999999,10344.869999999999,1350.0,88.45647707071562,11.285767793557907,0.4137616035774253,4280.3099999999995,295.7645933601901,7560550.584345903,413.5935933601905,10572581.553576872,1119.2335933601876,28610666.686507847,1.17,1.17,4279.139999999999,2021,M1_fixed,FINBIN_state,1.15,1.15,True,31133,Pawnee
11,273488,264373,24613.92,23793.57,820.35,96.66712981922424,11.914748828016183,0.08608292072185889,2048.22,358.14198019195226,21057026.45754391,475.9709801919466,27984805.125478946,1181.6109801919167,69473044.34707731,0.54,0.54,2047.6799999999998,2021,M1_fixed,FINBIN_state,1.15,1.15,True,31147,Richardson
12,18430,17021,1658.7,1531.8899999999999,126.81,92.35485621269669,11.083751509034265,0.4973855825157159,761.9399999999999,275.7302087989812,1043744.3424458647,393.55920879898014,1489772.192139014,1099.1992087989863,4160889.5898719965,0.27,0.27,761.67,2021,M1_fixed,FINBIN_state,1.15,1.15,True,31151,Saline
14,27863,23404,2507.67,2106.36,401.31,83.99669813013674,11.89673948059773,0.08464365065800718,178.29,356.3559549082533,1854807.4130472722,474.1849549082526,2468098.981945604,1179.8249549082448,6140905.020165536,0.18,0.18,178.10999999999999,2021,M1_fixed,FINBIN_state,1.15,1.15,True,31155,Saunders
15,11529,10245,1037.61,922.05,115.56,88.86286755139214,11.290181629596075,0.4078086871644705,376.02,296.20232286693766,674877.7898018166,414.0313228669374,943343.5274263008,1119.6713228669453,2551098.5206566905,0.27,0.27,375.75,2021,M1_fixed,FINBIN_state,1.15,1.15,True,31159,Seward
1,16185,12747,1456.6499999999999,1147.23,309.42,78.758109360519,11.816547253220335,0.10449517533537303,119.88,467.3646287537565,1324916.5947112895,659.881128753756,1870675.280570516,953.7176287537596,2703662.6977398335,0.0,0.0,119.88,2021,M2_HI_sensitivity,UNL,0.85,0.85,True,31023,Butler
2,327932,314678,29513.879999999997,28321.02,1192.86,95.95830842979642,11.659078905971395,0.14731884656696687,4172.22,454.6553038110414,31818035.058190305,647.1718038110236,45290871.941283904,941.0083038110566,65854362.52416872,0.09,0.09,4172.13,2021,M2_HI_sensitivity,UNL,0.85,0.85,True,31025,Cass
4,153116,140448,13780.439999999999,12640.32,1140.12,91.72653413098566,10.826109386561237,0.6400803144224196,8090.82,387.42604488691927,12101218.013563057,579.9425448869216,18114453.74836793,873.7790448869131,27292410.661099672,1.08,1.08,8089.74,2021,M2_HI_sensitivity,UNL,0.85,0.85,True,31067,Gage
5,8116,7461,730.4399999999999,671.49,58.949999999999996,91.9295219319862,10.1358911588802,0.8352767725505964,560.88,331.718292248161,550416.1571653134,524.2347922481605,869856.4611737613,818.0712922481562,1357415.8178459282,0.09,0.09,560.79,2021,M2_HI_sensitivity,UNL,0.85,0.85,True,31095,Jefferson
6,129110,111353,11619.9,10021.77,1598.1299999999999,86.24661141662149,11.342497336499735,0.38474042010543047,3855.7799999999997,429.10389549578423,10626471.754617952,621.6203954957772,15394014.466352506,915.4568954957756,22670679.396457896,0.0,0.0,3855.7799999999997,2021,M2_HI_sensitivity,UNL,0.85,0.85,True,31097,Johnson
7,266481,250331,23983.29,22529.79,1453.5,93.93953039803964,11.429008216965267,0.3207073834243462,7225.469999999999,436.08621867453957,24277933.050080266,628.602718674546,34995773.92164463,922.4392186745317,51354334.61258365,0.0,0.0,7225.469999999999,2021,M2_HI_sensitivity,UNL,0.85,0.85,True,31109,Lancaster
8,264930,255773,23843.7,23019.57,824.13,96.54361529460613,11.695687725516823,0.1458128887724662,3356.5499999999997,457.61001433859514,26030045.69043021,650.1265143385745,36980884.03343306,943.9630143386181,53695067.029563665,0.18,0.18,3356.37,2021,M2_HI_sensitivity,UNL,0.85,0.85,True,31127,Nemaha
9,459626,430234,41366.34,38721.06,2645.2799999999997,93.60523556108662,11.580275458033203,0.23027236341153884,8916.39,448.29505018579147,42893687.653125465,640.8115501858031,61314017.33477394,934.6480501857889,89428829.32492085,0.44999999999999996,0.44999999999999996,8915.94,2021,M2_HI_sensitivity,UNL,0.85,0.85,True,31131,Otoe
10,129943,114943,11694.869999999999,10344.869999999999,1350.0,88.45647707071562,11.285767793557907,0.4137616035774253,4280.3099999999995,424.5252344016955,10852024.147178866,617.0417344017113,15773271.548820222,910.878234401701,23284534.802267175,0.09,0.09,4280.22,2021,M2_HI_sensitivity,UNL,0.85,0.85,True,31133,Pawnee
11,273488,264373,24613.92,23793.57,820.35,96.66712981922424,11.914748828016183,0.08608292072185889,2048.22,475.29051192819395,27944796.863320805,667.8070119281836,39263841.42726947,961.6435119281804,56540014.83585966,0.18,0.18,2048.04,2021,M2_HI_sensitivity,UNL,0.85,0.85,True,31147,Richardson
12,18430,17021,1658.7,1531.8899999999999,126.81,92.35485621269669,11.083751509034265,0.4973855825157159,761.9399999999999,408.22042998490383,1545270.5241237823,600.7369299849038,2274019.138857438,894.5734299849038,3386302.7214759984,0.0,0.0,761.9399999999999,2021,M2_HI_sensitivity,UNL,0.85,0.85,True,31151,Saline
14,27863,23404,2507.67,2106.36,401.31,83.99669813013674,11.89673948059773,0.08464365065800718,178.29,473.83697124940585,2466287.7517383955,666.3534712494043,3468322.448831772,960.1899712493995,4997720.5433975635,0.0,0.0,178.29,2021,M2_HI_sensitivity,UNL,0.85,0.85,True,31155,Saunders
15,11529,10245,1037.61,922.05,115.56,88.86286755139214,11.290181629596075,0.4078086871644705,376.02,424.88147663979106,968064.899380304,617.3979766397905,1406701.2637505692,911.2344766397858,2076188.6795267847,0.0,0.0,376.02,2021,M2_HI_sensitivity,UNL,0.85,0.85,True,31159,Seward
1,16185,12747,1456.6499999999999,1147.23,309.42,78.758109360519,11.816547253220335,0.10449517533537303,119.88,381.53762875375776,1081608.4588827281,608.0276287537588,1723677.5010700577,953.7176287537596,2703662.6977398335,0.0,0.0,119.88,2021,M2_HI_sensitivity,UNL,0.85,1.0,True,31023,Butler
2,327932,314678,29513.879999999997,28321.02,1192.86,95.95830842979642,11.659078905971395,0.14731884656696687,4172.22,368.8283038110481,25811624.328900654,595.31830381105,41662020.661953546,941.0083038110566,65854362.52416872,0.27,0.27,4171.95,2021,M2_HI_sensitivity,UNL,0.85,1.0,True,31025,Cass
4,153116,140448,13780.439999999999,12640.32,1140.12,91.72653413098566,10.826109386561237,0.6400803144224196,8090.82,301.5990448869165,9420419.311056476,528.0890448869166,16494814.293179773,873.7790448869131,27292410.661099672,2.6999999999999997,2.6999999999999997,8088.12,2021,M2_HI_sensitivity,UNL,0.85,1.0,True,31067,Gage
5,8116,7461,730.4399999999999,671.49,58.949999999999996,91.9295219319862,10.1358911588802,0.8352767725505964,560.88,245.89129224815923,408004.4523393181,472.3812922481562,783816.5747021941,818.0712922481562,1357415.8178459282,0.27,0.27,560.61,2021,M2_HI_sensitivity,UNL,0.85,1.0,True,31095,Jefferson
6,129110,111353,11619.9,10021.77,1598.1299999999999,86.24661141662149,11.342497336499735,0.38474042010543047,3855.7799999999997,343.276895495787,8501023.347234463,569.7668954957885,14109897.125745945,915.4568954957756,22670679.396457896,0.27,0.27,3855.5099999999998,2021,M2_HI_sensitivity,UNL,0.85,1.0,True,31097,Johnson
7,266481,250331,23983.29,22529.79,1453.5,93.93953039803964,11.429008216965267,0.3207073834243462,7225.469999999999,350.259218674527,19499744.53904948,576.7492186745316,32108969.093830906,922.4392186745317,51354334.61258365,0.54,0.54,7224.929999999999,2021,M2_HI_sensitivity,UNL,0.85,1.0,True,31109,Lancaster
8,264930,255773,23843.7,23019.57,824.13,96.54361529460613,11.695687725516823,0.1458128887724662,3356.5499999999997,371.78301433859724,21147983.101171717,598.2730143385987,34031322.32823535,943.9630143386181,53695067.029563665,1.6199999999999999,1.6199999999999999,3354.93,2021,M2_HI_sensitivity,UNL,0.85,1.0,True,31127,Nemaha
9,459626,430234,41366.34,38721.06,2645.2799999999997,93.60523556108662,11.580275458033203,0.23027236341153884,8916.39,362.4680501858137,34681603.82869308,588.9580501858051,56352579.92474797,934.6480501857889,89428829.32492085,1.08,1.08,8915.31,2021,M2_HI_sensitivity,UNL,0.85,1.0,True,31131,Otoe
10,129943,114943,11694.869999999999,10344.869999999999,1350.0,88.45647707071562,11.285767793557907,0.4137616035774253,4280.3099999999995,338.69823440169887,8658051.67863398,565.1882344016961,14447754.504093854,910.878234401701,23284534.802267175,0.27,0.27,4280.04,2021,M2_HI_sensitivity,UNL,0.85,1.0,True,31133,Pawnee
11,273488,264373,24613.92,23793.57,820.35,96.66712981922424,11.914748828016183,0.08608292072185889,2048.22,389.46351192818315,22898581.926989637,615.9535119281925,36215104.94340112,961.6435119281804,56540014.83585966,0.36,0.36,2047.86,2021,M2_HI_sensitivity,UNL,0.85,1.0,True,31147,Richardson
12,18430,17021,1658.7,1531.8899999999999,126.81,92.35485621269669,11.083751509034265,0.4973855825157159,761.9399999999999,322.3934299849073,1220382.4892969339,548.8834299849055,2077733.8007482872,894.5734299849038,3386302.7214759984,0.0,0.0,761.9399999999999,2021,M2_HI_sensitivity,UNL,0.85,1.0,True,31151,Saline
14,27863,23404,2507.67,2106.36,401.31,83.99669813013674,11.89673948059773,0.08464365065800718,178.29,388.0099712494068,2019564.3179161889,614.4999712494048,3198428.6674378067,960.1899712493995,4997720.5433975635,0.0,0.0,178.29,2021,M2_HI_sensitivity,UNL,0.85,1.0,True,31155,Saunders
15,11529,10245,1037.61,922.05,115.56,88.86286755139214,11.290181629596075,0.4078086871644705,376.02,339.0544766397888,772513.6440603295,565.5444766397909,1288556.4256724128,911.2344766397858,2076188.6795267847,0.0,0.0,376.02,2021,M2_HI_sensitivity,UNL,0.85,1.0,True,31159,Seward
1,16185,12747,1456.6499999999999,1147.23,309.42,78.758109360519,11.816547253220335,0.10449517533537303,119.88,295.7106287537556,838300.3230541571,556.1741287537542,1576679.7215695786,953.7176287537596,2703662.6977398335,0.0,0.0,119.88,2021,M2_HI_sensitivity,UNL,0.85,1.15,True,31023,Butler
2,327932,314678,29513.879999999997,28321.02,1192.86,95.95830842979642,11.659078905971395,0.14731884656696687,4172.22,283.00130381104435,19805213.599610265,543.4648038110453,38033169.382621005,941.0083038110566,65854362.52416872,1.6199999999999999,1.6199999999999999,4170.599999999999,2021,M2_HI_sensitivity,UNL,0.85,1.15,True,31025,Cass
4,153116,140448,13780.439999999999,12640.32,1140.12,91.72653413098566,10.826109386561237,0.6400803144224196,8090.82,215.77204488691592,6739620.608549961,476.235544886913,14875174.83799166,873.7790448869131,27292410.661099672,7.02,7.02,8083.799999999999,2021,M2_HI_sensitivity,UNL,0.85,1.15,True,31067,Gage
5,8116,7461,730.4399999999999,671.49,58.949999999999996,91.9295219319862,10.1358911588802,0.8352767725505964,560.88,160.06429224815858,265592.7475133248,420.5277922481589,697776.6882306385,818.0712922481562,1357415.8178459282,2.79,2.79,558.09,2021,M2_HI_sensitivity,UNL,0.85,1.15,True,31095,Jefferson
6,129110,111353,11619.9,10021.77,1598.1299999999999,86.24661141662149,11.342497336499735,0.38474042010543047,3855.7799999999997,257.4498954957847,6375574.939850848,517.9133954957813,12825779.785138926,915.4568954957756,22670679.396457896,1.3499999999999999,1.3499999999999999,3854.43,2021,M2_HI_sensitivity,UNL,0.85,1.15,True,31097,Johnson
7,266481,250331,23983.29,22529.79,1453.5,93.93953039803964,11.429008216965267,0.3207073834243462,7225.469999999999,264.43221867453644,14721556.028019918,524.8957186745317,29222164.266018007,922.4392186745317,51354334.61258365,3.51,3.51,7221.96,2021,M2_HI_sensitivity,UNL,0.85,1.15,True,31109,Lancaster
8,264930,255773,23843.7,23019.57,824.13,96.54361529460613,11.695687725516823,0.1458128887724662,3356.5499999999997,285.9560143385979,16265920.511913138,546.4195143385914,31081760.623035852,943.9630143386181,53695067.029563665,3.5999999999999996,3.5999999999999996,3352.95,2021,M2_HI_sensitivity,UNL,0.85,1.15,True,31127,Nemaha
9,459626,430234,41366.34,38721.06,2645.2799999999997,93.60523556108662,11.580275458033203,0.23027236341153884,8916.39,276.64105018580256,26469520.004257493,537.1045501857982,51391142.514721155,934.6480501857889,89428829.32492085,1.98,1.98,8914.41,2021,M2_HI_sensitivity,UNL,0.85,1.15,True,31131,Otoe
10,129943,114943,11694.869999999999,10344.869999999999,1350.0,88.45647707071562,11.285767793557907,0.4137616035774253,4280.3099999999995,252.87123440169725,6464079.210088966,513.334734401696,13122237.45936787,910.878234401701,23284534.802267175,1.17,1.17,4279.139999999999,2021,M2_HI_sensitivity,UNL,0.85,1.15,True,31133,Pawnee
11,273488,264373,24613.92,23793.57,820.35,96.66712981922424,11.914748828016183,0.08608292072185889,2048.22,303.6365119281881,17852366.990659405,564.1000119281904,33166368.45953211,961.6435119281804,56540014.83585966,0.54,0.54,2047.6799999999998,2021,M2_HI_sensitivity,UNL,0.85,1.15,True,31147,Richardson
12,18430,17021,1658.7,1531.8899999999999,126.81,92.35485621269669,11.083751509034265,0.4973855825157159,761.9399999999999,236.56642998490503,895494.4544700637,497.02992998490623,1881448.4626391323,894.5734299849038,3386302.7214759984,0.09,0.09,761.85,2021,M2_HI_sensitivity,UNL,0.85,1.15,True,31151,Saline
14,27863,23404,2507.67,2106.36,401.31,83.99669813013674,11.89673948059773,0.08464365065800718,178.29,302.18297124940386,1572840.8840939617,562.6464712494034,2928534.8860438317,960.1899712493995,4997720.5433975635,0.18,0.18,178.10999999999999,2021,M2_HI_sensitivity,UNL,0.85,1.15,True,31155,Saunders
15,11529,10245,1037.61,922.05,115.56,88.86286755139214,11.290181629596075,0.4078086871644705,376.02,253.2274766397901,576962.3887403633,513.6909766397903,1170411.5875942537,911.2344766397858,2076188.6795267847,0.18,0.18,375.84,2021,M2_HI_sensitivity,UNL,0.85,1.15,True,31159,Seward
1,16185,12747,1456.6499999999999,1147.23,309.42,78.758109360519,11.816547253220335,0.10449517533537303,119.88,635.6677397103028,1802033.5413712615,828.1842397103015,2347792.2272304855,1122.0207397103025,3180779.644399796,0.0,0.0,119.88,2021,M2_HI_sensitivity,UNL,1.0,0.85,True,31023,Butler
2,327932,314678,29513.879999999997,28321.02,1192.86,95.95830842979642,11.659078905971395,0.14731884656696687,4172.22,620.7155927188838,43439393.15069129,813.2320927188646,56912230.03378479,1107.0685927188904,77475720.6166691,0.09,0.09,4172.13,2021,M2_HI_sensitivity,UNL,1.0,0.85,True,31025,Cass
4,153116,140448,13780.439999999999,12640.32,1140.12,91.72653413098566,10.826109386561237,0.6400803144224196,8090.82,541.622346925791,16917525.777286675,734.1388469257806,22930761.512091156,1027.975346925779,32108718.42482311,0.09,0.09,8090.73,2021,M2_HI_sensitivity,UNL,1.0,0.85,True,31067,Gage
5,8116,7461,730.4399999999999,671.49,58.949999999999996,91.9295219319862,10.1358911588802,0.8352767725505964,560.88,476.0838144095963,789960.1250204705,668.6003144095966,1109400.42902892,962.4368144095982,1596959.7857010965,0.0,0.0,560.88,2021,M2_HI_sensitivity,UNL,1.0,0.85,True,31095,Jefferson
6,129110,111353,11619.9,10021.77,1598.1299999999999,86.24661141662149,11.342497336499735,0.38474042010543047,3855.7799999999997,590.655112347978,14627179.88340459,783.1716123479752,19394722.595139246,1077.0081123479897,26671387.525245033,0.0,0.0,3855.7799999999997,2021,M2_HI_sensitivity,UNL,1.0,0.85,True,31097,Johnson
7,266481,250331,23983.29,22529.79,1453.5,93.93953039803964,11.429008216965267,0.3207073834243462,7225.469999999999,598.8696102053309,33340462.687594555,791.3861102053372,44058303.559158914,1085.2226102053307,60416864.25009838,0.0,0.0,7225.469999999999,2021,M2_HI_sensitivity,UNL,1.0,0.85,True,31109,Lancaster
8,264930,255773,23843.7,23019.57,824.13,96.54361529460613,11.695687725516823,0.1458128887724662,3356.5499999999997,624.1917227512878,35505645.754470594,816.7082227512958,46456484.09747507,1110.5447227512855,63170667.09360261,0.09,0.09,3356.46,2021,M2_HI_sensitivity,UNL,1.0,0.85,True,31127,Nemaha
9,459626,430234,41366.34,38721.06,2645.2799999999997,93.60523556108662,11.580275458033203,0.23027236341153884,8916.39,613.2329413950505,58675245.769288175,805.7494413950557,77095575.45093603,1099.585941395075,105210387.44108614,0.09,0.09,8916.3,2021,M2_HI_sensitivity,UNL,1.0,0.85,True,31131,Otoe
10,129943,114943,11694.869999999999,10344.869999999999,1350.0,88.45647707071562,11.285767793557907,0.4137616035774253,4280.3099999999995,585.2684522372854,14961059.700520018,777.784952237282,19882307.102160886,1071.6214522372861,27393570.35560821,0.0,0.0,4280.3099999999995,2021,M2_HI_sensitivity,UNL,1.0,0.85,True,31133,Pawnee
11,273488,264373,24613.92,23793.57,820.35,96.66712981922424,11.914748828016183,0.08608292072185889,2048.22,644.9923081507953,37922446.540236115,837.5088081508062,49241491.10418604,1131.3453081508217,66517664.51277731,0.09,0.09,2048.13,2021,M2_HI_sensitivity,UNL,1.0,0.85,True,31147,Richardson
12,18430,17021,1658.7,1531.8899999999999,126.81,92.35485621269669,11.083751509034265,0.4973855825157159,761.9399999999999,566.0863293940034,2142853.357325425,758.6028293939992,2871601.972059065,1052.4393293940036,3983885.5546776415,0.0,0.0,761.9399999999999,2021,M2_HI_sensitivity,UNL,1.0,0.85,True,31151,Saline
14,27863,23404,2507.67,2106.36,401.31,83.99669813013674,11.89673948059773,0.08464365065800718,178.29,643.2822602934135,3348238.4358673566,835.7987602934139,4350273.132960742,1129.6352602934205,5879671.227526594,0.0,0.0,178.29,2021,M2_HI_sensitivity,UNL,1.0,0.85,True,31155,Saunders
15,11529,10245,1037.61,922.05,115.56,88.86286755139214,11.290181629596075,0.4078086871644705,376.02,585.6875607526944,1334451.136943854,778.2040607526935,1773087.5013141187,1072.0405607526936,2442574.917090345,0.0,0.0,376.02,2021,M2_HI_sensitivity,UNL,1.0,0.85,True,31159,Seward
1,16185,12747,1456.6499999999999,1147.23,309.42,78.758109360519,11.816547253220335,0.10449517533537303,119.88,549.8407397103038,1558725.4055426994,776.3307397102947,2200794.44773,1122.0207397103025,3180779.644399796,0.0,0.0,119.88,2021,M2_HI_sensitivity,UNL,1.0,1.0,True,31023,Butler
2,327932,314678,29513.879999999997,28321.02,1192.86,95.95830842979642,11.659078905971395,0.14731884656696687,4172.22,534.8885927188874,37432982.42140142,761.3785927188767,53283378.75445343,1107.0685927188904,77475720.6166691,0.09,0.09,4172.13,2021,M2_HI_sensitivity,UNL,1.0,1.0,True,31025,Cass
4,153116,140448,13780.439999999999,12640.32,1140.12,91.72653413098566,10.826109386561237,0.6400803144224196,8090.82,455.7953469257835,14236727.074779946,682.285346925786,21311122.05690332,1027.975346925779,32108718.42482311,1.08,1.08,8089.74,2021,M2_HI_sensitivity,UNL,1.0,1.0,True,31067,Gage
5,8116,7461,730.4399999999999,671.49,58.949999999999996,91.9295219319862,10.1358911588802,0.8352767725505964,560.88,390.25681440959846,647548.4201944818,616.7468144095994,1023360.5425573644,962.4368144095982,1596959.7857010965,0.09,0.09,560.79,2021,M2_HI_sensitivity,UNL,1.0,1.0,True,31095,Jefferson
6,129110,111353,11619.9,10021.77,1598.1299999999999,86.24661141662149,11.342497336499735,0.38474042010543047,3855.7799999999997,504.828112347982,12501731.476021133,731.3181123479906,18110605.254532788,1077.0081123479897,26671387.525245033,0.0,0.0,3855.7799999999997,2021,M2_HI_sensitivity,UNL,1.0,1.0,True,31097,Johnson
7,266481,250331,23983.29,22529.79,1453.5,93.93953039803964,11.429008216965267,0.3207073834243462,7225.469999999999,513.0426102053266,28562274.176564235,739.5326102053211,41171498.7313451,1085.2226102053307,60416864.25009838,0.0,0.0,7225.469999999999,2021,M2_HI_sensitivity,UNL,1.0,1.0,True,31109,Lancaster
8,264930,255773,23843.7,23019.57,824.13,96.54361529460613,11.695687725516823,0.1458128887724662,3356.5499999999997,538.3647227512862,30623583.165211882,764.8547227513011,43506922.39227628,1110.5447227512855,63170667.09360261,0.18,0.18,3356.37,2021,M2_HI_sensitivity,UNL,1.0,1.0,True,31127,Nemaha
9,459626,430234,41366.34,38721.06,2645.2799999999997,93.60523556108662,11.580275458033203,0.23027236341153884,8916.39,527.405941395068,50463161.94485533,753.8959413950581,72134138.04091012,1099.585941395075,105210387.44108614,0.44999999999999996,0.44999999999999996,8915.94,2021,M2_HI_sensitivity,UNL,1.0,1.0,True,31131,Otoe
10,129943,114943,11694.869999999999,10344.869999999999,1350.0,88.45647707071562,11.285767793557907,0.4137616035774253,4280.3099999999995,499.4414522372851,12767087.23197504,725.9314522372899,18556790.057435106,1071.6214522372861,27393570.35560821,0.09,0.09,4280.22,2021,M2_HI_sensitivity,UNL,1.0,1.0,True,31133,Pawnee
11,273488,264373,24613.92,23793.57,820.35,96.66712981922424,11.914748828016183,0.08608292072185889,2048.22,559.1653081508172,32876231.603906866,785.6553081508258,46192754.62031831,1131.3453081508217,66517664.51277731,0.18,0.18,2048.04,2021,M2_HI_sensitivity,UNL,1.0,1.0,True,31147,Richardson
12,18430,17021,1658.7,1531.8899999999999,126.81,92.35485621269669,11.083751509034265,0.4973855825157159,761.9399999999999,480.25932939400246,1817965.32249856,706.7493293940094,2675316.633949946,1052.4393293940036,3983885.5546776415,0.0,0.0,761.9399999999999,2021,M2_HI_sensitivity,UNL,1.0,1.0,True,31151,Saline
14,27863,23404,2507.67,2106.36,401.31,83.99669813013674,11.89673948059773,0.08464365065800718,178.29,557.4552602934164,2901515.0020451597,783.9452602934149,4080379.35156678,1129.6352602934205,5879671.227526594,0.0,0.0,178.29,2021,M2_HI_sensitivity,UNL,1.0,1.0,True,31155,Saunders
15,11529,10245,1037.61,922.05,115.56,88.86286755139214,11.290181629596075,0.4078086871644705,376.02,499.8605607526957,1138899.8816238877,726.3505607526915,1654942.6632359563,1072.0405607526936,2442574.917090345,0.0,0.0,376.02,2021,M2_HI_sensitivity,UNL,1.0,1.0,True,31159,Seward
1,16185,12747,1456.6499999999999,1147.23,309.42,78.758109360519,11.816547253220335,0.10449517533537303,119.88,464.0137397103018,1315417.2697141287,724.477239710303,2053796.6682295578,1122.0207397103025,3180779.644399796,0.0,0.0,119.88,2021,M2_HI_sensitivity,UNL,1.0,1.15,True,31023,Butler
2,327932,314678,29513.879999999997,28321.02,1192.86,95.95830842979642,11.659078905971395,0.14731884656696687,4172.22,449.0615927188835,31426571.692111023,709.5250927188963,49654527.47512259,1107.0685927188904,77475720.6166691,0.27,0.27,4171.95,2021,M2_HI_sensitivity,UNL,1.0,1.15,True,31025,Cass
4,153116,140448,13780.439999999999,12640.32,1140.12,91.72653413098566,10.826109386561237,0.6400803144224196,8090.82,369.968346925783,11555928.372273436,630.4318469257788,19691482.601715095,1027.975346925779,32108718.42482311,2.61,2.61,8088.21,2021,M2_HI_sensitivity,UNL,1.0,1.15,True,31067,Gage
5,8116,7461,730.4399999999999,671.49,58.949999999999996,91.9295219319862,10.1358911588802,0.8352767725505964,560.88,304.4298144095977,505136.7153684883,564.8933144095975,937320.656085801,962.4368144095982,1596959.7857010965,0.18,0.18,560.6999999999999,2021,M2_HI_sensitivity,UNL,1.0,1.15,True,31095,Jefferson
6,129110,111353,11619.9,10021.77,1598.1299999999999,86.24661141662149,11.342497336499735,0.38474042010543047,3855.7799999999997,419.00111234797873,10376283.068637494,679.4646123479788,16826487.91392566,1077.0081123479897,26671387.525245033,0.27,0.27,3855.5099999999998,2021,M2_HI_sensitivity,UNL,1.0,1.15,True,31097,Johnson
7,266481,250331,23983.29,22529.79,1453.5,93.93953039803964,11.429008216965267,0.3207073834243462,7225.469999999999,427.21561020533744,23784085.66553475,687.679110205339,38284693.9035332,1085.2226102053307,60416864.25009838,0.54,0.54,7224.929999999999,2021,M2_HI_sensitivity,UNL,1.0,1.15,True,31109,Lancaster
8,264930,255773,23843.7,23019.57,824.13,96.54361529460613,11.695687725516823,0.1458128887724662,3356.5499999999997,452.53772275128244,25741520.575953055,713.0012227512709,40557360.68707549,1110.5447227512855,63170667.09360261,1.08,1.08,3355.47,2021,M2_HI_sensitivity,UNL,1.0,1.15,True,31127,Nemaha
9,459626,430234,41366.34,38721.06,2645.2799999999997,93.60523556108662,11.580275458033203,0.23027236341153884,8916.39,441.5789413950597,42251078.12042002,702.0424413950576,67172700.63088392,1099.585941395075,105210387.44108614,0.99,0.99,8915.4,2021,M2_HI_sensitivity,UNL,1.0,1.15,True,31131,Otoe
10,129943,114943,11694.869999999999,10344.869999999999,1350.0,88.45647707071562,11.285767793557907,0.4137616035774253,4280.3099999999995,413.61445223728344,10573114.763430025,674.0779522373009,17231273.01270941,1071.6214522372861,27393570.35560821,0.27,0.27,4280.04,2021,M2_HI_sensitivity,UNL,1.0,1.15,True,31133,Pawnee
11,273488,264373,24613.92,23793.57,820.35,96.66712981922424,11.914748828016183,0.08608292072185889,2048.22,473.33830815080944,27830016.66757589,733.8018081508059,43144018.13644825,1131.3453081508217,66517664.51277731,0.27,0.27,2047.9499999999998,2021,M2_HI_sensitivity,UNL,1.0,1.15,True,31147,Richardson
12,18430,17021,1658.7,1531.8899999999999,126.81,92.35485621269669,11.083751509034265,0.4973855825157159,761.9399999999999,394.43232939400684,1493077.2876717146,654.8958293940047,2479031.2958407705,1052.4393293940036,3983885.5546776415,0.0,0.0,761.9399999999999,2021,M2_HI_sensitivity,UNL,1.0,1.15,True,31151,Saline
14,27863,23404,2507.67,2106.36,401.31,83.99669813013674,11.89673948059773,0.08464365065800718,178.29,471.6282602934142,2454791.5682229367,732.0917602934152,3810485.570172814,1129.6352602934205,5879671.227526594,0.0,0.0,178.29,2021,M2_HI_sensitivity,UNL,1.0,1.15,True,31155,Saunders
15,11529,10245,1037.61,922.05,115.56,88.86286755139214,11.290181629596075,0.4078086871644705,376.02,414.03356075269403,943348.6263039148,674.4970607526956,1536797.8251578084,1072.0405607526936,2442574.917090345,0.0,0.0,376.02,2021,M2_HI_sensitivity,UNL,1.0,1.15,True,31159,Seward
1,16185,12747,1456.6499999999999,1147.23,309.42,78.758109360519,11.816547253220335,0.10449517533537303,119.88,803.970850666845,2279150.4880312216,996.4873506668464,2824909.1738904538,1290.323850666841,3657896.5910597458,0.0,0.0,119.88,2021,M2_HI_sensitivity,UNL,1.15,0.85,True,31023,Butler
2,327932,314678,29513.879999999997,28321.02,1192.86,95.95830842979642,11.659078905971395,0.14731884656696687,4172.22,786.7758816267265,55060751.24319229,979.2923816267147,68533588.12628631,1273.1288816267295,89097078.70916985,0.0,0.0,4172.22,2021,M2_HI_sensitivity,UNL,1.15,0.85,True,31025,Cass
4,153116,140448,13780.439999999999,12640.32,1140.12,91.72653413098566,10.826109386561237,0.6400803144224196,8090.82,695.8186489646387,21733833.54100954,888.3351489646454,27747069.27581456,1182.171648964642,36925026.18854645,0.0,0.0,8090.82,2021,M2_HI_sensitivity,UNL,1.15,0.85,True,31067,Gage
5,8116,7461,730.4399999999999,671.49,58.949999999999996,91.9295219319862,10.1358911588802,0.8352767725505964,560.88,620.4493365710357,1029504.0928756344,812.9658365710374,1348944.3968840858,1106.8023365710378,1836503.7535562608,0.0,0.0,560.88,2021,M2_HI_sensitivity,UNL,1.15,0.85,True,31095,Jefferson
6,129110,111353,11619.9,10021.77,1598.1299999999999,86.24661141662149,11.342497336499735,0.38474042010543047,3855.7799999999997,752.2063292001744,18627888.012191296,944.7228292001862,23395430.723926313,1238.559329200186,30672095.65403174,0.0,0.0,3855.7799999999997,2021,M2_HI_sensitivity,UNL,1.15,0.85,True,31097,Johnson
7,266481,250331,23983.29,22529.79,1453.5,93.93953039803964,11.429008216965267,0.3207073834243462,7225.469999999999,761.6530017361101,42402992.32510817,954.169501736133,53120833.19667345,1248.0060017361054,69479393.88761173,0.0,0.0,7225.469999999999,2021,M2_HI_sensitivity,UNL,1.15,0.85,True,31109,Lancaster
8,264930,255773,23843.7,23019.57,824.13,96.54361529460613,11.695687725516823,0.1458128887724662,3356.5499999999997,790.7734311639712,44981245.81851044,983.2899311639843,55932084.161515206,1277.1264311639259,72646267.15764001,0.09,0.09,3356.46,2021,M2_HI_sensitivity,UNL,1.15,0.85,True,31127,Nemaha
9,459626,430234,41366.34,38721.06,2645.2799999999997,93.60523556108662,11.580275458033203,0.23027236341153884,8916.39,778.1708326043175,74456803.88545166,970.6873326043208,92877133.56709933,1264.523832604323,120991945.5572478,0.0,0.0,8916.39,2021,M2_HI_sensitivity,UNL,1.15,0.85,True,31131,Otoe
10,129943,114943,11694.869999999999,10344.869999999999,1350.0,88.45647707071562,11.285767793557907,0.4137616035774253,4280.3099999999995,746.0116700728873,19070095.253861483,938.5281700728884,23991342.655502457,1232.364670072898,31502605.908949923,0.0,0.0,4280.3099999999995,2021,M2_HI_sensitivity,UNL,1.15,0.85,True,31133,Pawnee
11,273488,264373,24613.92,23793.57,820.35,96.66712981922424,11.914748828016183,0.08608292072185889,2048.22,814.6941043734066,47900096.21715201,1007.2106043734229,59219140.781102255,1301.0471043734353,76495314.18969335,0.0,0.0,2048.22,2021,M2_HI_sensitivity,UNL,1.15,0.85,True,31147,Richardson
12,18430,17021,1658.7,1531.8899999999999,126.81,92.35485621269669,11.083751509034265,0.4973855825157159,761.9399999999999,723.9522288031078,2740436.190527086,916.4687288031081,3469184.805260743,1210.3052288031074,4581468.3878793,0.0,0.0,761.9399999999999,2021,M2_HI_sensitivity,UNL,1.15,0.85,True,31151,Saline
14,27863,23404,2507.67,2106.36,401.31,83.99669813013674,11.89673948059773,0.08464365065800718,178.29,812.72754933743,4230189.119996364,1005.2440493374269,5232223.817089732,1299.0805493374253,6761621.911655541,0.0,0.0,178.29,2021,M2_HI_sensitivity,UNL,1.15,0.85,True,31155,Saunders
15,11529,10245,1037.61,922.05,115.56,88.86286755139214,11.290181629596075,0.4078086871644705,376.02,746.4936448655974,1700837.3745074037,939.0101448655996,2139473.738877675,1232.8466448655986,2808961.1546538984,0.0,0.0,376.02,2021,M2_HI_sensitivity,UNL,1.15,0.85,True,31159,Seward
1,16185,12747,1456.6499999999999,1147.23,309.42,78.758109360519,11.816547253220335,0.10449517533537303,119.88,718.1438506668492,2035842.3522026688,944.633850666847,2677911.3943899893,1290.323850666841,3657896.5910597458,0.0,0.0,119.88,2021,M2_HI_sensitivity,UNL,1.15,1.0,True,31023,Butler
2,327932,314678,29513.879999999997,28321.02,1192.86,95.95830842979642,11.659078905971395,0.14731884656696687,4172.22,700.9488816266933,49054340.51389985,927.4388816266904,64904736.84695241,1273.1288816267295,89097078.70916985,0.09,0.09,4172.13,2021,M2_HI_sensitivity,UNL,1.15,1.0,True,31025,Cass
4,153116,140448,13780.439999999999,12640.32,1140.12,91.72653413098566,10.826109386561237,0.6400803144224196,8090.82,609.9916489646577,19053034.83850364,836.4816489646411,26127429.82062642,1182.171648964642,36925026.18854645,0.27,0.27,8090.549999999999,2021,M2_HI_sensitivity,UNL,1.15,1.0,True,31067,Gage
5,8116,7461,730.4399999999999,671.49,58.949999999999996,91.9295219319862,10.1358911588802,0.8352767725505964,560.88,534.6223365710375,887092.3880496451,761.1123365710394,1262904.5104125293,1106.8023365710378,1836503.7535562608,0.0,0.0,560.88,2021,M2_HI_sensitivity,UNL,1.15,1.0,True,31095,Jefferson
6,129110,111353,11619.9,10021.77,1598.1299999999999,86.24661141662149,11.342497336499735,0.38474042010543047,3855.7799999999997,666.37932920019,16502439.604808124,892.8693292001684,22111313.383319035,1238.559329200186,30672095.65403174,0.0,0.0,3855.7799999999997,2021,M2_HI_sensitivity,UNL,1.15,1.0,True,31097,Johnson
7,266481,250331,23983.29,22529.79,1453.5,93.93953039803964,11.429008216965267,0.3207073834243462,7225.469999999999,675.8260017361342,37624803.81407943,902.316001736144,50234028.36886116,1248.0060017361054,69479393.88761173,0.0,0.0,7225.469999999999,2021,M2_HI_sensitivity,UNL,1.15,1.0,True,31109,Lancaster
8,264930,255773,23843.7,23019.57,824.13,96.54361529460613,11.695687725516823,0.1458128887724662,3356.5499999999997,704.9464311639948,40099183.22925317,931.4364311639769,52982522.4563157,1277.1264311639259,72646267.15764001,0.09,0.09,3356.46,2021,M2_HI_sensitivity,UNL,1.15,1.0,True,31127,Nemaha
9,459626,430234,41366.34,38721.06,2645.2799999999997,93.60523556108662,11.580275458033203,0.23027236341153884,8916.39,692.3438326042955,66244720.06101503,918.8338326043166,87915696.15707278,1264.523832604323,120991945.5572478,0.27,0.27,8916.119999999999,2021,M2_HI_sensitivity,UNL,1.15,1.0,True,31131,Otoe
10,129943,114943,11694.869999999999,10344.869999999999,1350.0,88.45647707071562,11.285767793557907,0.4137616035774253,4280.3099999999995,660.1846700728828,16876122.785316393,886.6746700728725,22665825.61077607,1232.364670072898,31502605.908949923,0.0,0.0,4280.3099999999995,2021,M2_HI_sensitivity,UNL,1.15,1.0,True,31133,Pawnee
11,273488,264373,24613.92,23793.57,820.35,96.66712981922424,11.914748828016183,0.08608292072185889,2048.22,728.8671043734251,42853881.28082257,955.3571043734448,56170404.297234654,1301.0471043734353,76495314.18969335,0.18,0.18,2048.04,2021,M2_HI_sensitivity,UNL,1.15,1.0,True,31147,Richardson
12,18430,17021,1658.7,1531.8899999999999,126.81,92.35485621269669,11.083751509034265,0.4973855825157159,761.9399999999999,638.1252288031092,2415548.1557002296,864.6152288031119,3272899.4671516,1210.3052288031074,4581468.3878793,0.0,0.0,761.9399999999999,2021,M2_HI_sensitivity,UNL,1.15,1.0,True,31151,Saline
14,27863,23404,2507.67,2106.36,401.31,83.99669813013674,11.89673948059773,0.08464365065800718,178.29,726.9005493374293,3783465.6861741478,953.390549337426,4962330.035695759,1299.0805493374253,6761621.911655541,0.0,0.0,178.29,2021,M2_HI_sensitivity,UNL,1.15,1.0,True,31155,Saunders
15,11529,10245,1037.61,922.05,115.56,88.86286755139214,11.290181629596075,0.4078086871644705,376.02,660.6666448655988,1505286.1191874375,887.156644865599,2021328.9007995164,1232.8466448655986,2808961.1546538984,0.0,0.0,376.02,2021,M2_HI_sensitivity,UNL,1.15,1.0,True,31159,Seward
1,16185,12747,1456.6499999999999,1147.23,309.42,78.758109360519,11.816547253220335,0.10449517533537303,119.88,632.3168506668461,1792534.2163740953,892.7803506668464,2530913.6148895216,1290.323850666841,3657896.5910597458,0.0,0.0,119.88,2021,M2_HI_sensitivity,UNL,1.15,1.15,True,31023,Butler
2,327932,314678,29513.879999999997,28321.02,1192.86,95.95830842979642,11.659078905971395,0.14731884656696687,4172.22,615.1218816267037,43047929.78461046,875.585381626693,61275885.56762038,1273.1288816267295,89097078.70916985,0.09,0.09,4172.13,2021,M2_HI_sensitivity,UNL,1.15,1.15,True,31025,Cass
4,153116,140448,13780.439999999999,12640.32,1140.12,91.72653413098566,10.826109386561237,0.6400803144224196,8090.82,524.1646489646481,16372236.135996848,784.6281489646519,24507790.36543876,1182.171648964642,36925026.18854645,1.08,1.08,8089.74,2021,M2_HI_sensitivity,UNL,1.15,1.15,True,31067,Gage
5,8116,7461,730.4399999999999,671.49,58.949999999999996,91.9295219319862,10.1358911588802,0.8352767725505964,560.88,448.7953365710384,744680.6832236543,709.258836571038,1176864.623940967,1106.8023365710378,1836503.7535562608,0.09,0.09,560.79,2021,M2_HI_sensitivity,UNL,1.15,1.15,True,31095,Jefferson
6,129110,111353,11619.9,10021.77,1598.1299999999999,86.24661141662149,11.342497336499735,0.38474042010543047,3855.7799999999997,580.5523292001759,14376991.197424218,841.0158292001772,20827196.042712413,1238.559329200186,30672095.65403174,0.0,0.0,3855.7799999999997,2021,M2_HI_sensitivity,UNL,1.15,1.15,True,31097,Johnson
7,266481,250331,23983.29,22529.79,1453.5,93.93953039803964,11.429008216965267,0.3207073834243462,7225.469999999999,589.999001736136,32846615.30304945,850.4625017361491,47347223.541048534,1248.0060017361054,69479393.88761173,0.0,0.0,7225.469999999999,2021,M2_HI_sensitivity,UNL,1.15,1.15,True,31109,Lancaster
8,264930,255773,23843.7,23019.57,824.13,96.54361529460613,11.695687725516823,0.1458128887724662,3356.5499999999997,619.11943116398,35217120.63999371,879.5829311639908,50032960.751117416,1277.1264311639259,72646267.15764001,0.18,0.18,3356.37,2021,M2_HI_sensitivity,UNL,1.15,1.15,True,31127,Nemaha
9,459626,430234,41366.34,38721.06,2645.2799999999997,93.60523556108662,11.580275458033203,0.23027236341153884,8916.39,606.5168326043071,58032636.236581616,866.9803326043029,82954258.74704531,1264.523832604323,120991945.5572478,0.44999999999999996,0.44999999999999996,8915.94,2021,M2_HI_sensitivity,UNL,1.15,1.15,True,31131,Otoe
10,129943,114943,11694.869999999999,10344.869999999999,1350.0,88.45647707071562,11.285767793557907,0.4137616035774253,4280.3099999999995,574.3576700728859,14682150.3167715,834.8211700728752,21340308.56605016,1232.364670072898,31502605.908949923,0.09,0.09,4280.22,2021,M2_HI_sensitivity,UNL,1.15,1.15,True,31133,Pawnee
11,273488,264373,24613.92,23793.57,820.35,96.66712981922424,11.914748828016183,0.08608292072185889,2048.22,643.040104373432,37807666.34449244,903.5036043734185,53121667.81336422,1301.0471043734353,76495314.18969335,0.18,0.18,2048.04,2021,M2_HI_sensitivity,UNL,1.15,1.15,True,31147,Richardson
12,18430,17021,1658.7,1531.8899999999999,126.81,92.35485621269669,11.083751509034265,0.4973855825157159,761.9399999999999,552.2982288031087,2090660.120873366,812.7617288031029,3076614.129042408,1210.3052288031074,4581468.3878793,0.0,0.0,761.9399999999999,2021,M2_HI_sensitivity,UNL,1.15,1.15,True,31151,Saline
14,27863,23404,2507.67,2106.36,401.31,83.99669813013674,11.89673948059773,0.08464365065800718,178.29,641.0735493374286,3336742.2523519327,901.5370493374319,4692436.254301822,1299.0805493374253,6761621.911655541,0.0,0.0,178.29,2021,M2_HI_sensitivity,UNL,1.15,1.15,True,31155,Saunders
15,11529,10245,1037.61,922.05,115.56,88.86286755139214,11.290181629596075,0.4078086871644705,376.02,574.8396448655981,1309734.8638674663,835.3031448655966,1903184.0627213528,1232.8466448655986,2808961.1546538984,0.0,0.0,376.02,2021,M2_HI_sensitivity,UNL,1.15,1.15,True,31159,Seward
1,16185,12747,1456.6499999999999,1147.23,309.42,78.758109360519,11.816547253220335,0.10449517533537303,119.88,287.6661287537575,815495.2349271988,,,953.7176287537596,2703662.6977398335,0.0,0.0,119.88,2021,M2_HI_sensitivity,ERS_Heartland,0.85,0.85,True,31023,Butler
2,327932,314678,29513.879999999997,28321.02,1192.86,95.95830842979642,11.659078905971395,0.14731884656696687,4172.22,274.95680381105115,19242237.250539068,,,941.0083038110566,65854362.52416872,1.89,1.89,4170.33,2021,M2_HI_sensitivity,ERS_Heartland,0.85,0.85,True,31025,Cass
4,153116,140448,13780.439999999999,12640.32,1140.12,91.72653413098566,10.826109386561237,0.6400803144224196,8090.82,207.72754488691376,6488351.367375048,,,873.7790448869131,27292410.661099672,10.35,10.35,8080.469999999999,2021,M2_HI_sensitivity,ERS_Heartland,0.85,0.85,True,31067,Gage
5,8116,7461,730.4399999999999,671.49,58.949999999999996,91.9295219319862,10.1358911588802,0.8352767725505964,560.88,152.01979224815844,252244.60579250593,,,818.0712922481562,1357415.8178459282,3.78,3.78,557.1,2021,M2_HI_sensitivity,ERS_Heartland,0.85,0.85,True,31095,Jefferson
6,129110,111353,11619.9,10021.77,1598.1299999999999,86.24661141662149,11.342497336499735,0.38474042010543047,3855.7799999999997,249.40539549578497,6176358.263126782,,,915.4568954957756,22670679.396457896,1.3499999999999999,1.3499999999999999,3854.43,2021,M2_HI_sensitivity,ERS_Heartland,0.85,0.85,True,31097,Johnson
7,266481,250331,23983.29,22529.79,1453.5,93.93953039803964,11.429008216965267,0.3207073834243462,7225.469999999999,256.38771867453517,14273700.02143705,,,922.4392186745317,51354334.61258365,4.5,4.5,7220.969999999999,2021,M2_HI_sensitivity,ERS_Heartland,0.85,0.85,True,31109,Lancaster
8,264930,255773,23843.7,23019.57,824.13,96.54361529460613,11.695687725516823,0.1458128887724662,3356.5499999999997,277.9115143385894,15808328.46629425,,,943.9630143386181,53695067.029563665,3.96,3.96,3352.5899999999997,2021,M2_HI_sensitivity,ERS_Heartland,0.85,0.85,True,31127,Nemaha
9,459626,430234,41366.34,38721.06,2645.2799999999997,93.60523556108662,11.580275458033203,0.23027236341153884,8916.39,268.59655018579434,25699807.578963224,,,934.6480501857889,89428829.32492085,2.61,2.61,8913.779999999999,2021,M2_HI_sensitivity,ERS_Heartland,0.85,0.85,True,31131,Otoe
10,129943,114943,11694.869999999999,10344.869999999999,1350.0,88.45647707071562,11.285767793557907,0.4137616035774253,4280.3099999999995,244.8267344016927,6258439.824776419,,,910.878234401701,23284534.802267175,1.17,1.17,4279.139999999999,2021,M2_HI_sensitivity,ERS_Heartland,0.85,0.85,True,31133,Pawnee
11,273488,264373,24613.92,23793.57,820.35,96.66712981922424,11.914748828016183,0.08608292072185889,2048.22,295.592011928178,17379389.06931342,,,961.6435119281804,56540014.83585966,0.54,0.54,2047.6799999999998,2021,M2_HI_sensitivity,ERS_Heartland,0.85,0.85,True,31147,Richardson
12,18430,17021,1658.7,1531.8899999999999,126.81,92.35485621269669,11.083751509034265,0.4973855825157159,761.9399999999999,228.5219299849068,865042.9439178584,,,894.5734299849038,3386302.7214759984,0.09,0.09,761.85,2021,M2_HI_sensitivity,ERS_Heartland,0.85,0.85,True,31151,Saline
14,27863,23404,2507.67,2106.36,401.31,83.99669813013674,11.89673948059773,0.08464365065800718,178.29,294.138471249404,1530969.8334527563,,,960.1899712493995,4997720.5433975635,0.18,0.18,178.10999999999999,2021,M2_HI_sensitivity,ERS_Heartland,0.85,0.85,True,31155,Saunders
15,11529,10245,1037.61,922.05,115.56,88.86286755139214,11.290181629596075,0.4078086871644705,376.02,245.1829766397899,558633.5170167618,,,911.2344766397858,2076188.6795267847,0.18,0.18,375.84,2021,M2_HI_sensitivity,ERS_Heartland,0.85,0.85,True,31159,Seward
1,16185,12747,1456.6499999999999,1147.23,309.42,78.758109360519,11.816547253220335,0.10449517533537303,119.88,170.12762875375597,482289.21207790717,,,953.7176287537596,2703662.6977398335,1.26,1.26,118.61999999999999,2021,M2_HI_sensitivity,ERS_Heartland,0.85,1.0,True,31023,Butler
2,327932,314678,29513.879999999997,28321.02,1192.86,95.95830842979642,11.659078905971395,0.14731884656696687,4172.22,157.41830381104833,11016568.084604295,,,941.0083038110566,65854362.52416872,28.619999999999997,28.619999999999997,4143.599999999999,2021,M2_HI_sensitivity,ERS_Heartland,0.85,1.0,True,31025,Cass
4,153116,140448,13780.439999999999,12640.32,1140.12,91.72653413098566,10.826109386561237,0.6400803144224196,8090.82,90.18904488691325,2817046.7861295063,,,873.7790448869131,27292410.661099672,1062.45,1062.45,7028.37,2021,M2_HI_sensitivity,ERS_Heartland,0.85,1.0,True,31067,Gage
5,8116,7461,730.4399999999999,671.49,58.949999999999996,91.9295219319862,10.1358911588802,0.8352767725505964,560.88,34.48129224815839,57214.39190072481,,,818.0712922481562,1357415.8178459282,253.98,253.98,306.9,2021,M2_HI_sensitivity,ERS_Heartland,0.85,1.0,True,31095,Jefferson
6,129110,111353,11619.9,10021.77,1598.1299999999999,86.24661141662149,11.342497336499735,0.38474042010543047,3855.7799999999997,131.86689549578514,3265595.710185961,,,915.4568954957756,22670679.396457896,81.63,81.63,3774.1499999999996,2021,M2_HI_sensitivity,ERS_Heartland,0.85,1.0,True,31097,Johnson
7,266481,250331,23983.29,22529.79,1453.5,93.93953039803964,11.429008216965267,0.3207073834243462,7225.469999999999,138.84921867453718,7730058.622999496,,,922.4392186745317,51354334.61258365,196.38,196.38,7029.09,2021,M2_HI_sensitivity,ERS_Heartland,0.85,1.0,True,31109,Lancaster
8,264930,255773,23843.7,23019.57,824.13,96.54361529460613,11.695687725516823,0.1458128887724662,3356.5499999999997,160.37301433859676,9122433.425717998,,,943.9630143386181,53695067.029563665,19.439999999999998,19.439999999999998,3337.1099999999997,2021,M2_HI_sensitivity,ERS_Heartland,0.85,1.0,True,31127,Nemaha
9,459626,430234,41366.34,38721.06,2645.2799999999997,93.60523556108662,11.580275458033203,0.23027236341153884,8916.39,151.05805018579747,14453509.62379444,,,934.6480501857889,89428829.32492085,53.28,53.28,8863.109999999999,2021,M2_HI_sensitivity,ERS_Heartland,0.85,1.0,True,31131,Otoe
10,129943,114943,11694.869999999999,10344.869999999999,1350.0,88.45647707071562,11.285767793557907,0.4137616035774253,4280.3099999999995,127.28823440169737,3253834.8287487957,,,910.878234401701,23284534.802267175,83.42999999999999,83.42999999999999,4196.88,2021,M2_HI_sensitivity,ERS_Heartland,0.85,1.0,True,31133,Pawnee
11,273488,264373,24613.92,23793.57,820.35,96.66712981922424,11.914748828016183,0.08608292072185889,2048.22,178.05351192818586,10468690.404629279,,,961.6435119281804,56540014.83585966,7.109999999999999,7.109999999999999,2041.11,2021,M2_HI_sensitivity,ERS_Heartland,0.85,1.0,True,31147,Richardson
12,18430,17021,1658.7,1531.8899999999999,126.81,92.35485621269669,11.083751509034265,0.4973855825157159,761.9399999999999,110.9834299849046,420114.74787817633,,,894.5734299849038,3386302.7214759984,80.1,80.1,681.8399999999999,2021,M2_HI_sensitivity,ERS_Heartland,0.85,1.0,True,31151,Saline
14,27863,23404,2507.67,2106.36,401.31,83.99669813013674,11.89673948059773,0.08464365065800718,178.29,176.59997124940324,919190.2964036647,,,960.1899712493995,4997720.5433975635,0.8099999999999999,0.8099999999999999,177.48,2021,M2_HI_sensitivity,ERS_Heartland,0.85,1.0,True,31155,Saunders
15,11529,10245,1037.61,922.05,115.56,88.86286755139214,11.290181629596075,0.4078086871644705,376.02,127.64447663979045,290829.6648091104,,,911.2344766397858,2076188.6795267847,14.49,14.49,361.53,2021,M2_HI_sensitivity,ERS_Heartland,0.85,1.0,True,31159,Seward
1,16185,12747,1456.6499999999999,1147.23,309.42,78.758109360519,11.816547253220335,0.10449517533537303,119.88,52.58912875375587,149083.1892286195,,,953.7176287537596,2703662.6977398335,153.63,119.88,33.75,2021,M2_HI_sensitivity,ERS_Heartland,0.85,1.15,True,31023,Butler
2,327932,314678,29513.879999999997,28321.02,1192.86,95.95830842979642,11.659078905971395,0.14731884656696687,4172.22,39.87980381104838,2790898.9186697206,,,941.0083038110566,65854362.52416872,5224.05,4172.22,1051.83,2021,M2_HI_sensitivity,ERS_Heartland,0.85,1.15,True,31025,Cass
4,153116,140448,13780.439999999999,12640.32,1140.12,91.72653413098566,10.826109386561237,0.6400803144224196,8090.82,-27.349455113084826,-854257.7951159594,,,873.7790448869131,27292410.661099672,8491.14,8090.82,400.32,2021,M2_HI_sensitivity,ERS_Heartland,0.85,1.15,True,31067,Gage
5,8116,7461,730.4399999999999,671.49,58.949999999999996,91.9295219319862,10.1358911588802,0.8352767725505964,560.88,-83.0572077518417,-137815.8219910564,,,818.0712922481562,1357415.8178459282,569.0699999999999,560.88,8.19,2021,M2_HI_sensitivity,ERS_Heartland,0.85,1.15,True,31095,Jefferson
6,129110,111353,11619.9,10021.77,1598.1299999999999,86.24661141662149,11.342497336499735,0.38474042010543047,3855.7799999999997,14.328395495783738,354833.15724510094,,,915.4568954957756,22670679.396457896,4251.78,3855.7799999999997,396.0,2021,M2_HI_sensitivity,ERS_Heartland,0.85,1.15,True,31097,Johnson
7,266481,250331,23983.29,22529.79,1453.5,93.93953039803964,11.429008216965267,0.3207073834243462,7225.469999999999,21.31071867453691,1186417.2245618114,,,922.4392186745317,51354334.61258365,8117.82,7225.469999999999,892.35,2021,M2_HI_sensitivity,ERS_Heartland,0.85,1.15,True,31109,Lancaster
8,264930,255773,23843.7,23019.57,824.13,96.54361529460613,11.695687725516823,0.1458128887724662,3356.5499999999997,42.834514338595085,2436538.385141235,,,943.9630143386181,53695067.029563665,4052.0699999999997,3356.5499999999997,695.52,2021,M2_HI_sensitivity,ERS_Heartland,0.85,1.15,True,31127,Nemaha
9,459626,430234,41366.34,38721.06,2645.2799999999997,93.60523556108662,11.580275458033203,0.23027236341153884,8916.39,33.51955018579828,3207211.6686254353,,,934.6480501857889,89428829.32492085,10462.05,8916.39,1545.6599999999999,2021,M2_HI_sensitivity,ERS_Heartland,0.85,1.15,True,31131,Otoe
10,129943,114943,11694.869999999999,10344.869999999999,1350.0,88.45647707071562,11.285767793557907,0.4137616035774253,4280.3099999999995,9.749734401696639,249229.8327210342,,,910.878234401701,23284534.802267175,4756.7699999999995,4280.3099999999995,476.46,2021,M2_HI_sensitivity,ERS_Heartland,0.85,1.15,True,31133,Pawnee
11,273488,264373,24613.92,23793.57,820.35,96.66712981922424,11.914748828016183,0.08608292072185889,2048.22,60.515011928188486,3557991.7399448273,,,961.6435119281804,56540014.83585966,2525.4,2048.22,477.18,2021,M2_HI_sensitivity,ERS_Heartland,0.85,1.15,True,31147,Richardson
12,18430,17021,1658.7,1531.8899999999999,126.81,92.35485621269669,11.083751509034265,0.4973855825157159,761.9399999999999,-6.555070015094836,-24813.448161495184,,,894.5734299849038,3386302.7214759984,815.67,761.9399999999999,53.73,2021,M2_HI_sensitivity,ERS_Heartland,0.85,1.15,True,31151,Saline
14,27863,23404,2507.67,2106.36,401.31,83.99669813013674,11.89673948059773,0.08464365065800718,178.29,59.06147124940386,307410.75935458,,,960.1899712493995,4997720.5433975635,229.67999999999998,178.29,51.39,2021,M2_HI_sensitivity,ERS_Heartland,0.85,1.15,True,31155,Saunders
15,11529,10245,1037.61,922.05,115.56,88.86286755139214,11.290181629596075,0.4078086871644705,376.02,10.10597663979062,23025.81260145806,,,911.2344766397858,2076188.6795267847,419.4,376.02,43.379999999999995,2021,M2_HI_sensitivity,ERS_Heartland,0.85,1.15,True,31159,Seward
1,16185,12747,1456.6499999999999,1147.23,309.42,78.758109360519,11.816547253220335,0.10449517533537303,119.88,455.96923971030117,1292612.1815871636,,,1122.0207397103025,3180779.644399796,0.0,0.0,119.88,2021,M2_HI_sensitivity,ERS_Heartland,1.0,0.85,True,31023,Butler
2,327932,314678,29513.879999999997,28321.02,1192.86,95.95830842979642,11.659078905971395,0.14731884656696687,4172.22,441.0170927188779,30863595.343038958,,,1107.0685927188904,77475720.6166691,0.27,0.27,4171.95,2021,M2_HI_sensitivity,ERS_Heartland,1.0,0.85,True,31025,Cass
4,153116,140448,13780.439999999999,12640.32,1140.12,91.72653413098566,10.826109386561237,0.6400803144224196,8090.82,361.9238469257808,11304659.13109852,,,1027.975346925779,32108718.42482311,2.61,2.61,8088.21,2021,M2_HI_sensitivity,ERS_Heartland,1.0,0.85,True,31067,Gage
5,8116,7461,730.4399999999999,671.49,58.949999999999996,91.9295219319862,10.1358911588802,0.8352767725505964,560.88,296.38531440959815,491788.5736476704,,,962.4368144095982,1596959.7857010965,0.27,0.27,560.61,2021,M2_HI_sensitivity,ERS_Heartland,1.0,0.85,True,31095,Jefferson
6,129110,111353,11619.9,10021.77,1598.1299999999999,86.24661141662149,11.342497336499735,0.38474042010543047,3855.7799999999997,410.9566123479708,10177066.391913224,,,1077.0081123479897,26671387.525245033,0.27,0.27,3855.5099999999998,2021,M2_HI_sensitivity,ERS_Heartland,1.0,0.85,True,31097,Johnson
7,266481,250331,23983.29,22529.79,1453.5,93.93953039803964,11.429008216965267,0.3207073834243462,7225.469999999999,419.17111020532775,23336229.658951417,,,1085.2226102053307,60416864.25009838,0.54,0.54,7224.929999999999,2021,M2_HI_sensitivity,ERS_Heartland,1.0,0.85,True,31109,Lancaster
8,264930,255773,23843.7,23019.57,824.13,96.54361529460613,11.695687725516823,0.1458128887724662,3356.5499999999997,444.4932227512893,25283928.530335043,,,1110.5447227512855,63170667.09360261,1.53,1.53,3355.02,2021,M2_HI_sensitivity,ERS_Heartland,1.0,0.85,True,31127,Nemaha
9,459626,430234,41366.34,38721.06,2645.2799999999997,93.60523556108662,11.580275458033203,0.23027236341153884,8916.39,433.5344413950573,41481365.69512631,,,1099.585941395075,105210387.44108614,1.08,1.08,8915.31,2021,M2_HI_sensitivity,ERS_Heartland,1.0,0.85,True,31131,Otoe
10,129943,114943,11694.869999999999,10344.869999999999,1350.0,88.45647707071562,11.285767793557907,0.4137616035774253,4280.3099999999995,405.56995223728677,10367475.37811768,,,1071.6214522372861,27393570.35560821,0.27,0.27,4280.04,2021,M2_HI_sensitivity,ERS_Heartland,1.0,0.85,True,31133,Pawnee
11,273488,264373,24613.92,23793.57,820.35,96.66712981922424,11.914748828016183,0.08608292072185889,2048.22,465.29380815081083,27357038.74623058,,,1131.3453081508217,66517664.51277731,0.27,0.27,2047.9499999999998,2021,M2_HI_sensitivity,ERS_Heartland,1.0,0.85,True,31147,Richardson
12,18430,17021,1658.7,1531.8899999999999,126.81,92.35485621269669,11.083751509034265,0.4973855825157159,761.9399999999999,386.3878293940057,1462625.7771194985,,,1052.4393293940036,3983885.5546776415,0.0,0.0,761.9399999999999,2021,M2_HI_sensitivity,ERS_Heartland,1.0,0.85,True,31151,Saline
14,27863,23404,2507.67,2106.36,401.31,83.99669813013674,11.89673948059773,0.08464365065800718,178.29,463.58376029341906,2412920.5175817558,,,1129.6352602934205,5879671.227526594,0.0,0.0,178.29,2021,M2_HI_sensitivity,ERS_Heartland,1.0,0.85,True,31155,Saunders
15,11529,10245,1037.61,922.05,115.56,88.86286755139214,11.290181629596075,0.4078086871644705,376.02,405.98906075269497,925019.754580316,,,1072.0405607526936,2442574.917090345,0.0,0.0,376.02,2021,M2_HI_sensitivity,ERS_Heartland,1.0,0.85,True,31159,Seward
1,16185,12747,1456.6499999999999,1147.23,309.42,78.758109360519,11.816547253220335,0.10449517533537303,119.88,338.43073971030213,959406.1587378789,,,1122.0207397103025,3180779.644399796,0.0,0.0,119.88,2021,M2_HI_sensitivity,ERS_Heartland,1.0,1.0,True,31023,Butler
2,327932,314678,29513.879999999997,28321.02,1192.86,95.95830842979642,11.659078905971395,0.14731884656696687,4172.22,323.4785927188886,22637926.17710513,,,1107.0685927188904,77475720.6166691,1.89,1.89,4170.33,2021,M2_HI_sensitivity,ERS_Heartland,1.0,1.0,True,31025,Cass
4,153116,140448,13780.439999999999,12640.32,1140.12,91.72653413098566,10.826109386561237,0.6400803144224196,8090.82,244.38534692578028,7633354.549852979,,,1027.975346925779,32108718.42482311,10.35,10.35,8080.469999999999,2021,M2_HI_sensitivity,ERS_Heartland,1.0,1.0,True,31067,Gage
5,8116,7461,730.4399999999999,671.49,58.949999999999996,91.9295219319862,10.1358911588802,0.8352767725505964,560.88,178.8468144095985,296758.3597558899,,,962.4368144095982,1596959.7857010965,3.78,3.78,557.1,2021,M2_HI_sensitivity,ERS_Heartland,1.0,1.0,True,31095,Jefferson
6,129110,111353,11619.9,10021.77,1598.1299999999999,86.24661141662149,11.342497336499735,0.38474042010543047,3855.7799999999997,293.4181123479784,7266303.838972589,,,1077.0081123479897,26671387.525245033,1.3499999999999999,1.3499999999999999,3854.43,2021,M2_HI_sensitivity,ERS_Heartland,1.0,1.0,True,31097,Johnson
7,266481,250331,23983.29,22529.79,1453.5,93.93953039803964,11.429008216965267,0.3207073834243462,7225.469999999999,301.6326102053361,16792588.260514215,,,1085.2226102053307,60416864.25009838,4.5,4.5,7220.969999999999,2021,M2_HI_sensitivity,ERS_Heartland,1.0,1.0,True,31109,Lancaster
8,264930,255773,23843.7,23019.57,824.13,96.54361529460613,11.695687725516823,0.1458128887724662,3356.5499999999997,326.9547227512882,18598033.489758313,,,1110.5447227512855,63170667.09360261,3.96,3.96,3352.5899999999997,2021,M2_HI_sensitivity,ERS_Heartland,1.0,1.0,True,31127,Nemaha
9,459626,430234,41366.34,38721.06,2645.2799999999997,93.60523556108662,11.580275458033203,0.23027236341153884,8916.39,315.99594139505155,30235067.739956677,,,1099.585941395075,105210387.44108614,2.61,2.61,8913.779999999999,2021,M2_HI_sensitivity,ERS_Heartland,1.0,1.0,True,31131,Otoe
10,129943,114943,11694.869999999999,10344.869999999999,1350.0,88.45647707071562,11.285767793557907,0.4137616035774253,4280.3099999999995,288.03145223728967,7362870.382090012,,,1071.6214522372861,27393570.35560821,1.17,1.17,4279.139999999999,2021,M2_HI_sensitivity,ERS_Heartland,1.0,1.0,True,31133,Pawnee
11,273488,264373,24613.92,23793.57,820.35,96.66712981922424,11.914748828016183,0.08608292072185889,2048.22,347.755308150824,20446340.08154675,,,1131.3453081508217,66517664.51277731,0.54,0.54,2047.6799999999998,2021,M2_HI_sensitivity,ERS_Heartland,1.0,1.0,True,31147,Richardson
12,18430,17021,1658.7,1531.8899999999999,126.81,92.35485621269669,11.083751509034265,0.4973855825157159,761.9399999999999,268.8493293940045,1017697.5810798202,,,1052.4393293940036,3983885.5546776415,0.09,0.09,761.85,2021,M2_HI_sensitivity,ERS_Heartland,1.0,1.0,True,31151,Saline
14,27863,23404,2507.67,2106.36,401.31,83.99669813013674,11.89673948059773,0.08464365065800718,178.29,346.04526029341804,1801140.980532663,,,1129.6352602934205,5879671.227526594,0.18,0.18,178.10999999999999,2021,M2_HI_sensitivity,ERS_Heartland,1.0,1.0,True,31155,Saunders
15,11529,10245,1037.61,922.05,115.56,88.86286755139214,11.290181629596075,0.4078086871644705,376.02,288.4505607526941,657215.9023726614,,,1072.0405607526936,2442574.917090345,0.18,0.18,375.84,2021,M2_HI_sensitivity,ERS_Heartland,1.0,1.0,True,31159,Seward
1,16185,12747,1456.6499999999999,1147.23,309.42,78.758109360519,11.816547253220335,0.10449517533537303,119.88,220.892239710301,626200.1358885883,,,1122.0207397103025,3180779.644399796,0.72,0.72,119.16,2021,M2_HI_sensitivity,ERS_Heartland,1.0,1.15,True,31023,Butler
2,327932,314678,29513.879999999997,28321.02,1192.86,95.95830842979642,11.659078905971395,0.14731884656696687,4172.22,205.94009271888487,14412257.01117029,,,1107.0685927188904,77475720.6166691,17.28,17.28,4154.94,2021,M2_HI_sensitivity,ERS_Heartland,1.0,1.15,True,31025,Cass
4,153116,140448,13780.439999999999,12640.32,1140.12,91.72653413098566,10.826109386561237,0.6400803144224196,8090.82,126.8468469257843,3962049.9686075784,,,1027.975346925779,32108718.42482311,596.0699999999999,596.0699999999999,7494.75,2021,M2_HI_sensitivity,ERS_Heartland,1.0,1.15,True,31067,Gage
5,8116,7461,730.4399999999999,671.49,58.949999999999996,91.9295219319862,10.1358911588802,0.8352767725505964,560.88,61.30831440959817,101728.14586410832,,,962.4368144095982,1596959.7857010965,179.54999999999998,179.54999999999998,381.33,2021,M2_HI_sensitivity,ERS_Heartland,1.0,1.15,True,31095,Jefferson
6,129110,111353,11619.9,10021.77,1598.1299999999999,86.24661141662149,11.342497336499735,0.38474042010543047,3855.7799999999997,175.8796123479776,4355541.286031743,,,1077.0081123479897,26671387.525245033,30.06,30.06,3825.72,2021,M2_HI_sensitivity,ERS_Heartland,1.0,1.15,True,31097,Johnson
7,266481,250331,23983.29,22529.79,1453.5,93.93953039803964,11.429008216965267,0.3207073834243462,7225.469999999999,184.09411020534185,10248946.862076864,,,1085.2226102053307,60416864.25009838,97.38,97.38,7128.09,2021,M2_HI_sensitivity,ERS_Heartland,1.0,1.15,True,31109,Lancaster
8,264930,255773,23843.7,23019.57,824.13,96.54361529460613,11.695687725516823,0.1458128887724662,3356.5499999999997,209.41622275129365,11912138.449181952,,,1110.5447227512855,63170667.09360261,12.87,12.87,3343.68,2021,M2_HI_sensitivity,ERS_Heartland,1.0,1.15,True,31127,Nemaha
9,459626,430234,41366.34,38721.06,2645.2799999999997,93.60523556108662,11.580275458033203,0.23027236341153884,8916.39,198.45744139505618,18988769.784788035,,,1099.585941395075,105210387.44108614,22.41,22.41,8893.98,2021,M2_HI_sensitivity,ERS_Heartland,1.0,1.15,True,31131,Otoe
10,129943,114943,11694.869999999999,10344.869999999999,1350.0,88.45647707071562,11.285767793557907,0.4137616035774253,4280.3099999999995,170.49295223729033,4358265.386062285,,,1071.6214522372861,27393570.35560821,36.629999999999995,36.629999999999995,4243.68,2021,M2_HI_sensitivity,ERS_Heartland,1.0,1.15,True,31133,Pawnee
11,273488,264373,24613.92,23793.57,820.35,96.66712981922424,11.914748828016183,0.08608292072185889,2048.22,230.21680815081265,13535641.41686148,,,1131.3453081508217,66517664.51277731,4.2299999999999995,4.2299999999999995,2043.99,2021,M2_HI_sensitivity,ERS_Heartland,1.0,1.15,True,31147,Richardson
12,18430,17021,1658.7,1531.8899999999999,126.81,92.35485621269669,11.083751509034265,0.4973855825157159,761.9399999999999,151.31082939400682,572769.3850401553,,,1052.4393293940036,3983885.5546776415,42.48,42.48,719.4599999999999,2021,M2_HI_sensitivity,ERS_Heartland,1.0,1.15,True,31151,Saline
14,27863,23404,2507.67,2106.36,401.31,83.99669813013674,11.89673948059773,0.08464365065800718,178.29,228.50676029341605,1189361.4434835645,,,1129.6352602934205,5879671.227526594,0.44999999999999996,0.44999999999999996,177.84,2021,M2_HI_sensitivity,ERS_Heartland,1.0,1.15,True,31155,Saunders
15,11529,10245,1037.61,922.05,115.56,88.86286755139214,11.290181629596075,0.4078086871644705,376.02,170.91206075269534,389412.0501650114,,,1072.0405607526936,2442574.917090345,8.549999999999999,8.549999999999999,367.46999999999997,2021,M2_HI_sensitivity,ERS_Heartland,1.0,1.15,True,31159,Seward
1,16185,12747,1456.6499999999999,1147.23,309.42,78.758109360519,11.816547253220335,0.10449517533537303,119.88,624.2723506668457,1769729.1282471302,,,1290.323850666841,3657896.5910597458,0.0,0.0,119.88,2021,M2_HI_sensitivity,ERS_Heartland,1.15,0.85,True,31023,Butler
2,327932,314678,29513.879999999997,28321.02,1192.86,95.95830842979642,11.659078905971395,0.14731884656696687,4172.22,607.0773816267128,42484953.43553942,,,1273.1288816267295,89097078.70916985,0.09,0.09,4172.13,2021,M2_HI_sensitivity,ERS_Heartland,1.15,0.85,True,31025,Cass
4,153116,140448,13780.439999999999,12640.32,1140.12,91.72653413098566,10.826109386561237,0.6400803144224196,8090.82,516.120148964664,16120966.894822497,,,1182.171648964642,36925026.18854645,1.3499999999999999,1.3499999999999999,8089.469999999999,2021,M2_HI_sensitivity,ERS_Heartland,1.15,0.85,True,31067,Gage
5,8116,7461,730.4399999999999,671.49,58.949999999999996,91.9295219319862,10.1358911588802,0.8352767725505964,560.88,440.750836571039,731332.5415028367,,,1106.8023365710378,1836503.7535562608,0.09,0.09,560.79,2021,M2_HI_sensitivity,ERS_Heartland,1.15,0.85,True,31095,Jefferson
6,129110,111353,11619.9,10021.77,1598.1299999999999,86.24661141662149,11.342497336499735,0.38474042010543047,3855.7799999999997,572.5078292001842,14177774.52070035,,,1238.559329200186,30672095.65403174,0.0,0.0,3855.7799999999997,2021,M2_HI_sensitivity,ERS_Heartland,1.15,0.85,True,31097,Johnson
7,266481,250331,23983.29,22529.79,1453.5,93.93953039803964,11.429008216965267,0.3207073834243462,7225.469999999999,581.9545017361319,32398759.29646642,,,1248.0060017361054,69479393.88761173,0.0,0.0,7225.469999999999,2021,M2_HI_sensitivity,ERS_Heartland,1.15,0.85,True,31109,Lancaster
8,264930,255773,23843.7,23019.57,824.13,96.54361529460613,11.695687725516823,0.1458128887724662,3356.5499999999997,611.0749311639751,34759528.59437503,,,1277.1264311639259,72646267.15764001,0.18,0.18,3356.37,2021,M2_HI_sensitivity,ERS_Heartland,1.15,0.85,True,31127,Nemaha
9,459626,430234,41366.34,38721.06,2645.2799999999997,93.60523556108662,11.580275458033203,0.23027236341153884,8916.39,598.4723326043252,57262923.81128988,,,1264.523832604323,120991945.5572478,0.44999999999999996,0.44999999999999996,8915.94,2021,M2_HI_sensitivity,ERS_Heartland,1.15,0.85,True,31131,Otoe
10,129943,114943,11694.869999999999,10344.869999999999,1350.0,88.45647707071562,11.285767793557907,0.4137616035774253,4280.3099999999995,566.3131700728867,14476510.931459092,,,1232.364670072898,31502605.908949923,0.09,0.09,4280.22,2021,M2_HI_sensitivity,ERS_Heartland,1.15,0.85,True,31133,Pawnee
11,273488,264373,24613.92,23793.57,820.35,96.66712981922424,11.914748828016183,0.08608292072185889,2048.22,634.9956043734203,37334688.42314637,,,1301.0471043734353,76495314.18969335,0.18,0.18,2048.04,2021,M2_HI_sensitivity,ERS_Heartland,1.15,0.85,True,31147,Richardson
12,18430,17021,1658.7,1531.8899999999999,126.81,92.35485621269669,11.083751509034265,0.4973855825157159,761.9399999999999,544.2537288031083,2060208.6103211523,,,1210.3052288031074,4581468.3878793,0.0,0.0,761.9399999999999,2021,M2_HI_sensitivity,ERS_Heartland,1.15,0.85,True,31151,Saline
14,27863,23404,2507.67,2106.36,401.31,83.99669813013674,11.89673948059773,0.08464365065800718,178.29,633.0290493374312,3294871.2017107396,,,1299.0805493374253,6761621.911655541,0.0,0.0,178.29,2021,M2_HI_sensitivity,ERS_Heartland,1.15,0.85,True,31155,Saunders
15,11529,10245,1037.61,922.05,115.56,88.86286755139214,11.290181629596075,0.4078086871644705,376.02,566.7951448655997,1291405.9921438692,,,1232.8466448655986,2808961.1546538984,0.0,0.0,376.02,2021,M2_HI_sensitivity,ERS_Heartland,1.15,0.85,True,31159,Seward
1,16185,12747,1456.6499999999999,1147.23,309.42,78.758109360519,11.816547253220335,0.10449517533537303,119.88,506.7338506668453,1436523.105397842,,,1290.323850666841,3657896.5910597458,0.0,0.0,119.88,2021,M2_HI_sensitivity,ERS_Heartland,1.15,1.0,True,31023,Butler
2,327932,314678,29513.879999999997,28321.02,1192.86,95.95830842979642,11.659078905971395,0.14731884656696687,4172.22,489.5388816267181,34259284.26960521,,,1273.1288816267295,89097078.70916985,0.36,0.36,4171.86,2021,M2_HI_sensitivity,ERS_Heartland,1.15,1.0,True,31025,Cass
4,153116,140448,13780.439999999999,12640.32,1140.12,91.72653413098566,10.826109386561237,0.6400803144224196,8090.82,398.58164896464746,12449662.313576454,,,1182.171648964642,36925026.18854645,2.6999999999999997,2.6999999999999997,8088.12,2021,M2_HI_sensitivity,ERS_Heartland,1.15,1.0,True,31067,Gage
5,8116,7461,730.4399999999999,671.49,58.949999999999996,91.9295219319862,10.1358911588802,0.8352767725505964,560.88,323.21233657103636,536302.3276110514,,,1106.8023365710378,1836503.7535562608,0.27,0.27,560.61,2021,M2_HI_sensitivity,ERS_Heartland,1.15,1.0,True,31095,Jefferson
6,129110,111353,11619.9,10021.77,1598.1299999999999,86.24661141662149,11.342497336499735,0.38474042010543047,3855.7799999999997,454.9693292001756,11267011.967759311,,,1238.559329200186,30672095.65403174,0.27,0.27,3855.5099999999998,2021,M2_HI_sensitivity,ERS_Heartland,1.15,1.0,True,31097,Johnson
7,266481,250331,23983.29,22529.79,1453.5,93.93953039803964,11.429008216965267,0.3207073834243462,7225.469999999999,464.416001736138,25855117.898029096,,,1248.0060017361054,69479393.88761173,0.63,0.63,7224.84,2021,M2_HI_sensitivity,ERS_Heartland,1.15,1.0,True,31109,Lancaster
8,264930,255773,23843.7,23019.57,824.13,96.54361529460613,11.695687725516823,0.1458128887724662,3356.5499999999997,493.53643116399587,28073633.553799544,,,1277.1264311639259,72646267.15764001,1.7999999999999998,1.7999999999999998,3354.75,2021,M2_HI_sensitivity,ERS_Heartland,1.15,1.0,True,31127,Nemaha
9,459626,430234,41366.34,38721.06,2645.2799999999997,93.60523556108662,11.580275458033203,0.23027236341153884,8916.39,480.93383260431233,46016625.85611955,,,1264.523832604323,120991945.5572478,1.17,1.17,8915.22,2021,M2_HI_sensitivity,ERS_Heartland,1.15,1.0,True,31131,Otoe
10,129943,114943,11694.869999999999,10344.869999999999,1350.0,88.45647707071562,11.285767793557907,0.4137616035774253,4280.3099999999995,448.7746700728846,11471905.935431292,,,1232.364670072898,31502605.908949923,0.36,0.36,4279.95,2021,M2_HI_sensitivity,ERS_Heartland,1.15,1.0,True,31133,Pawnee
11,273488,264373,24613.92,23793.57,820.35,96.66712981922424,11.914748828016183,0.08608292072185889,2048.22,517.4571043734409,30423989.758462973,,,1301.0471043734353,76495314.18969335,0.36,0.36,2047.86,2021,M2_HI_sensitivity,ERS_Heartland,1.15,1.0,True,31147,Richardson
12,18430,17021,1658.7,1531.8899999999999,126.81,92.35485621269669,11.083751509034265,0.4973855825157159,761.9399999999999,426.71522880310596,1615280.41428147,,,1210.3052288031074,4581468.3878793,0.0,0.0,761.9399999999999,2021,M2_HI_sensitivity,ERS_Heartland,1.15,1.0,True,31151,Saline
14,27863,23404,2507.67,2106.36,401.31,83.99669813013674,11.89673948059773,0.08464365065800718,178.29,515.4905493374295,2683091.6646616436,,,1299.0805493374253,6761621.911655541,0.09,0.09,178.2,2021,M2_HI_sensitivity,ERS_Heartland,1.15,1.0,True,31155,Saunders
15,11529,10245,1037.61,922.05,115.56,88.86286755139214,11.290181629596075,0.4078086871644705,376.02,449.25664486559657,1023602.1399362095,,,1232.8466448655986,2808961.1546538984,0.0,0.0,376.02,2021,M2_HI_sensitivity,ERS_Heartland,1.15,1.0,True,31159,Seward
1,16185,12747,1456.6499999999999,1147.23,309.42,78.758109360519,11.816547253220335,0.10449517533537303,119.88,389.19535066684614,1103317.0825485568,,,1290.323850666841,3657896.5910597458,0.0,0.0,119.88,2021,M2_HI_sensitivity,ERS_Heartland,1.15,1.15,True,31023,Butler
2,327932,314678,29513.879999999997,28321.02,1192.86,95.95830842979642,11.659078905971395,0.14731884656696687,4172.22,372.00038162671007,26033615.10367007,,,1273.1288816267295,89097078.70916985,1.89,1.89,4170.33,2021,M2_HI_sensitivity,ERS_Heartland,1.15,1.15,True,31025,Cass
4,153116,140448,13780.439999999999,12640.32,1140.12,91.72653413098566,10.826109386561237,0.6400803144224196,8090.82,281.0431489646554,8778357.73233118,,,1182.171648964642,36925026.18854645,10.35,10.35,8080.469999999999,2021,M2_HI_sensitivity,ERS_Heartland,1.15,1.15,True,31067,Gage
5,8116,7461,730.4399999999999,671.49,58.949999999999996,91.9295219319862,10.1358911588802,0.8352767725505964,560.88,205.6738365710379,341272.1137192728,,,1106.8023365710378,1836503.7535562608,3.78,3.78,557.1,2021,M2_HI_sensitivity,ERS_Heartland,1.15,1.15,True,31095,Jefferson
6,129110,111353,11619.9,10021.77,1598.1299999999999,86.24661141662149,11.342497336499735,0.38474042010543047,3855.7799999999997,337.4308292001775,8356249.414818535,,,1238.559329200186,30672095.65403174,1.3499999999999999,1.3499999999999999,3854.43,2021,M2_HI_sensitivity,ERS_Heartland,1.15,1.15,True,31097,Johnson
7,266481,250331,23983.29,22529.79,1453.5,93.93953039803964,11.429008216965267,0.3207073834243462,7225.469999999999,346.87750173613904,19311476.499591485,,,1248.0060017361054,69479393.88761173,4.5,4.5,7220.969999999999,2021,M2_HI_sensitivity,ERS_Heartland,1.15,1.15,True,31109,Lancaster
8,264930,255773,23843.7,23019.57,824.13,96.54361529460613,11.695687725516823,0.1458128887724662,3356.5499999999997,375.99793116398286,21387738.513222136,,,1277.1264311639259,72646267.15764001,3.96,3.96,3352.5899999999997,2021,M2_HI_sensitivity,ERS_Heartland,1.15,1.15,True,31127,Nemaha
9,459626,430234,41366.34,38721.06,2645.2799999999997,93.60523556108662,11.580275458033203,0.23027236341153884,8916.39,363.39533260431926,34770327.90095113,,,1264.523832604323,120991945.5572478,2.61,2.61,8913.779999999999,2021,M2_HI_sensitivity,ERS_Heartland,1.15,1.15,True,31131,Otoe
10,129943,114943,11694.869999999999,10344.869999999999,1350.0,88.45647707071562,11.285767793557907,0.4137616035774253,4280.3099999999995,331.2361700728828,8467300.939403506,,,1232.364670072898,31502605.908949923,1.17,1.17,4279.139999999999,2021,M2_HI_sensitivity,ERS_Heartland,1.15,1.15,True,31133,Pawnee
11,273488,264373,24613.92,23793.57,820.35,96.66712981922424,11.914748828016183,0.08608292072185889,2048.22,399.9186043734244,23513291.093777396,,,1301.0471043734353,76495314.18969335,0.54,0.54,2047.6799999999998,2021,M2_HI_sensitivity,ERS_Heartland,1.15,1.15,True,31147,Richardson
12,18430,17021,1658.7,1531.8899999999999,126.81,92.35485621269669,11.083751509034265,0.4973855825157159,761.9399999999999,309.1767288031084,1170352.2182418054,,,1210.3052288031074,4581468.3878793,0.09,0.09,761.85,2021,M2_HI_sensitivity,ERS_Heartland,1.15,1.15,True,31151,Saline
14,27863,23404,2507.67,2106.36,401.31,83.99669813013674,11.89673948059773,0.08464365065800718,178.29,397.95204933743196,2071312.1276125684,,,1299.0805493374253,6761621.911655541,0.18,0.18,178.10999999999999,2021,M2_HI_sensitivity,ERS_Heartland,1.15,1.15,True,31155,Saunders
15,11529,10245,1037.61,922.05,115.56,88.86286755139214,11.290181629596075,0.4078086871644705,376.02,331.71814486559947,755798.2877285633,,,1232.8466448655986,2808961.1546538984,0.18,0.18,375.84,2021,M2_HI_sensitivity,ERS_Heartland,1.15,1.15,True,31159,Seward
1,16185,12747,1456.6499999999999,1147.23,309.42,78.758109360519,11.816547253220335,0.10449517533537303,119.88,257.51535043416123,730021.7864002635,344.6063504341605,976913.194202533,866.1663504341649,2455466.4620873183,0.0,0.0,119.88,2021,M2_HI_sensitivity,FINBIN_state,0.85,0.85,True,31023,Butler
2,327932,314678,29513.879999999997,28321.02,1192.86,95.95830842979642,11.659078905971395,0.14731884656696687,4172.22,245.97274152119385,17213852.444869384,333.06374152119497,23308721.388495665,854.6237415211976,59808932.04444976,2.16,2.16,4170.0599999999995,2021,M2_HI_sensitivity,FINBIN_state,0.85,0.85,True,31025,Cass
4,153116,140448,13780.439999999999,12640.32,1140.12,91.72653413098566,10.826109386561237,0.6400803144224196,8090.82,184.91512856629512,5775807.574939655,272.0061285662954,8496087.20489286,793.5661285663152,24786967.36241137,12.33,12.33,8078.49,2021,M2_HI_sensitivity,FINBIN_state,0.85,0.85,True,31067,Gage
5,8116,7461,730.4399999999999,671.49,58.949999999999996,91.9295219319862,10.1358911588802,0.8352767725505964,560.88,134.32134761977727,222877.79031140805,221.41234761977697,367386.8350758814,742.9723476197777,1232805.0457676756,4.59,4.59,556.29,2021,M2_HI_sensitivity,FINBIN_state,0.85,0.85,True,31095,Jefferson
6,129110,111353,11619.9,10021.77,1598.1299999999999,86.24661141662149,11.342497336499735,0.38474042010543047,3855.7799999999997,222.76695248927092,5516674.990224631,309.85795248926985,7673425.514505325,831.4179524892556,20589511.027862865,1.3499999999999999,1.3499999999999999,3854.43,2021,M2_HI_sensitivity,FINBIN_state,0.85,0.85,True,31097,Johnson
7,266481,250331,23983.29,22529.79,1453.5,93.93953039803964,11.429008216965267,0.3207073834243462,7225.469999999999,229.10829840021188,12754991.310398186,316.1992984002125,17603549.638361696,837.7592984002208,46640006.695149094,4.68,4.68,7220.79,2021,M2_HI_sensitivity,FINBIN_state,0.85,0.85,True,31109,Lancaster
8,264930,255773,23843.7,23019.57,824.13,96.54361529460613,11.695687725516823,0.1458128887724662,3356.5499999999997,248.65620962231262,14144210.779637415,335.74720962231197,19098172.97056939,857.307209622306,48765859.87624818,4.05,4.05,3352.5,2021,M2_HI_sensitivity,FINBIN_state,0.85,0.85,True,31127,Nemaha
9,459626,430234,41366.34,38721.06,2645.2799999999997,93.60523556108662,11.580275458033203,0.23027236341153884,8916.39,240.19635917874308,22982425.52926026,327.2873591787418,31315451.177993365,848.847359178717,81219262.79289155,2.6999999999999997,2.6999999999999997,8913.69,2021,M2_HI_sensitivity,FINBIN_state,0.85,0.85,True,31131,Otoe
10,129943,114943,11694.869999999999,10344.869999999999,1350.0,88.45647707071562,11.285767793557907,0.4137616035774253,4280.3099999999995,218.60861248362454,5588233.040603642,305.6996124836229,7814516.800469959,827.2596124836182,21147014.50741888,1.17,1.17,4279.139999999999,2021,M2_HI_sensitivity,FINBIN_state,0.85,0.85,True,31133,Pawnee
11,273488,264373,24613.92,23793.57,820.35,96.66712981922424,11.914748828016183,0.08608292072185889,2048.22,264.71363753317905,15563889.120793143,351.80463753319196,20684421.17970266,873.3646375331863,51349641.47392849,0.54,0.54,2047.6799999999998,2021,M2_HI_sensitivity,FINBIN_state,0.85,0.85,True,31147,Richardson
12,18430,17021,1658.7,1531.8899999999999,126.81,92.35485621269669,11.083751509034265,0.4973855825157159,761.9399999999999,203.80058911229082,771463.2096339015,290.8915891122898,1101135.9681027501,812.4515891122896,3075440.1316445014,0.27,0.27,761.67,2021,M2_HI_sensitivity,FINBIN_state,0.85,0.85,True,31151,Saline
14,27863,23404,2507.67,2106.36,401.31,83.99669813013674,11.89673948059773,0.08464365065800718,178.29,263.3935318887086,1370944.609643634,350.48453188870906,1824247.0736119712,872.044531888707,4538929.79751368,0.18,0.18,178.10999999999999,2021,M2_HI_sensitivity,FINBIN_state,0.85,0.85,True,31155,Saunders
15,11529,10245,1037.61,922.05,115.56,88.86286755139214,11.290181629596075,0.4078086871644705,376.02,218.93215168425814,498822.7142013423,306.0231516842593,697253.9115759642,827.5831516842569,1885594.5587462336,0.27,0.27,375.75,2021,M2_HI_sensitivity,FINBIN_state,0.85,0.85,True,31159,Seward
1,16185,12747,1456.6499999999999,1147.23,309.42,78.758109360519,11.816547253220335,0.10449517533537303,119.88,150.10635043416164,425531.5495143158,252.56635043416128,715992.029281693,866.1663504341649,2455466.4620873183,1.6199999999999999,1.6199999999999999,118.25999999999999,2021,M2_HI_sensitivity,FINBIN_state,0.85,1.0,True,31023,Butler
2,327932,314678,29513.879999999997,28321.02,1192.86,95.95830842979642,11.659078905971395,0.14731884656696687,4172.22,138.5637415211935,9697073.69200228,241.02374152119094,16867507.743327048,854.6237415211976,59808932.04444976,34.29,34.29,4137.93,2021,M2_HI_sensitivity,FINBIN_state,0.85,1.0,True,31025,Cass
4,153116,140448,13780.439999999999,12640.32,1140.12,91.72653413098566,10.826109386561237,0.6400803144224196,8090.82,77.50612856629799,2420897.0242095524,179.96612856629696,5621226.000625049,793.5661285663152,24786967.36241137,1221.3,1221.3,6869.5199999999995,2021,M2_HI_sensitivity,FINBIN_state,0.85,1.0,True,31067,Gage
5,8116,7461,730.4399999999999,671.49,58.949999999999996,91.9295219319862,10.1358911588802,0.8352767725505964,560.88,26.91234761977753,44655.33346618493,129.37234761977692,214665.97436556485,742.9723476197777,1232805.0457676756,273.06,273.06,287.82,2021,M2_HI_sensitivity,FINBIN_state,0.85,1.0,True,31095,Jefferson
6,129110,111353,11619.9,10021.77,1598.1299999999999,86.24661141662149,11.342497336499735,0.38474042010543047,3855.7799999999997,115.35795248927214,2856762.7482884345,217.81795248927094,5394116.306265723,831.4179524892556,20589511.027862865,103.14,103.14,3752.64,2021,M2_HI_sensitivity,FINBIN_state,0.85,1.0,True,31097,Johnson
7,266481,250331,23983.29,22529.79,1453.5,93.93953039803964,11.429008216965267,0.3207073834243462,7225.469999999999,121.69929840021452,6775282.713089437,224.15929840021496,12479468.981281787,837.7592984002208,46640006.695149094,240.84,240.84,6984.63,2021,M2_HI_sensitivity,FINBIN_state,0.85,1.0,True,31109,Lancaster
8,264930,255773,23843.7,23019.57,824.13,96.54361529460613,11.695687725516823,0.1458128887724662,3356.5499999999997,141.24720962231015,8034507.997882365,243.7072096223119,13862698.810743658,857.307209622306,48765859.87624818,23.13,23.13,3333.42,2021,M2_HI_sensitivity,FINBIN_state,0.85,1.0,True,31127,Nemaha
9,459626,430234,41366.34,38721.06,2645.2799999999997,93.60523556108662,11.580275458033203,0.23027236341153884,8916.39,132.787359178742,12705336.60038361,235.24735917875088,22508896.187129434,848.847359178717,81219262.79289155,69.12,69.12,8847.27,2021,M2_HI_sensitivity,FINBIN_state,0.85,1.0,True,31131,Otoe
10,129943,114943,11694.869999999999,10344.869999999999,1350.0,88.45647707071562,11.285767793557907,0.4137616035774253,4280.3099999999995,111.1996124836193,2842565.7229302023,213.65961248362106,5461723.087478906,827.2596124836182,21147014.50741888,101.78999999999999,101.78999999999999,4178.5199999999995,2021,M2_HI_sensitivity,FINBIN_state,0.85,1.0,True,31133,Pawnee
11,273488,264373,24613.92,23793.57,820.35,96.66712981922424,11.914748828016183,0.08608292072185889,2048.22,157.3046375331789,9248756.352592854,259.76463753318245,15272911.716015128,873.3646375331863,51349641.47392849,8.28,8.28,2039.9399999999998,2021,M2_HI_sensitivity,FINBIN_state,0.85,1.0,True,31147,Richardson
12,18430,17021,1658.7,1531.8899999999999,126.81,92.35485621269669,11.083751509034265,0.4973855825157159,761.9399999999999,96.39158911229089,364879.04692614794,198.8515891122917,752729.351007154,812.4515891122896,3075440.1316445014,92.7,92.7,669.24,2021,M2_HI_sensitivity,FINBIN_state,0.85,1.0,True,31151,Saline
14,27863,23404,2507.67,2106.36,401.31,83.99669813013674,11.89673948059773,0.08464365065800718,178.29,155.98453188870832,811888.4000195056,258.4445318887088,1345185.416452843,872.044531888707,4538929.79751368,0.99,0.99,177.29999999999998,2021,M2_HI_sensitivity,FINBIN_state,0.85,1.0,True,31155,Saunders
15,11529,10245,1037.61,922.05,115.56,88.86286755139214,11.290181629596075,0.4078086871644705,376.02,111.52315168425774,254098.2710463601,213.98315168425833,487546.7385459135,827.5831516842569,1885594.5587462336,16.29,16.29,359.72999999999996,2021,M2_HI_sensitivity,FINBIN_state,0.85,1.0,True,31159,Seward
1,16185,12747,1456.6499999999999,1147.23,309.42,78.758109360519,11.816547253220335,0.10449517533537303,119.88,42.69735043416156,121041.31262836658,160.52635043416115,455070.86436085036,866.1663504341649,2455466.4620873183,199.62,119.88,79.74,2021,M2_HI_sensitivity,FINBIN_state,0.85,1.15,True,31023,Butler
2,327932,314678,29513.879999999997,28321.02,1192.86,95.95830842979642,11.659078905971395,0.14731884656696687,4172.22,31.154741521195007,2180294.939135309,148.9837415211975,10426294.098159164,854.6237415211976,59808932.04444976,6448.5,4172.22,2276.2799999999997,2021,M2_HI_sensitivity,FINBIN_state,0.85,1.15,True,31025,Cass
4,153116,140448,13780.439999999999,12640.32,1140.12,91.72653413098566,10.826109386561237,0.6400803144224196,8090.82,-29.902871433704014,-934013.5265207017,87.92612856629694,2746364.7963571856,793.5661285663152,24786967.36241137,8870.31,8090.82,779.49,2021,M2_HI_sensitivity,FINBIN_state,0.85,1.15,True,31067,Gage
5,8116,7461,730.4399999999999,671.49,58.949999999999996,91.9295219319862,10.1358911588802,0.8352767725505964,560.88,-80.49665238022241,-133567.1233790386,37.332347619777714,61945.113655249734,742.9723476197777,1232805.0457676756,578.34,560.88,17.46,2021,M2_HI_sensitivity,FINBIN_state,0.85,1.15,True,31095,Jefferson
6,129110,111353,11619.9,10021.77,1598.1299999999999,86.24661141662149,11.342497336499735,0.38474042010543047,3855.7799999999997,7.948952489271081,196850.50635218265,125.77795248927046,3114807.098026083,831.4179524892556,20589511.027862865,4650.66,3855.7799999999997,794.88,2021,M2_HI_sensitivity,FINBIN_state,0.85,1.15,True,31097,Johnson
7,266481,250331,23983.29,22529.79,1453.5,93.93953039803964,11.429008216965267,0.3207073834243462,7225.469999999999,14.290298400214047,795574.1157805164,132.11929840021295,7355388.324201629,837.7592984002208,46640006.695149094,9073.98,7225.469999999999,1848.51,2021,M2_HI_sensitivity,FINBIN_state,0.85,1.15,True,31109,Lancaster
8,264930,255773,23843.7,23019.57,824.13,96.54361529460613,11.695687725516823,0.1458128887724662,3356.5499999999997,33.83820962231237,1924805.2161275833,151.6672096223122,8627224.650917947,857.307209622306,48765859.87624818,4868.19,3356.5499999999997,1511.6399999999999,2021,M2_HI_sensitivity,FINBIN_state,0.85,1.15,True,31127,Nemaha
9,459626,430234,41366.34,38721.06,2645.2799999999997,93.60523556108662,11.580275458033203,0.23027236341153884,8916.39,25.378359178742834,2428247.671507141,143.20735917874148,13702341.196263732,848.847359178717,81219262.79289155,12126.779999999999,8916.39,3210.39,2021,M2_HI_sensitivity,FINBIN_state,0.85,1.15,True,31131,Otoe
10,129943,114943,11694.869999999999,10344.869999999999,1350.0,88.45647707071562,11.285767793557907,0.4137616035774253,4280.3099999999995,3.7906124836209427,96898.40525693807,121.6196124836186,3108929.3744878354,827.2596124836182,21147014.50741888,5209.2,4280.3099999999995,928.89,2021,M2_HI_sensitivity,FINBIN_state,0.85,1.15,True,31133,Pawnee
11,273488,264373,24613.92,23793.57,820.35,96.66712981922424,11.914748828016183,0.08608292072185889,2048.22,49.895637533180455,2933623.584392665,167.72463753317876,9861402.252327941,873.3646375331863,51349641.47392849,3089.88,2048.22,1041.6599999999999,2021,M2_HI_sensitivity,FINBIN_state,0.85,1.15,True,31147,Richardson
12,18430,17021,1658.7,1531.8899999999999,126.81,92.35485621269669,11.083751509034265,0.4973855825157159,761.9399999999999,-11.017410887708987,-41705.11578160534,106.81158911229026,404322.73391154525,812.4515891122896,3075440.1316445014,869.4,761.9399999999999,107.46,2021,M2_HI_sensitivity,FINBIN_state,0.85,1.15,True,31151,Saline
14,27863,23404,2507.67,2106.36,401.31,83.99669813013674,11.89673948059773,0.08464365065800718,178.29,48.57553188870902,252832.190395382,166.4045318887094,866123.7592937191,872.044531888707,4538929.79751368,287.64,178.29,109.35,2021,M2_HI_sensitivity,FINBIN_state,0.85,1.15,True,31155,Saunders
15,11529,10245,1037.61,922.05,115.56,88.86286755139214,11.290181629596075,0.4078086871644705,376.02,4.114151684257935,9373.827891379231,121.94315168425817,277839.56551586464,827.5831516842569,1885594.5587462336,463.04999999999995,376.02,87.03,2021,M2_HI_sensitivity,FINBIN_state,0.85,1.15,True,31159,Seward
1,16185,12747,1456.6499999999999,1147.23,309.42,78.758109360519,11.816547253220335,0.10449517533537303,119.88,410.36823580489516,1163339.397356846,497.459235804895,1410230.805159117,1019.0192358048945,2888784.0730438884,0.0,0.0,119.88,2021,M2_HI_sensitivity,FINBIN_state,1.0,0.85,True,31023,Butler
2,327932,314678,29513.879999999997,28321.02,1192.86,95.95830842979642,11.659078905971395,0.14731884656696687,4172.22,396.7886959072967,27768369.864478804,483.87969590729045,33863238.80810457,1005.4396959072851,70363449.4640581,0.27,0.27,4171.95,2021,M2_HI_sensitivity,FINBIN_state,1.0,0.85,True,31025,Cass
4,153116,140448,13780.439999999999,12640.32,1140.12,91.72653413098566,10.826109386561237,0.6400803144224196,8090.82,324.95621007799446,10149978.285953322,412.04721007799236,12870257.915906454,933.6072100780041,29161138.073424708,2.6999999999999997,2.6999999999999997,8088.12,2021,M2_HI_sensitivity,FINBIN_state,1.0,0.85,True,31067,Gage
5,8116,7461,730.4399999999999,671.49,58.949999999999996,91.9295219319862,10.1358911588802,0.8352767725505964,560.88,265.4341148467971,440431.6219174689,352.5251148467956,584940.6666819402,874.0851148468014,1450358.877373743,0.27,0.27,560.61,2021,M2_HI_sensitivity,FINBIN_state,1.0,0.85,True,31095,Jefferson
6,129110,111353,11619.9,10021.77,1598.1299999999999,86.24661141662149,11.342497336499735,0.38474042010543047,3855.7799999999997,369.48776763444135,9150118.112788856,456.5787676344366,11306868.637069456,978.1387676344292,24222954.15042717,0.27,0.27,3855.5099999999998,2021,M2_HI_sensitivity,FINBIN_state,1.0,0.85,True,31097,Johnson
7,266481,250331,23983.29,22529.79,1453.5,93.93953039803964,11.429008216965267,0.3207073834243462,7225.469999999999,376.9481745884874,20985580.72718927,464.0391745884849,25834139.05515261,985.5991745884857,54870596.11193959,0.54,0.54,7224.929999999999,2021,M2_HI_sensitivity,FINBIN_state,1.0,0.85,True,31109,Lancaster
8,264930,255773,23843.7,23019.57,824.13,96.54361529460613,11.695687725516823,0.1458128887724662,3356.5499999999997,399.94571720272506,22749950.75779917,487.0367172027154,27703912.948730636,1008.596717202739,57371599.85441112,1.6199999999999999,1.6199999999999999,3354.93,2021,M2_HI_sensitivity,FINBIN_state,1.0,0.85,True,31127,Nemaha
9,459626,430234,41366.34,38721.06,2645.2799999999997,93.60523556108662,11.580275458033203,0.23027236341153884,8916.39,389.99295197499623,37315236.610359624,477.0839519749791,45648262.25909121,998.6439519750143,95552073.87399511,1.08,1.08,8915.31,2021,M2_HI_sensitivity,FINBIN_state,1.0,0.85,True,31131,Otoe
10,129943,114943,11694.869999999999,10344.869999999999,1350.0,88.45647707071562,11.285767793557907,0.4137616035774253,4280.3099999999995,364.59560292190326,9320059.130147975,451.6866029219062,11546342.89001441,973.246602921916,24878840.5969637,0.27,0.27,4280.04,2021,M2_HI_sensitivity,FINBIN_state,1.0,0.85,True,31133,Pawnee
11,273488,264373,24613.92,23793.57,820.35,96.66712981922424,11.914748828016183,0.08608292072185889,2048.22,418.8368088625598,24625590.55736846,505.92780886255684,29746122.616277043,1027.4878088625942,60411342.910505414,0.36,0.36,2047.86,2021,M2_HI_sensitivity,FINBIN_state,1.0,0.85,True,31147,Richardson
12,18430,17021,1658.7,1531.8899999999999,126.81,92.35485621269669,11.083751509034265,0.4973855825157159,761.9399999999999,347.1743989556352,1314187.9387476337,434.26539895563354,1643860.69721648,955.8253989556358,3618164.8607582403,0.0,0.0,761.9399999999999,2021,M2_HI_sensitivity,FINBIN_state,1.0,0.85,True,31151,Saline
14,27863,23404,2507.67,2106.36,401.31,83.99669813013674,11.89673948059773,0.08464365065800718,178.29,417.28374339847954,2171932.220969573,504.37474339848006,2625234.6849379106,1025.934743398485,5339917.408839656,0.0,0.0,178.29,2021,M2_HI_sensitivity,FINBIN_state,1.0,0.85,True,31155,Saunders
15,11529,10245,1037.61,922.05,115.56,88.86286755139214,11.290181629596075,0.4078086871644705,376.02,364.97623727559653,831574.6951565576,452.0672372755975,1030005.892531179,973.6272372756039,2218346.539701469,0.0,0.0,376.02,2021,M2_HI_sensitivity,FINBIN_state,1.0,0.85,True,31159,Seward
1,16185,12747,1456.6499999999999,1147.23,309.42,78.758109360519,11.816547253220335,0.10449517533537303,119.88,302.9592358048968,858849.1604709018,405.4192358048961,1149309.640238278,1019.0192358048945,2888784.0730438884,0.0,0.0,119.88,2021,M2_HI_sensitivity,FINBIN_state,1.0,1.0,True,31023,Butler
2,327932,314678,29513.879999999997,28321.02,1192.86,95.95830842979642,11.659078905971395,0.14731884656696687,4172.22,289.3796959072871,20251591.111611053,391.8396959072923,27422025.162936363,1005.4396959072851,70363449.4640581,2.16,2.16,4170.0599999999995,2021,M2_HI_sensitivity,FINBIN_state,1.0,1.0,True,31025,Cass
4,153116,140448,13780.439999999999,12640.32,1140.12,91.72653413098566,10.826109386561237,0.6400803144224196,8090.82,217.54721007799336,6795067.735223096,320.0072100779994,9995396.711638812,933.6072100780041,29161138.073424708,12.33,12.33,8078.49,2021,M2_HI_sensitivity,FINBIN_state,1.0,1.0,True,31067,Gage
5,8116,7461,730.4399999999999,671.49,58.949999999999996,91.9295219319862,10.1358911588802,0.8352767725505964,560.88,158.0251148467975,262209.165072246,260.485114846798,432219.80597162776,874.0851148468014,1450358.877373743,4.59,4.59,556.29,2021,M2_HI_sensitivity,FINBIN_state,1.0,1.0,True,31095,Jefferson
6,129110,111353,11619.9,10021.77,1598.1299999999999,86.24661141662149,11.342497336499735,0.38474042010543047,3855.7799999999997,262.0787676344332,6490205.870852427,364.5387676344338,9027559.42882976,978.1387676344292,24222954.15042717,1.3499999999999999,1.3499999999999999,3854.43,2021,M2_HI_sensitivity,FINBIN_state,1.0,1.0,True,31097,Johnson
7,266481,250331,23983.29,22529.79,1453.5,93.93953039803964,11.429008216965267,0.3207073834243462,7225.469999999999,269.5391745884842,15005872.129880194,371.99917458847983,20710058.39807228,985.5991745884857,54870596.11193959,4.68,4.68,7220.79,2021,M2_HI_sensitivity,FINBIN_state,1.0,1.0,True,31109,Lancaster
8,264930,255773,23843.7,23019.57,824.13,96.54361529460613,11.695687725516823,0.1458128887724662,3356.5499999999997,292.53671720272024,16640247.97604399,394.9967172027199,22468438.788905162,1008.596717202739,57371599.85441112,4.05,4.05,3352.5,2021,M2_HI_sensitivity,FINBIN_state,1.0,1.0,True,31127,Nemaha
9,459626,430234,41366.34,38721.06,2645.2799999999997,93.60523556108662,11.580275458033203,0.23027236341153884,8916.39,282.5839519749831,27038147.68148182,385.043951974993,36841707.26822774,998.6439519750143,95552073.87399511,2.6999999999999997,2.6999999999999997,8913.69,2021,M2_HI_sensitivity,FINBIN_state,1.0,1.0,True,31131,Otoe
10,129943,114943,11694.869999999999,10344.869999999999,1350.0,88.45647707071562,11.285767793557907,0.4137616035774253,4280.3099999999995,257.18660292190935,6574391.812474825,359.64660292190234,9193549.177023303,973.246602921916,24878840.5969637,1.17,1.17,4279.139999999999,2021,M2_HI_sensitivity,FINBIN_state,1.0,1.0,True,31133,Pawnee
11,273488,264373,24613.92,23793.57,820.35,96.66712981922424,11.914748828016183,0.08608292072185889,2048.22,311.4278088625702,18310457.789168794,413.8878088625613,24334613.15259034,1027.4878088625942,60411342.910505414,0.54,0.54,2047.6799999999998,2021,M2_HI_sensitivity,FINBIN_state,1.0,1.0,True,31147,Richardson
12,18430,17021,1658.7,1531.8899999999999,126.81,92.35485621269669,11.083751509034265,0.4973855825157159,761.9399999999999,239.76539895563616,907603.7760398836,342.2253989556351,1295454.0801208827,955.8253989556358,3618164.8607582403,0.27,0.27,761.67,2021,M2_HI_sensitivity,FINBIN_state,1.0,1.0,True,31151,Saline
14,27863,23404,2507.67,2106.36,401.31,83.99669813013674,11.89673948059773,0.08464365065800718,178.29,309.8747433984804,1612876.0113454503,412.33474339848124,2146173.02777879,1025.934743398485,5339917.408839656,0.18,0.18,178.10999999999999,2021,M2_HI_sensitivity,FINBIN_state,1.0,1.0,True,31155,Saunders
15,11529,10245,1037.61,922.05,115.56,88.86286755139214,11.290181629596075,0.4078086871644705,376.02,257.5672372755966,586850.2520015765,360.0272372755982,820298.7195011323,973.6272372756039,2218346.539701469,0.27,0.27,375.75,2021,M2_HI_sensitivity,FINBIN_state,1.0,1.0,True,31159,Seward
1,16185,12747,1456.6499999999999,1147.23,309.42,78.758109360519,11.816547253220335,0.10449517533537303,119.88,195.5502358048956,554358.9235849495,313.37923580489587,888388.4753174352,1019.0192358048945,2888784.0730438884,0.8999999999999999,0.8999999999999999,118.97999999999999,2021,M2_HI_sensitivity,FINBIN_state,1.0,1.15,True,31023,Butler
2,327932,314678,29513.879999999997,28321.02,1192.86,95.95830842979642,11.659078905971395,0.14731884656696687,4172.22,181.97069590728887,12734812.3587441,299.79969590728615,20980811.517767597,1005.4396959072851,70363449.4640581,18.81,18.81,4153.41,2021,M2_HI_sensitivity,FINBIN_state,1.0,1.15,True,31025,Cass
4,153116,140448,13780.439999999999,12640.32,1140.12,91.72653413098566,10.826109386561237,0.6400803144224196,8090.82,110.13821007799511,3440157.1844929582,227.9672100779942,7120535.507370787,933.6072100780041,29161138.073424708,707.13,707.13,7383.69,2021,M2_HI_sensitivity,FINBIN_state,1.0,1.15,True,31067,Gage
5,8116,7461,730.4399999999999,671.49,58.949999999999996,91.9295219319862,10.1358911588802,0.8352767725505964,560.88,50.616114846796954,83986.70822702149,168.44511484679697,279498.94526130956,874.0851148468014,1450358.877373743,199.70999999999998,199.70999999999998,361.16999999999996,2021,M2_HI_sensitivity,FINBIN_state,1.0,1.15,True,31095,Jefferson
6,129110,111353,11619.9,10021.77,1598.1299999999999,86.24661141662149,11.342497336499735,0.38474042010543047,3855.7799999999997,154.66976763443515,3830293.62891625,272.498767634439,6748250.220590261,978.1387676344292,24222954.15042717,39.6,39.6,3816.18,2021,M2_HI_sensitivity,FINBIN_state,1.0,1.15,True,31097,Johnson
7,266481,250331,23983.29,22529.79,1453.5,93.93953039803964,11.429008216965267,0.3207073834243462,7225.469999999999,162.13017458848915,9026163.532571578,279.9591745884807,15585977.740992283,985.5991745884857,54870596.11193959,116.19,116.19,7109.28,2021,M2_HI_sensitivity,FINBIN_state,1.0,1.15,True,31109,Lancaster
8,264930,255773,23843.7,23019.57,824.13,96.54361529460613,11.695687725516823,0.1458128887724662,3356.5499999999997,185.12771720271743,10530545.194288922,302.95671720271605,17232964.629079215,1008.596717202739,57371599.85441112,13.68,13.68,3342.87,2021,M2_HI_sensitivity,FINBIN_state,1.0,1.15,True,31127,Nemaha
9,459626,430234,41366.34,38721.06,2645.2799999999997,93.60523556108662,11.580275458033203,0.23027236341153884,8916.39,175.1749519749888,16761058.75260582,293.00395197498074,28035152.27736177,998.6439519750143,95552073.87399511,27.18,27.18,8889.21,2021,M2_HI_sensitivity,FINBIN_state,1.0,1.15,True,31131,Otoe
10,129943,114943,11694.869999999999,10344.869999999999,1350.0,88.45647707071562,11.285767793557907,0.4137616035774253,4280.3099999999995,149.77760292190547,3828724.4948014193,267.6066029219097,6840755.464032486,973.246602921916,24878840.5969637,45.72,45.72,4234.59,2021,M2_HI_sensitivity,FINBIN_state,1.0,1.15,True,31133,Pawnee
11,273488,264373,24613.92,23793.57,820.35,96.66712981922424,11.914748828016183,0.08608292072185889,2048.22,204.01880886256544,11995325.020968232,321.84780886256215,18923103.688903417,1027.4878088625942,60411342.910505414,4.68,4.68,2043.54,2021,M2_HI_sensitivity,FINBIN_state,1.0,1.15,True,31147,Richardson
12,18430,17021,1658.7,1531.8899999999999,126.81,92.35485621269669,11.083751509034265,0.4973855825157159,761.9399999999999,132.35639895563568,501019.61333212815,250.18539895563597,947047.4630252826,955.8253989556358,3618164.8607582403,51.3,51.3,710.64,2021,M2_HI_sensitivity,FINBIN_state,1.0,1.15,True,31151,Saline
14,27863,23404,2507.67,2106.36,401.31,83.99669813013674,11.89673948059773,0.08464365065800718,178.29,202.46574339848047,1053819.8017213235,320.2947433984802,1667111.3706196572,1025.934743398485,5339917.408839656,0.44999999999999996,0.44999999999999996,177.84,2021,M2_HI_sensitivity,FINBIN_state,1.0,1.15,True,31155,Saunders
15,11529,10245,1037.61,922.05,115.56,88.86286755139214,11.290181629596075,0.4078086871644705,376.02,150.15823727559854,342125.80884659954,267.987237275598,610591.5464710832,973.6272372756039,2218346.539701469,9.54,9.54,366.47999999999996,2021,M2_HI_sensitivity,FINBIN_state,1.0,1.15,True,31159,Seward
1,16185,12747,1456.6499999999999,1147.23,309.42,78.758109360519,11.816547253220335,0.10449517533537303,119.88,563.221121175632,1596657.0083134368,650.3121211756326,1843548.41611571,1171.8721211756265,3322101.684000465,0.0,0.0,119.88,2021,M2_HI_sensitivity,FINBIN_state,1.15,0.85,True,31023,Butler
2,327932,314678,29513.879999999997,28321.02,1192.86,95.95830842979642,11.659078905971395,0.14731884656696687,4172.22,547.6046502933805,38322887.28408688,634.6956502933665,44417756.22771212,1156.2556502934005,80917966.8836684,0.09,0.09,4172.13,2021,M2_HI_sensitivity,FINBIN_state,1.15,0.85,True,31025,Cass
4,153116,140448,13780.439999999999,12640.32,1140.12,91.72653413098566,10.826109386561237,0.6400803144224196,8090.82,464.99729158970416,14524148.996967312,552.0882915896927,17244428.626920156,1073.6482915896831,33535308.784437742,1.53,1.53,8089.29,2021,M2_HI_sensitivity,FINBIN_state,1.15,0.85,True,31067,Gage
5,8116,7461,730.4399999999999,671.49,58.949999999999996,91.9295219319862,10.1358911588802,0.8352767725505964,560.88,396.5468820738181,657985.4535235317,483.6378820738189,802494.4982880068,1005.1978820738146,1667912.708979793,0.09,0.09,560.79,2021,M2_HI_sensitivity,FINBIN_state,1.15,0.85,True,31095,Jefferson
6,129110,111353,11619.9,10021.77,1598.1299999999999,86.24661141662149,11.342497336499735,0.38474042010543047,3855.7799999999997,516.2085827796082,12783561.23535299,603.2995827796067,14940311.759633673,1124.8595827795946,27856397.27299127,0.09,0.09,3855.69,2021,M2_HI_sensitivity,FINBIN_state,1.15,0.85,True,31097,Johnson
7,266481,250331,23983.29,22529.79,1453.5,93.93953039803964,11.429008216965267,0.3207073834243462,7225.469999999999,524.7880507767508,29216170.143979684,611.87905077677,34064728.47194423,1133.4390507767719,63101185.528731264,0.0,0.0,7225.469999999999,2021,M2_HI_sensitivity,FINBIN_state,1.15,0.85,True,31109,Lancaster
8,264930,255773,23843.7,23019.57,824.13,96.54361529460613,11.695687725516823,0.1458128887724662,3356.5499999999997,551.2352247831425,31355690.735961206,638.3262247831315,36309652.9268926,1159.8862247831344,65977339.832571894,0.18,0.18,3356.37,2021,M2_HI_sensitivity,FINBIN_state,1.15,0.85,True,31127,Nemaha
9,459626,430234,41366.34,38721.06,2645.2799999999997,93.60523556108662,11.580275458033203,0.23027236341153884,8916.39,539.7895447712308,51648047.69145722,626.8805447712317,59981073.34019054,1148.4405447712163,109884884.9550896,0.44999999999999996,0.44999999999999996,8915.94,2021,M2_HI_sensitivity,FINBIN_state,1.15,0.85,True,31131,Otoe
10,129943,114943,11694.869999999999,10344.869999999999,1350.0,88.45647707071562,11.285767793557907,0.4137616035774253,4280.3099999999995,510.5825933601895,13051885.2196925,597.6735933601883,15278168.979558827,1119.2335933601876,28610666.686507847,0.09,0.09,4280.22,2021,M2_HI_sensitivity,FINBIN_state,1.15,0.85,True,31133,Pawnee
11,273488,264373,24613.92,23793.57,820.35,96.66712981922424,11.914748828016183,0.08608292072185889,2048.22,572.9599801919429,33687291.993943915,660.0509801919569,38807824.0528535,1181.6109801919167,69473044.34707731,0.18,0.18,2048.04,2021,M2_HI_sensitivity,FINBIN_state,1.15,0.85,True,31147,Richardson
12,18430,17021,1658.7,1531.8899999999999,126.81,92.35485621269669,11.083751509034265,0.4973855825157159,761.9399999999999,490.54820879897983,1856912.6678613669,577.6392087989818,2186585.426330227,1099.1992087989863,4160889.5898719965,0.0,0.0,761.9399999999999,2021,M2_HI_sensitivity,FINBIN_state,1.15,0.85,True,31151,Saline
14,27863,23404,2507.67,2106.36,401.31,83.99669813013674,11.89673948059773,0.08464365065800718,178.29,571.1739549082569,2972919.832295545,658.2649549082556,3426222.296263873,1179.8249549082448,6140905.020165536,0.0,0.0,178.29,2021,M2_HI_sensitivity,FINBIN_state,1.15,0.85,True,31155,Saunders
15,11529,10245,1037.61,922.05,115.56,88.86286755139214,11.290181629596075,0.4078086871644705,376.02,511.02032286693674,1164326.676111777,598.1113228669368,1362757.8734863966,1119.6713228669453,2551098.5206566905,0.0,0.0,376.02,2021,M2_HI_sensitivity,FINBIN_state,1.15,0.85,True,31159,Seward
1,16185,12747,1456.6499999999999,1147.23,309.42,78.758109360519,11.816547253220335,0.10449517533537303,119.88,455.81212117562995,1292166.771427482,558.272121175633,1582627.2511948687,1171.8721211756265,3322101.684000465,0.0,0.0,119.88,2021,M2_HI_sensitivity,FINBIN_state,1.15,1.0,True,31023,Butler
2,327932,314678,29513.879999999997,28321.02,1192.86,95.95830842979642,11.659078905971395,0.14731884656696687,4172.22,440.1956502933819,30806108.53121991,542.6556502933796,37976542.58254469,1156.2556502934005,80917966.8836684,0.44999999999999996,0.44999999999999996,4171.7699999999995,2021,M2_HI_sensitivity,FINBIN_state,1.15,1.0,True,31025,Cass
4,153116,140448,13780.439999999999,12640.32,1140.12,91.72653413098566,10.826109386561237,0.6400803144224196,8090.82,357.58829158969144,11169238.446236722,460.0482915896964,14369567.422652407,1073.6482915896831,33535308.784437742,2.6999999999999997,2.6999999999999997,8088.12,2021,M2_HI_sensitivity,FINBIN_state,1.15,1.0,True,31067,Gage
5,8116,7461,730.4399999999999,671.49,58.949999999999996,91.9295219319862,10.1358911588802,0.8352767725505964,560.88,289.1378820738163,479762.9966783051,391.5978820738181,649773.6375776891,1005.1978820738146,1667912.708979793,0.27,0.27,560.61,2021,M2_HI_sensitivity,FINBIN_state,1.15,1.0,True,31095,Jefferson
6,129110,111353,11619.9,10021.77,1598.1299999999999,86.24661141662149,11.342497336499735,0.38474042010543047,3855.7799999999997,408.7995827796064,10123648.993416721,511.25958277960575,12661002.551394025,1124.8595827795946,27856397.27299127,0.27,0.27,3855.5099999999998,2021,M2_HI_sensitivity,FINBIN_state,1.15,1.0,True,31097,Johnson
7,266481,250331,23983.29,22529.79,1453.5,93.93953039803964,11.429008216965267,0.3207073834243462,7225.469999999999,417.3790507767578,23236461.54667118,519.839050776752,28940647.814863175,1133.4390507767719,63101185.528731264,0.63,0.63,7224.84,2021,M2_HI_sensitivity,FINBIN_state,1.15,1.0,True,31109,Lancaster
8,264930,255773,23843.7,23019.57,824.13,96.54361529460613,11.695687725516823,0.1458128887724662,3356.5499999999997,443.82622478313476,25245987.954205867,546.286224783142,31074178.76706747,1159.8862247831344,65977339.832571894,1.7999999999999998,1.7999999999999998,3354.75,2021,M2_HI_sensitivity,FINBIN_state,1.15,1.0,True,31127,Nemaha
9,459626,430234,41366.34,38721.06,2645.2799999999997,93.60523556108662,11.580275458033203,0.23027236341153884,8916.39,432.3805447712497,41370958.76258247,534.8405447712416,51174518.34932668,1148.4405447712163,109884884.9550896,1.17,1.17,8915.22,2021,M2_HI_sensitivity,FINBIN_state,1.15,1.0,True,31131,Otoe
10,129943,114943,11694.869999999999,10344.869999999999,1350.0,88.45647707071562,11.285767793557907,0.4137616035774253,4280.3099999999995,403.17359336019604,10306217.902019361,505.6335933601867,12925375.266567782,1119.2335933601876,28610666.686507847,0.36,0.36,4279.95,2021,M2_HI_sensitivity,FINBIN_state,1.15,1.0,True,31133,Pawnee
11,273488,264373,24613.92,23793.57,820.35,96.66712981922424,11.914748828016183,0.08608292072185889,2048.22,465.5509801919555,27372159.225744378,568.010980191943,33396314.589165714,1181.6109801919167,69473044.34707731,0.36,0.36,2047.86,2021,M2_HI_sensitivity,FINBIN_state,1.15,1.0,True,31147,Richardson
12,18430,17021,1658.7,1531.8899999999999,126.81,92.35485621269669,11.083751509034265,0.4973855825157159,761.9399999999999,383.13920879898006,1450328.505153614,485.599208798981,1838178.8092346208,1099.1992087989863,4160889.5898719965,0.0,0.0,761.9399999999999,2021,M2_HI_sensitivity,FINBIN_state,1.15,1.0,True,31151,Saline
14,27863,23404,2507.67,2106.36,401.31,83.99669813013674,11.89673948059773,0.08464365065800718,178.29,463.7649549082551,2413863.622671409,566.2249549082495,2947160.6391047146,1179.8249549082448,6140905.020165536,0.09,0.09,178.2,2021,M2_HI_sensitivity,FINBIN_state,1.15,1.0,True,31155,Saunders
15,11529,10245,1037.61,922.05,115.56,88.86286755139214,11.290181629596075,0.4078086871644705,376.02,403.6113228669377,919602.232956798,506.0713228669363,1153050.7004563469,1119.6713228669453,2551098.5206566905,0.0,0.0,376.02,2021,M2_HI_sensitivity,FINBIN_state,1.15,1.0,True,31159,Seward
1,16185,12747,1456.6499999999999,1147.23,309.42,78.758109360519,11.816547253220335,0.10449517533537303,119.88,348.4031211756287,987676.5345415296,466.2321211756325,1321706.0862740253,1171.8721211756265,3322101.684000465,0.0,0.0,119.88,2021,M2_HI_sensitivity,FINBIN_state,1.15,1.15,True,31023,Butler
2,327932,314678,29513.879999999997,28321.02,1192.86,95.95830842979642,11.659078905971395,0.14731884656696687,4172.22,332.78665029337384,23289329.778352268,450.6156502933908,31535328.93737714,1156.2556502934005,80917966.8836684,2.16,2.16,4170.0599999999995,2021,M2_HI_sensitivity,FINBIN_state,1.15,1.15,True,31025,Cass
4,153116,140448,13780.439999999999,12640.32,1140.12,91.72653413098566,10.826109386561237,0.6400803144224196,8090.82,250.17929158969343,7814327.895506593,368.0082915897002,11494706.21838466,1073.6482915896831,33535308.784437742,12.33,12.33,8078.49,2021,M2_HI_sensitivity,FINBIN_state,1.15,1.15,True,31067,Gage
5,8116,7461,730.4399999999999,671.49,58.949999999999996,91.9295219319862,10.1358911588802,0.8352767725505964,560.88,181.7288820738163,301540.5398330815,299.5578820738173,497052.7768673712,1005.1978820738146,1667912.708979793,4.59,4.59,556.29,2021,M2_HI_sensitivity,FINBIN_state,1.15,1.15,True,31095,Jefferson
6,129110,111353,11619.9,10021.77,1598.1299999999999,86.24661141662149,11.342497336499735,0.38474042010543047,3855.7799999999997,301.39058277960396,7463736.751480435,419.21958277960186,10381693.343154298,1124.8595827795946,27856397.27299127,1.3499999999999999,1.3499999999999999,3854.43,2021,M2_HI_sensitivity,FINBIN_state,1.15,1.15,True,31097,Johnson
7,266481,250331,23983.29,22529.79,1453.5,93.93953039803964,11.429008216965267,0.3207073834243462,7225.469999999999,309.97005077676164,17256752.949362494,427.7990507767622,23816567.157783702,1133.4390507767719,63101185.528731264,4.68,4.68,7220.79,2021,M2_HI_sensitivity,FINBIN_state,1.15,1.15,True,31109,Lancaster
8,264930,255773,23843.7,23019.57,824.13,96.54361529460613,11.695687725516823,0.1458128887724662,3356.5499999999997,336.41722478312727,19136285.17245053,454.2462247831238,25838704.607240707,1159.8862247831344,65977339.832571894,4.05,4.05,3352.5,2021,M2_HI_sensitivity,FINBIN_state,1.15,1.15,True,31127,Nemaha
9,459626,430234,41366.34,38721.06,2645.2799999999997,93.60523556108662,11.580275458033203,0.23027236341153884,8916.39,324.9715447712367,31093869.833704684,442.8005447712454,42367963.35846224,1148.4405447712163,109884884.9550896,2.6999999999999997,2.6999999999999997,8913.69,2021,M2_HI_sensitivity,FINBIN_state,1.15,1.15,True,31131,Otoe
10,129943,114943,11694.869999999999,10344.869999999999,1350.0,88.45647707071562,11.285767793557907,0.4137616035774253,4280.3099999999995,295.7645933601901,7560550.584345903,413.5935933601905,10572581.553576872,1119.2335933601876,28610666.686507847,1.17,1.17,4279.139999999999,2021,M2_HI_sensitivity,FINBIN_state,1.15,1.15,True,31133,Pawnee
11,273488,264373,24613.92,23793.57,820.35,96.66712981922424,11.914748828016183,0.08608292072185889,2048.22,358.14198019195226,21057026.45754391,475.9709801919466,27984805.125478946,1181.6109801919167,69473044.34707731,0.54,0.54,2047.6799999999998,2021,M2_HI_sensitivity,FINBIN_state,1.15,1.15,True,31147,Richardson
12,18430,17021,1658.7,1531.8899999999999,126.81,92.35485621269669,11.083751509034265,0.4973855825157159,761.9399999999999,275.7302087989812,1043744.3424458647,393.55920879898014,1489772.192139014,1099.1992087989863,4160889.5898719965,0.27,0.27,761.67,2021,M2_HI_sensitivity,FINBIN_state,1.15,1.15,True,31151,Saline
14,27863,23404,2507.67,2106.36,401.31,83.99669813013674,11.89673948059773,0.08464365065800718,178.29,356.3559549082533,1854807.4130472722,474.1849549082526,2468098.981945604,1179.8249549082448,6140905.020165536,0.18,0.18,178.10999999999999,2021,M2_HI_sensitivity,FINBIN_state,1.15,1.15,True,31155,Saunders
15,11529,10245,1037.61,922.05,115.56,88.86286755139214,11.290181629596075,0.4078086871644705,376.02,296.20232286693766,674877.7898018166,414.0313228669374,943343.5274263008,1119.6713228669453,2551098.5206566905,0.27,0.27,375.75,2021,M2_HI_sensitivity,FINBIN_state,1.15,1.15,True,31159,Seward
