year,scenario,experimental,source,full_economic_account,price_factor,cost_factor,valid_ha,loss_ha,quartile_ha,both_ha,disagree_ha,mean_return_usd_ac,mean_return_2021usd_ac,total_return_usd,total_return_2021usd,mean_revenue_usd_ac,mean_cash_margin_usd_ac,breakeven_bu_ac,breakeven_Mg_ha,return_p05,return_median,return_p95,mean_revenue_usd_ac_2021dollars,mean_cash_margin_usd_ac_2021dollars,return_p05_2021dollars,return_median_2021dollars,return_p95_2021dollars
2019,M1_fixed,False,UNL,True,0.85,0.85,352962.18,144884.16,88240.59,88240.59,56643.57,-0.5804453550402492,-0.615212092198752,-506257.78753074334,-536580.9372996066,480.11155464495965,171.4085546449597,160.6590909090909,10.084195956721867,-64.81320735844271,6.0076984049172495,71.67889864342379,508.86863243386534,181.67535429166708,-68.69530190026958,6.367539464127432,75.97222515091917
2019,M1_fixed,False,UNL,True,0.85,1.0,352962.18,341933.4,88240.59,88240.59,253692.81,-85.40844535504023,-90.5241258320924,-74492267.37094796,-78954105.26410685,480.11155464495965,116.93155464495952,189.01069518716577,11.863759949084548,-149.64120735844276,-78.82030159508278,-13.14910135657624,508.86863243386534,123.93536403127894,-158.60421564016332,-83.54137427576629,-13.936688588974539
2019,M1_fixed,False,UNL,True,0.85,1.15,352962.18,352585.44,88240.59,88240.59,264344.85,-170.23644535504042,-180.43303957198628,-148478276.95436534,-157371629.59091428,480.11155464495965,62.45455464495968,217.36229946524065,13.64332394144723,-234.46920735844276,-163.64830159508276,-97.9771013565762,508.86863243386534,66.19537377089117,-248.513129380057,-173.45028801565994,-103.84560232886818
2019,M1_fixed,False,UNL,True,1.0,0.85,352962.18,16637.399999999998,88240.59,16637.399999999998,71603.19,84.14512311171734,89.18513480789514,73390412.18632223,77786252.63586654,564.8371231117172,256.1341231117173,136.56022727272725,8.571566563213585,8.577167813596834,91.89588047637324,169.15611605108683,598.6689793339592,271.475701191761,9.090911504282433,97.40013663886714,179.28800215273978
2019,M1_fixed,False,UNL,True,1.0,1.0,352962.18,144884.16,88240.59,88240.59,56643.57,-0.6828768882826706,-0.7237789319985576,-595597.3970950135,-631271.6909407362,564.8371231117172,201.6571231117172,160.6590909090909,10.084195956721867,-76.2508321864032,7.067880476373205,84.32811605108681,598.6689793339592,213.73571093137292,-80.81800223561129,7.491222898973418,89.37908841284609
2019,M1_fixed,False,UNL,True,1.0,1.15,352962.18,335572.29,88240.59,88240.59,247331.7,-85.5108768882827,-90.63269267189229,-74581606.98051226,-79048796.01774803,564.8371231117172,147.18012311171736,184.7579545454545,11.596825350230146,-161.07883218640316,-77.76011952362677,-0.4998839489131662,598.6689793339592,155.99572067098515,-170.72691597550494,-82.41769084092024,-0.5298253270475701
2019,M1_fixed,False,UNL,True,1.15,0.85,352962.18,14563.53,88240.59,14563.53,73677.06,168.87069157847498,178.98548170798907,147287082.16017523,156109086.20903274,649.5626915784751,340.859691578475,118.748023715415,7.453536141924857,81.96754298563627,177.78406254782914,266.63333345874975,688.4693262340534,361.276048091855,86.87712490883433,188.43273381360675,282.6037791545603
2019,M1_fixed,False,UNL,True,1.15,1.0,352962.18,18032.4,88240.59,18032.4,70208.19,84.04269157847477,89.07656796809518,73301072.57675783,77691561.88222529,649.5626915784751,286.38269157847475,139.70355731225297,8.768866049323362,-2.8604570143637584,92.9560625478291,181.80533345874971,688.4693262340534,303.5360578314668,-3.031788831059379,98.52382007371303,192.69486541466657
2019,M1_fixed,False,UNL,True,1.15,1.15,352962.18,144884.16,88240.59,88240.59,56643.57,-0.7853084215250977,-0.8323457717983694,-684937.0066592887,-725962.4445818712,649.5626915784751,231.90569157847483,160.6590909090909,10.084195956721867,-87.68845701436373,8.128062547829131,96.97733345874975,688.4693262340534,245.7960675710789,-92.94070257095304,8.614906333819373,102.78595167477292
2019,M1_fixed,False,ERS_Heartland,True,0.85,0.85,352962.18,351499.41,88240.59,88240.59,263258.82,-135.95994535504022,-144.10349175987847,-118582706.41767916,-125685414.27771787,480.11155464495965,,205.90625,12.924254469289222,-200.19270735844268,-129.3718015950827,-63.70060135657616,508.86863243386534,,-212.1835815679493,-137.12074020355226,-67.5160545167605
2019,M1_fixed,False,ERS_Heartland,True,0.85,1.0,352962.18,352962.18,88240.59,88240.59,264721.59,-244.6784453550403,-259.33386661759806,-213405736.34759325,-226188026.84106964,480.11155464495965,,242.2426470588235,15.20500525798732,-308.9112073584427,-238.0903015950828,-172.41910135657622,508.86863243386534,,-327.41395642566886,-252.35111506127186,-182.7464293744801
2019,M1_fixed,False,ERS_Heartland,True,0.85,1.15,352962.18,352962.18,88240.59,88240.59,264721.59,-353.3969453550406,-374.5642414753179,-308228766.2775075,-326690639.4044216,480.11155464495965,,278.579044117647,17.485756046685417,-417.62970735844266,-346.80880159508274,-281.13760135657617,508.86863243386534,,-442.6443312833883,-367.58148991899134,-297.9768042321996
2019,M1_fixed,False,ERS_Heartland,True,1.0,0.85,352962.18,305278.11,88240.59,88240.59,217037.52,-51.23437688828251,-54.303144859784446,-44686036.443826094,-47362580.70455163,564.8371231117172,,175.02031249999996,10.985616298895838,-126.80233218640312,-43.48361952362672,33.77661605108689,598.6689793339592,,-134.39736816339726,-46.08814302881256,35.799722485060116
2019,M1_fixed,False,ERS_Heartland,True,1.0,1.0,352962.18,351499.41,88240.59,88240.59,263258.82,-159.95287688828273,-169.5335197175042,-139509066.3737403,-147865193.2679035,564.8371231117172,,205.90625,12.924254469289224,-235.5208321864032,-152.20211952362678,-74.94188394891317,598.6689793339592,,-249.62774302111686,-161.31851788653213,-79.43065237265947
2019,M1_fixed,False,ERS_Heartland,True,1.0,1.15,352962.18,352954.44,88240.59,88240.59,264713.85,-268.6713768882827,-284.7638945752237,-234332096.30365425,-248367805.8312551,564.8371231117172,,236.7921875,14.862892639682606,-344.23933218640315,-260.9206195236267,-183.66038394891316,598.6689793339592,,-364.8581178788363,-276.5488927442516,-194.66102723037898
2019,M1_fixed,False,ERS_Heartland,True,1.15,0.85,352962.18,49162.86,88240.59,49162.86,39077.73,33.49119157847499,35.49720204030935,29210633.5300268,30960252.868614435,649.5626915784751,,152.1915760869565,9.552709825126817,-53.41195701436368,42.40456254782919,131.25383345874982,688.4693262340534,,-56.61115475884535,44.94445414592706,139.11549948688062
2019,M1_fixed,False,ERS_Heartland,True,1.15,1.0,352962.18,321645.78,88240.59,88240.59,233405.19,-75.22730842152502,-79.73317281741018,-65612396.399887234,-69542359.69473726,649.5626915784751,,179.04891304347825,11.23848214720802,-162.13045701436374,-66.31393745217088,22.53533345874976,688.4693262340534,,-171.84152961656494,-70.28592071179253,23.885124629161034
2019,M1_fixed,False,ERS_Heartland,True,1.15,1.15,352962.18,351499.41,88240.59,88240.59,263258.82,-183.94580842152516,-194.9635476751298,-160435426.32980132,-170044972.258089,649.5626915784751,,205.90625,12.924254469289222,-270.8489570143637,-175.03243745217085,-86.18316654125019,688.4693262340534,,-287.0719044742844,-185.516295569512,-91.34525022855843
2019,M1_fixed,False,FINBIN_county,False,0.85,0.85,146321.72999999998,104890.14,43003.08,43003.08,61887.06,-26.108411511896623,-27.672218117941725,-9439988.823984597,-10005412.610001314,442.66658848810295,42.62258848810336,167.99928840192615,10.544923012128107,-242.07713905616475,-16.78363342918658,44.38919386482616,469.1808379298093,45.1755391114711,-256.57675076391007,-17.788916987630643,47.04795824699478
2019,M1_fixed,False,FINBIN_county,False,0.85,1.0,146321.72999999998,144897.3,43003.08,43003.08,101894.22,-108.83341151189664,-115.352169185192,-39350773.51911201,-41707753.35889016,442.66658848810295,-27.97341151189663,197.6462216493249,12.405791778974246,-324.8021390561648,-99.5086334291866,-38.33580613517386,469.1808379298093,-29.648925385882762,-344.25670183116034,-105.46886805488093,-40.631992820255505
2019,M1_fixed,False,FINBIN_county,False,0.85,1.15,146321.72999999998,146297.79,43003.08,43003.08,103294.71,-191.55841151189648,-203.0321202524421,-69261558.21423936,-73410094.10777894,442.66658848810295,-98.56941151189666,227.2931548967236,14.26666054582038,-407.5271390561647,-182.2336334291865,-121.06080613517378,469.1808379298093,-104.47338988323666,-431.93665289841056,-193.14881912213107,-128.31194388750566
2019,M1_fixed,False,FINBIN_county,False,1.0,0.85,146321.72999999998,11530.35,43003.08,11530.35,31472.73,52.00922175070989,55.12440034026003,18804915.49043966,19931267.090063777,520.7842217507094,120.74022175070976,142.79939514163723,8.963184560308893,-202.07163418372323,62.97954890683934,134.94758101744256,551.977456388011,127.97215756967275,-214.17504983146748,66.75181343474364,143.03049018136178
2019,M1_fixed,False,FINBIN_county,False,1.0,1.0,146321.72999999998,104890.14,43003.08,43003.08,61887.06,-30.71577824929016,-32.55555072699028,-11105869.204687769,-11771073.658825085,520.7842217507094,50.14422175070987,167.99928840192618,10.54492301212811,-284.79663418372326,-19.74545109316068,52.22258101744254,551.977456388011,53.14769307231897,-301.8550008987178,-20.928137632506637,55.350539114111506
2019,M1_fixed,False,FINBIN_county,False,1.0,1.15,146321.72999999998,143818.47,43003.08,43003.08,100815.39,-113.44077824929003,-120.23550179424042,-41016653.899815135,-43473414.40771388,520.7842217507094,-20.45177824929015,193.19918166221507,12.126661463947324,-367.5216341837232,-102.4704510931606,-30.50241898255737,551.977456388011,-21.676771425034918,-389.534951965968,-108.60808869975682,-32.32941195313866
2019,M1_fixed,False,FINBIN_county,False,1.15,0.85,146321.72999999998,8008.65,43003.08,8008.65,34994.43,130.1268550133163,137.92101879846166,47049819.80486388,49867946.79012882,598.9018550133161,198.85785501331628,124.17338707968456,7.794073530703385,-162.06612931128177,142.74273124286515,225.5059681700588,634.7740748462129,210.7687760278745,-171.77334889902494,151.2925438571178,239.0130221157286
2019,M1_fixed,False,FINBIN_county,False,1.15,1.0,146321.72999999998,14389.47,43003.08,14389.47,28613.61,47.40185501331628,50.2410677312114,17139035.109736465,18165606.04123998,598.9018550133161,128.26185501331642,146.08633774080536,9.169498271415748,-244.7911293112818,60.017731242865125,142.7809681700588,634.7740748462129,135.94431153052076,-259.4532999662752,63.61259278986753,151.33307104847836
2019,M1_fixed,False,FINBIN_county,False,1.15,1.15,146321.72999999998,104890.14,43003.08,43003.08,61887.06,-35.32314498668364,-37.43888333603877,-12771749.585390914,-13536734.707648829,598.9018550133161,57.66585501331627,167.99928840192615,10.544923012128107,-327.5161293112817,-22.707268757134784,60.0559681700589,634.7740748462129,61.119847033166735,-347.13325103352537,-24.067358277382635,63.6531199812282
2019,M1_fixed,False,FINBIN_state,False,0.85,0.85,352962.18,350994.51,88240.59,88240.59,262753.92,-117.30931794111918,-124.3357540865498,-102315842.89875728,-108444219.9911454,437.62168205888094,-30.048317941119095,203.4795292474941,12.771934874661614,-175.85748050722046,-111.30422490391786,-51.44492588651914,463.8337584634685,-31.848111776736175,-186.3907559466063,-117.97097604295841,-54.526305039447735
2019,M1_fixed,False,FINBIN_state,False,0.85,1.0,352962.18,352960.11,88240.59,88240.59,264719.52,-215.23831794111905,-228.13037394831755,-187728394.56205776,-198972698.0856413,437.62168205888094,-112.5783179411192,239.3876814676401,15.025805734896018,-273.78648050722046,-209.23322490391783,-149.37392588651912,463.8337584634685,-119.32138299559593,-290.1853758083742,-221.7655959047263,-158.32092490121562
2019,M1_fixed,False,FINBIN_state,False,0.85,1.15,352962.18,352962.18,88240.59,88240.59,264721.59,-313.167317941119,-331.9249938100854,-273140946.2253584,-289501176.1801373,437.62168205888094,-195.108317941119,275.2958336877861,17.279676595130418,-371.7154805072204,-307.16222490391783,-247.3029258865191,463.8337584634685,-206.79465421445536,-393.97999567014205,-325.5602157664942,-262.1155447629835
2019,M1_fixed,False,FINBIN_state,False,1.0,0.85,352962.18,293261.76,88240.59,88240.59,205021.17,-40.081962283669554,-42.48273788711413,-34959028.21759023,-37052957.18920438,514.8490377163306,47.179037716330456,172.95759986036998,10.856144643462372,-108.9621535379064,-33.017146945785726,37.40555778056574,545.6867746629042,50.00490442269941,-115.48862242835712,-34.99476371818318,39.64602569771178
2019,M1_fixed,False,FINBIN_state,False,1.0,1.0,352962.18,350994.51,88240.59,88240.59,262753.92,-138.0109622836695,-146.277357748882,-120371579.8808908,-127581435.28370036,514.8490377163306,-35.35096228366956,203.4795292474941,12.771934874661614,-206.8911535379064,-130.9461469457857,-60.52344221943423,545.6867746629042,-37.46836679616025,-219.28324229012503,-138.78938357995108,-64.1485941640561
2019,M1_fixed,False,FINBIN_state,False,1.0,1.15,352962.18,352951.11,88240.59,88240.59,264710.52,-235.9399622836693,-250.0719776106497,-205784131.54419127,-218109913.3781962,514.8490377163306,-117.88096228366966,234.00145863461825,14.687725105860856,-304.8201535379063,-228.87514694578567,-158.4524422194342,545.6867746629042,-124.94163801501999,-323.0778621518929,-242.58400344171895,-167.943214025824
2019,M1_fixed,False,FINBIN_state,False,1.15,0.85,352962.18,39437.55,88240.59,39437.55,48803.04,37.14539337377996,39.37027831232141,32397786.46357673,34338305.612736546,592.0763933737803,124.40639337377996,150.39791292206084,9.4401257769238,-42.066826568592425,45.26993101234632,126.2560414476505,627.5397908623399,131.85792062213494,-44.58648891010803,47.98144860659196,133.81835643487116
2019,M1_fixed,False,FINBIN_state,False,1.15,1.0,352962.18,314010.45,88240.59,88240.59,225769.86,-60.78360662622005,-64.42434154944651,-53014765.19972391,-56190172.48175949,592.0763933737803,41.876393373779926,176.93872108477746,11.106030325792709,-139.9958265685924,-52.65906898765365,28.327041447650533,627.5397908623399,44.38464940327527,-148.38110877187592,-55.81317125517591,30.023736573103278
2019,M1_fixed,False,FINBIN_state,False,1.15,1.15,352962.18,350994.51,88240.59,88240.59,262753.92,-158.71260662622,-168.21896141121437,-138427316.8630245,-146718650.57625547,592.0763933737803,-40.65360662621999,203.4795292474941,12.771934874661614,-237.9248265685924,-150.58806898765363,-69.60195855234944,627.5397908623399,-43.08862181558428,-252.17572863364384,-159.60779111694382,-73.7708832886646
2019,M2_HI_sensitivity,False,UNL,True,0.85,0.85,352962.18,235025.01,88240.59,88240.59,146784.41999999998,-18.016102612720815,-19.0952069568561,-15713438.258129282,-16654620.701976834,462.67589738727895,153.97289738727926,160.6590909090909,10.084195956721867,-79.91620810099069,-11.667225228198362,51.619075227912674,490.38863756920784,163.19535942700986,-84.7029219193116,-12.366053032324208,54.71088534445565
2019,M2_HI_sensitivity,False,UNL,True,0.85,1.0,352962.18,348091.02,88240.59,88240.59,259850.43,-102.84410261272082,-109.00412069674978,-89699447.84154652,-95072145.02878413,462.67589738727895,99.49589738727916,189.01069518716577,11.863759949084548,-164.7442081009907,-96.4952252281984,-33.20892477208736,490.38863756920784,105.45536916662181,-174.6118356592053,-102.27496677221792,-35.19802839543807
2019,M2_HI_sensitivity,False,UNL,True,0.85,1.15,352962.18,352863.45,88240.59,88240.59,264622.86,-187.6721026127209,-198.91303443664356,-163685457.4249638,-173489669.35559145,462.67589738727895,45.018897387279175,217.36229946524065,13.64332394144723,-249.57220810099068,-181.3232252281984,-118.03692477208732,490.38863756920784,47.71537890623389,-264.520749399099,-192.1838805121116,-125.1069421353317
2019,M2_HI_sensitivity,False,UNL,True,1.0,0.85,352962.18,19457.64,88240.59,19457.64,68782.95,63.63258516150492,67.4439643788865,55499611.6326769,58823852.91271688,544.3245851615051,235.621585161505,136.56022727272725,8.571566563213585,-9.191068354106708,71.10185267270782,145.55632379754428,576.9278089049509,249.73453076275248,-9.741582635767042,75.36061605480639,154.2746612039591
2019,M2_HI_sensitivity,False,UNL,True,1.0,1.0,352962.18,235025.01,88240.59,88240.59,146784.41999999998,-21.19541483849512,-22.464949361007218,-18486397.950740363,-19593671.414090425,544.3245851615051,181.1445851615049,160.6590909090909,10.084195956721867,-94.01906835410674,-13.72614732729221,60.72832379754425,576.9278089049509,191.9945405023644,-99.65049637566075,-14.548297685087324,64.3657474640654
2019,M2_HI_sensitivity,False,UNL,True,1.0,1.15,352962.18,344809.26,88240.59,88240.59,256568.67,-106.02341483849506,-112.37386310090083,-92472407.53415754,-98011195.74089764,544.3245851615051,126.66758516150496,184.7579545454545,11.596825350230146,-178.8470683541067,-98.55414732729218,-24.09967620245573,576.9278089049509,134.25455024197655,-189.5594101155544,-104.45721142498098,-25.543166275828273
2019,M2_HI_sensitivity,False,UNL,True,1.15,0.85,352962.18,14800.95,88240.59,14800.95,73439.64,145.28127293573073,153.9831357146292,126712661.52348313,134302326.52741063,625.9732729357302,317.2702729357304,118.748023715415,7.453536141924857,61.534071392777214,153.87093057361392,239.4935723671759,663.4669802406928,336.2737020984947,65.21975664777746,163.0872851419369,253.83843706346255
2019,M2_HI_sensitivity,False,UNL,True,1.15,1.0,352962.18,23368.41,88240.59,23368.41,64872.18,60.45327293573055,64.07422197473531,52726651.94006576,55884802.20060322,625.9732729357302,262.79327293573044,139.70355731225297,8.768866049323362,-23.293928607222817,69.04293057361389,154.66557236717586,663.4669802406928,278.5337118381068,-24.68915709211626,73.17837140204318,163.92952332356884
2019,M2_HI_sensitivity,False,UNL,True,1.15,1.15,352962.18,235025.01,88240.59,88240.59,146784.41999999998,-24.37472706426937,-25.834691765158283,-21259357.6433514,-22532722.126203973,625.9732729357302,208.31627293573075,160.6590909090909,10.084195956721867,-108.12192860722278,-15.785069426386087,69.83757236717588,663.4669802406928,220.7937215777192,-114.59807083200991,-16.730542337850473,74.02060958367518
2019,M2_HI_sensitivity,False,ERS_Heartland,True,0.85,0.85,352962.18,352382.58,88240.59,88240.59,264141.99,-153.39560261272078,-162.5834866245358,-133789886.88827768,-141803454.04239509,462.67589738727895,,205.90625,12.924254469289222,-215.29570810099065,-147.0467252281983,-83.76042477208728,490.38863756920784,,-228.1912015869913,-155.85433270000388,-88.77739432322404
2019,M2_HI_sensitivity,False,ERS_Heartland,True,0.85,1.0,352962.18,352962.18,88240.59,88240.59,264721.59,-262.11410261272084,-277.8138614822554,-228612916.81819177,-242306066.60574684,462.67589738727895,,242.2426470588235,15.20500525798732,-324.0142081009907,-255.7652252281984,-192.4789247720873,490.38863756920784,,-343.42157644471087,-271.0847075577235,-204.0077691809436
2019,M2_HI_sensitivity,False,ERS_Heartland,True,0.85,1.15,352962.18,352962.18,88240.59,88240.59,264721.59,-370.8326026127205,-393.0442363399745,-323435946.74810547,-342808679.1690982,462.67589738727895,,278.579044117647,17.485756046685417,-432.7327081009906,-364.4837252281983,-301.1974247720873,490.38863756920784,,-458.65195130243023,-386.31508241544293,-319.2381440386631
2019,M2_HI_sensitivity,False,ERS_Heartland,True,1.0,0.85,352962.18,328878.27,88240.59,88240.59,240637.68,-71.74691483849504,-76.0443152887932,-62576836.99747151,-66324980.42770139,544.3245851615051,,175.02031249999996,10.985616298895838,-144.57056835410663,-64.27764732729213,10.17682379754433,576.9278089049509,,-153.22986230344668,-68.12766361287329,10.786381536279418
2019,M2_HI_sensitivity,False,ERS_Heartland,True,1.0,1.0,352962.18,352382.58,88240.59,88240.59,264141.99,-180.46541483849504,-191.27469014651277,-157399866.92738554,-166827592.99105307,544.3245851615051,,205.90625,12.924254469289224,-253.28906835410672,-172.9961473272922,-98.54167620245572,576.9278089049509,,-268.46023716116633,-183.35803847059287,-104.44399332144015
2019,M2_HI_sensitivity,False,ERS_Heartland,True,1.0,1.15,352962.18,352962.18,88240.59,88240.59,264721.59,-289.183914838495,-306.5050650042322,-252222896.8572996,-267330205.5544048,544.3245851615051,,236.7921875,14.862892639682606,-362.0075683541067,-281.71464732729214,-207.26017620245568,576.9278089049509,,-383.6906120188858,-298.58841332831236,-219.67436817915964
2019,M2_HI_sensitivity,False,ERS_Heartland,True,1.15,0.85,352962.18,104829.21,88240.59,88240.59,16588.62,9.901772935730662,10.49485604694938,8636212.893334633,9153493.18699228,625.9732729357302,,152.1915760869565,9.552709825126817,-73.84542860722273,18.491430573613968,104.11407236717594,663.4669802406928,,-78.26852301990222,19.599005474257215,110.35015739578287
2019,M2_HI_sensitivity,False,ERS_Heartland,True,1.15,1.0,352962.18,337363.38,88240.59,88240.59,249122.79,-98.8167270642694,-104.73551881077022,-86186817.03657945,-91349119.37635946,625.9732729357302,,179.04891304347825,11.23848214720802,-182.5639286072228,-90.2270694263861,-4.604427632824127,663.4669802406928,,-193.49889787762183,-95.63136938346237,-4.88021746193671
2019,M2_HI_sensitivity,False,ERS_Heartland,True,1.15,1.15,352962.18,352382.58,88240.59,88240.59,264141.99,-207.53522706426944,-219.96589366848977,-181009846.9664935,-191851731.9397112,625.9732729357302,,205.90625,12.924254469289222,-291.2824286072228,-198.94556942638604,-113.32292763282408,663.4669802406928,,-308.72927273534134,-210.86174424118184,-120.11059231965618
2019,M2_HI_sensitivity,False,FINBIN_county,False,0.85,0.85,146321.72999999998,125321.04,43003.08,43003.08,82317.95999999999,-42.18422315482545,-44.71091715956556,-15252501.859355606,-16166075.7531755,426.5907768451745,26.546776845174595,167.99928840192615,10.544923012128107,-250.3098705623046,-33.19807753766827,25.753210149571004,452.14213888818585,28.136840069847334,-265.3025953768826,-35.18653144792425,27.295741380948908
2019,M2_HI_sensitivity,False,FINBIN_county,False,0.85,1.0,146321.72999999998,145768.86,43003.08,43003.08,102765.78,-124.90922315482548,-132.39086822681583,-45163286.55448302,-47868416.50206434,426.5907768451745,-44.04922315482545,197.6462216493249,12.405791778974246,-333.0348705623046,-115.92307753766828,-56.97178985042902,452.14213888818585,-46.687624427506584,-352.9825464441329,-122.86648251517452,-60.384209686301375
2019,M2_HI_sensitivity,False,FINBIN_county,False,0.85,1.15,146321.72999999998,146313.63,43003.08,43003.08,103310.55,-207.6342231548253,-220.07081929406596,-75074071.24961038,-79570757.25095312,426.5907768451745,-114.64522315482546,227.2931548967236,14.26666054582038,-415.7598705623045,-198.6480775376682,-139.69678985042893,452.14213888818585,-121.51208892486046,-440.66249751138304,-210.5464335824247,-148.06416075355153
2019,M2_HI_sensitivity,False,FINBIN_county,False,1.0,0.85,146321.72999999998,17309.34,43003.08,17309.34,25693.74,33.09650217079364,35.07887205599672,11966664.860591425,12683428.098094156,501.8715021707936,101.82750217079358,142.79939514163723,8.963184560308893,-211.7572006615348,43.66843819097846,113.02289429361292,531.9319281037481,107.92662928540949,-224.440749376141,46.284031716751095,119.79258798601366
2019,M2_HI_sensitivity,False,FINBIN_county,False,1.0,1.0,146321.72999999998,125321.04,43003.08,43003.08,82317.95999999999,-49.62849782920637,-52.60107901125355,-17944119.83453599,-19018912.650794685,501.8715021707936,31.231502170793608,167.99928840192618,10.54492301212811,-294.4822006615348,-39.05656180902156,30.297894293612888,531.9319281037481,33.10216478805565,-312.1207004433913,-41.39591935049919,32.11263691876336
2019,M2_HI_sensitivity,False,FINBIN_county,False,1.0,1.15,146321.72999999998,145338.3,43003.08,43003.08,102335.22,-132.35349782920636,-140.2810300785038,-47854904.5296634,-50721253.39968353,501.8715021707936,-39.36449782920637,193.19918166221507,12.126661463947324,-377.2072006615347,-121.78156180902148,-52.42710570638702,531.9319281037481,-41.7222997092982,-399.80065151064144,-129.07587041774937,-55.5673141484868
2019,M2_HI_sensitivity,False,FINBIN_county,False,1.15,0.85,146321.72999999998,8216.369999999999,43003.08,8216.369999999999,34786.71,108.37722749641264,114.86866127155888,39185831.580538414,41532931.94936377,577.1522274964125,177.10822749641264,124.17338707968456,7.794073530703385,-173.20453076076507,120.5349539196252,200.2925784376548,611.7217173193102,187.71641850097174,-183.5789033753995,127.75459488142643,212.28943459107836
2019,M2_HI_sensitivity,False,FINBIN_county,False,1.15,1.0,146321.72999999998,24561.72,43003.08,24561.72,18441.36,25.6522274964126,27.18871020430859,9275046.885410994,9830591.200474922,577.1522274964125,106.51222749641258,146.08633774080536,9.169498271415748,-255.9295307607651,37.80995391962517,117.5675784376548,611.7217173193102,112.8919540036178,-271.25885444264975,40.074643814176156,124.6094835238281
2019,M2_HI_sensitivity,False,FINBIN_county,False,1.15,1.15,146321.72999999998,125321.04,43003.08,43003.08,82317.95999999999,-57.07277250358732,-60.49124086294158,-20635737.809716385,-21871749.548413884,577.1522274964125,35.91622749641261,167.99928840192615,10.544923012128107,-338.654530760765,-44.91504608037474,34.842578437654886,611.7217173193102,38.06748950626396,-358.93880550989996,-47.60530725307401,36.92953245657793
2019,M2_HI_sensitivity,False,FINBIN_state,False,0.85,0.85,352962.18,352180.98,88240.59,88240.59,263940.39,-133.201919531495,-141.18026940568495,-116177187.89770782,-123135813.23664866,421.72908046850455,-45.94091953149497,203.4795292474941,12.771934874661614,-189.62386568405296,-127.41491779550272,-69.72945492975754,446.9892431443327,-48.69262709587139,-200.98170159396312,-135.04664560347408,-73.90601627303927
2019,M2_HI_sensitivity,False,FINBIN_state,False,0.85,1.0,352962.18,352962.18,88240.59,88240.59,264721.59,-231.13091953149487,-244.97488926745277,-201589739.56100836,-213664291.33114457,421.72908046850455,-128.470919531495,239.3876814676401,15.025805734896018,-287.5528656840529,-225.3439177955027,-167.6584549297575,446.9892431443327,-136.16589831473107,-304.77632145573097,-238.84126546524197,-177.70063613480716
2019,M2_HI_sensitivity,False,FINBIN_state,False,0.85,1.15,352962.18,352962.18,88240.59,88240.59,264721.59,-329.0599195314948,-348.7695091292206,-287002291.22430897,-304192769.4256406,421.72908046850455,-211.0009195314948,275.2958336877861,17.279676595130418,-385.4818656840529,-323.2729177955027,-265.5874549297575,446.9892431443327,-223.6391695335905,-408.57094131749886,-342.6358853270099,-281.49525599657505
2019,M2_HI_sensitivity,False,FINBIN_state,False,1.0,0.85,352962.18,322990.02,88240.59,88240.59,234749.43,-58.77914062528818,-62.29981473315551,-51266492.92223795,-54337184.5368553,496.1518593747117,28.48185937471183,172.95759986036998,10.856144643462372,-125.1579008047682,-51.97090328882675,15.894347141461708,525.8696978168625,30.18782757665804,-132.65444083701223,-55.08378673055454,16.846365422898174
2019,M2_HI_sensitivity,False,FINBIN_state,False,1.0,1.0,352962.18,352180.98,88240.59,88240.59,263940.39,-156.70814062528817,-166.0944345949234,-136679044.58553857,-144865662.63135132,496.1518593747117,-54.04814062528818,203.4795292474941,12.771934874661614,-223.08690080476816,-149.89990328882672,-82.03465285853827,525.8696978168625,-57.28544364220161,-236.4490606987801,-158.87840659232242,-86.94825443886971
2019,M2_HI_sensitivity,False,FINBIN_state,False,1.0,1.15,352962.18,352962.18,88240.59,88240.59,264721.59,-254.63714062528817,-269.8890544566913,-222091596.2488392,-235394140.7258473,496.1518593747117,-136.57814062528817,234.00145863461825,14.687725105860856,-321.01590080476814,-247.8289032888267,-179.96365285853824,525.8696978168625,-144.75871486106124,-340.243680560548,-262.6730264540903,-190.7428743006376
2019,M2_HI_sensitivity,False,FINBIN_state,False,1.15,0.85,352962.18,82091.87999999999,88240.59,82091.87999999999,6148.71,15.64363828091855,16.580639939373846,13644202.053231863,14461444.162937991,570.5746382809185,102.9046382809186,150.39791292206084,9.4401257769238,-60.69193592548349,23.47311121784918,101.5181492126809,604.750152489392,109.06828224918743,-64.32718008006141,24.879072142364933,107.59874711883556
2019,M2_HI_sensitivity,False,FINBIN_state,False,1.15,1.0,352962.18,333380.61,88240.59,88240.59,245140.02,-82.28536171908146,-87.21397992239407,-71768349.61006878,-76067033.93155806,570.5746382809185,20.374638280918514,176.93872108477746,11.106030325792709,-158.62093592548348,-74.4558887821508,3.5891492126809226,604.750152489392,21.595011030327704,-168.12179994182932,-78.91554771940295,3.804127257067671
2019,M2_HI_sensitivity,False,FINBIN_state,False,1.15,1.15,352962.18,352180.98,88240.59,88240.59,263940.39,-180.2143617190815,-191.008599784162,-157180901.27336943,-166595512.0260541,570.5746382809185,-62.155361719081405,203.4795292474941,12.771934874661614,-256.54993592548345,-172.38488878215077,-94.33985078731904,604.750152489392,-65.87826018853185,-271.9164198035972,-182.71016758117082,-99.9904926047002
2021,M1_fixed,True,UNL,True,0.85,0.85,175770.99,2.16,43942.77,2.16,43940.61,445.2718083601328,445.2718083601328,193399168.1576264,193399168.1576264,931.6248083601346,637.7883083601333,96.00335570469798,6.025906445448868,348.6397809813585,442.9681747766614,554.4215471570618,931.6248083601346,637.7883083601333,348.6397809813585,442.9681747766614,554.4215471570618
2021,M1_fixed,True,UNL,True,0.85,1.0,175770.99,7.38,43942.77,7.38,43935.39,359.4448083601333,359.4448083601333,156121105.42422417,156121105.42422417,931.6248083601346,585.9348083601337,112.94512435846822,7.089301700528081,262.8127809813585,357.1411747766614,468.5945471570618,931.6248083601346,585.9348083601337,262.8127809813585,357.1411747766614,468.5945471570618
2021,M1_fixed,True,UNL,True,0.85,1.15,175770.99,24.03,43942.77,24.03,43918.74,273.61780836013327,273.61780836013327,118843042.69082163,118843042.69082163,931.6248083601346,534.081308360133,129.88689301223846,8.152696955607293,176.98578098135852,271.3141747766614,382.7675471570618,931.6248083601346,534.081308360133,176.98578098135852,271.3141747766614,382.7675471570618
2021,M1_fixed,True,UNL,True,1.0,0.85,175770.99,0.4499999999999999,43942.77,0.4499999999999999,43942.32,609.6761863060391,609.6761863060391,264806495.860022,264806495.860022,1096.0291863060384,802.1926863060386,81.60285234899328,5.122020478631538,495.991448213363,606.9660291490135,738.0876437141904,1096.0291863060384,802.1926863060386,495.991448213363,606.9660291490135,738.0876437141904
2021,M1_fixed,True,UNL,True,1.0,1.0,175770.99,2.16,43942.77,2.16,43940.61,523.8491863060385,523.8491863060385,227528433.1266193,227528433.1266193,1096.0291863060384,750.3391863060382,96.00335570469798,6.025906445448868,410.164448213363,521.1390291490135,652.2606437141905,1096.0291863060384,750.3391863060382,410.164448213363,521.1390291490135,652.2606437141905
2021,M1_fixed,True,UNL,True,1.0,1.15,175770.99,6.48,43942.77,6.48,43936.29,438.02218630603926,438.02218630603926,190250370.39321712,190250370.39321712,1096.0291863060384,698.4856863060388,110.40385906040268,6.929792412266198,324.337448213363,435.3120291490135,566.4336437141905,1096.0291863060384,698.4856863060388,324.337448213363,435.3120291490135,566.4336437141905
2021,M1_fixed,True,UNL,True,1.15,0.85,175770.99,0.09,43942.77,0.09,43942.68,774.0805642519449,774.0805642519449,336213823.56241745,336213823.56241745,1260.4335642519452,966.597064251945,70.95900204260286,4.453930850983946,643.3431154453674,770.9638835213653,921.7537402713187,1260.4335642519452,966.597064251945,643.3431154453674,770.9638835213653,921.7537402713187
2021,M1_fixed,True,UNL,True,1.15,1.0,175770.99,0.8999999999999999,43942.77,0.8999999999999999,43941.87,688.2535642519451,688.2535642519451,298935760.8290151,298935760.8290151,1260.4335642519452,914.743564251945,83.48117887365042,5.239918648216407,557.5161154453674,685.1368835213653,835.9267402713189,1260.4335642519452,914.743564251945,557.5161154453674,685.1368835213653,835.9267402713189
2021,M1_fixed,True,UNL,True,1.15,1.15,175770.99,2.16,43942.77,2.16,43940.61,602.4265642519451,602.4265642519451,261657698.0956126,261657698.0956126,1260.4335642519452,862.8900642519445,96.003355704698,6.025906445448869,471.6891154453674,599.3098835213654,750.0997402713189,1260.4335642519452,862.8900642519445,471.6891154453674,599.3098835213654,750.0997402713189
2021,M1_fixed,True,ERS_Heartland,True,0.85,0.85,175770.99,30.6,43942.77,30.6,43912.17,265.5733083601331,265.5733083601331,115348997.97693367,115348997.97693367,931.6248083601346,,131.47483221476512,8.252368191109928,168.94128098135843,263.2696747766613,374.7230471570617,931.6248083601346,,168.94128098135843,263.2696747766613,374.7230471570617
2021,M1_fixed,True,ERS_Heartland,True,0.85,1.0,175770.99,1882.98,43942.77,1882.98,42059.79,148.0348083601332,148.0348083601332,64297375.79987954,64297375.79987954,931.6248083601346,,154.6762731938413,9.708668460129328,51.40278098135843,145.7311747766613,257.18454715706173,931.6248083601346,,51.40278098135843,145.7311747766613,257.18454715706173
2021,M1_fixed,True,ERS_Heartland,True,0.85,1.15,175770.99,50068.53,43942.77,43942.77,6125.76,30.49630836013326,30.49630836013326,13245753.622825388,13245753.622825388,931.6248083601346,,177.87771417291748,11.164968729148724,-66.13571901864145,28.19267477666142,139.64604715706184,931.6248083601346,,-66.13571901864145,28.19267477666142,139.64604715706184
2021,M1_fixed,True,ERS_Heartland,True,1.0,0.85,175770.99,7.109999999999999,43942.77,7.109999999999999,43935.66,429.9776863060394,429.9776863060394,186756325.6793293,186756325.6793293,1096.0291863060384,,111.75360738255034,7.01451296244344,316.29294821336293,427.2675291490134,558.3891437141904,1096.0291863060384,,316.29294821336293,427.2675291490134,558.3891437141904
2021,M1_fixed,True,ERS_Heartland,True,1.0,1.0,175770.99,30.6,43942.77,30.6,43912.17,312.439186306039,312.439186306039,135704703.50227493,135704703.50227493,1096.0291863060384,,131.47483221476512,8.252368191109928,198.7544482133629,309.7290291490134,440.8506437141904,1096.0291863060384,,198.7544482133629,309.7290291490134,440.8506437141904
2021,M1_fixed,True,ERS_Heartland,True,1.0,1.15,175770.99,1048.68,43942.77,1048.68,42894.09,194.9006863060392,194.9006863060392,84653081.32522084,84653081.32522084,1096.0291863060384,,151.19605704697986,9.490223419776417,81.21594821336305,192.1905291490135,323.3121437141905,1096.0291863060384,,81.21594821336305,192.1905291490135,323.3121437141905
2021,M1_fixed,True,ERS_Heartland,True,1.15,0.85,175770.99,2.43,43942.77,2.43,43940.34,594.3820642519446,594.3820642519446,258163653.3817244,258163653.3817244,1260.4335642519452,,97.17704989786988,6.099576489081253,463.6446154453673,591.2653835213653,742.0552402713188,1260.4335642519452,,463.6446154453673,591.2653835213653,742.0552402713188
2021,M1_fixed,True,ERS_Heartland,True,1.15,1.0,175770.99,8.01,43942.77,8.01,43934.76,476.8435642519449,476.8435642519449,207112031.2046704,207112031.2046704,1260.4335642519452,,114.3259410563175,7.175972340095592,346.1061154453673,473.72688352136527,624.5167402713188,1260.4335642519452,,346.1061154453673,473.72688352136527,624.5167402713188
2021,M1_fixed,True,ERS_Heartland,True,1.15,1.15,175770.99,30.6,43942.77,30.6,43912.17,359.3050642519449,359.3050642519449,156060409.0276162,156060409.0276162,1260.4335642519452,,131.47483221476512,8.252368191109928,228.56761544536744,356.1883835213654,506.9782402713189,1260.4335642519452,,228.56761544536744,356.1883835213654,506.9782402713189
2021,M1_fixed,True,FINBIN_state,False,0.85,0.85,175770.99,34.29,43942.77,34.29,43908.48,237.4506509526728,237.4506509526728,103134214.90091692,103134214.90091692,846.1016509526728,324.5416509526726,132.28836743229843,8.303431896903849,149.68944368726972,235.35849093216385,336.58044372804346,846.1016509526728,324.5416509526726,149.68944368726972,235.35849093216385,336.58044372804346
2021,M1_fixed,True,FINBIN_state,False,0.85,1.0,175770.99,2186.55,43942.77,2186.55,41756.22,130.04165095267288,130.04165095267288,56482235.452351466,56482235.452351466,846.1016509526728,232.50165095267292,155.63337344976284,9.768743408122171,42.28044368726973,127.94949093216384,229.17144372804347,846.1016509526728,232.50165095267292,42.28044368726973,127.94949093216384,229.17144372804347
2021,M1_fixed,True,FINBIN_state,False,0.85,1.15,175770.99,56735.55,43942.77,43942.77,12792.78,22.63265095267301,22.63265095267301,9830256.00378606,9830256.00378606,846.1016509526728,140.46165095267295,178.97837946722726,11.2340549193405,-65.12855631273015,20.540490932163948,121.7624437280436,846.1016509526728,140.46165095267295,-65.12855631273015,20.540490932163948,121.7624437280436
2021,M1_fixed,True,FINBIN_state,False,1.0,0.85,175770.99,7.38,43942.77,7.38,43935.39,386.7627070031443,386.7627070031443,167986349.92023236,167986349.92023236,995.413707003144,473.85370700314417,112.44511231745366,7.057917112368271,283.5142278673762,384.301342273134,503.3859926212276,995.413707003144,473.85370700314417,283.5142278673762,384.301342273134,503.3859926212276
2021,M1_fixed,True,FINBIN_state,False,1.0,1.0,175770.99,34.29,43942.77,34.29,43908.48,279.35370700314473,279.35370700314473,121334370.47166708,121334370.47166708,995.413707003144,381.8137070031448,132.28836743229843,8.303431896903849,176.1052278673762,276.892342273134,395.9769926212276,995.413707003144,381.8137070031448,176.1052278673762,276.892342273134,395.9769926212276
2021,M1_fixed,True,FINBIN_state,False,1.0,1.15,175770.99,1234.89,43942.77,1234.89,42707.88,171.94470700314469,171.94470700314469,74682391.02310157,74682391.02310157,995.413707003144,289.7737070031445,152.13162254714317,9.548946681439425,68.69622786737631,169.4833422731341,288.56799262122775,995.413707003144,289.7737070031445,68.69622786737631,169.4833422731341,288.56799262122775
2021,M1_fixed,True,FINBIN_state,False,1.15,0.85,175770.99,2.7,43942.77,2.7,43940.07,536.0747630536163,536.0747630536163,232838484.939548,232838484.939548,1144.7257630536158,623.1657630536168,97.77835853691624,6.137319228146323,417.3390120474826,533.2441936141039,670.1915415144117,1144.7257630536158,623.1657630536168,417.3390120474826,533.2441936141039,670.1915415144117
2021,M1_fixed,True,FINBIN_state,False,1.15,1.0,175770.99,8.1,43942.77,8.1,43934.67,428.66576305361633,428.66576305361633,186186505.49098253,186186505.49098253,1144.7257630536158,531.1257630536161,115.03336298460736,7.220375562525087,309.9300120474826,425.8351936141039,562.7825415144117,1144.7257630536158,531.1257630536161,309.9300120474826,425.8351936141039,562.7825415144117
2021,M1_fixed,True,FINBIN_state,False,1.15,1.15,175770.99,34.29,43942.77,34.29,43908.48,321.25676305361645,321.25676305361645,139534526.04241714,139534526.04241714,1144.7257630536158,439.0857630536165,132.28836743229843,8.303431896903849,202.5210120474827,318.426193614104,455.37354151441184,1144.7257630536158,439.0857630536165,202.5210120474827,318.426193614104,455.37354151441184
2021,M2_HI_sensitivity,True,UNL,True,0.85,0.85,175770.99,2.16,43942.77,2.16,43940.61,445.2718083601328,445.2718083601328,193399168.1576264,193399168.1576264,931.6248083601346,637.7883083601333,96.00335570469798,6.025906445448868,348.6397809813585,442.9681747766614,554.4215471570618,931.6248083601346,637.7883083601333,348.6397809813585,442.9681747766614,554.4215471570618
2021,M2_HI_sensitivity,True,UNL,True,0.85,1.0,175770.99,7.38,43942.77,7.38,43935.39,359.4448083601333,359.4448083601333,156121105.42422417,156121105.42422417,931.6248083601346,585.9348083601337,112.94512435846822,7.089301700528081,262.8127809813585,357.1411747766614,468.5945471570618,931.6248083601346,585.9348083601337,262.8127809813585,357.1411747766614,468.5945471570618
2021,M2_HI_sensitivity,True,UNL,True,0.85,1.15,175770.99,24.03,43942.77,24.03,43918.74,273.61780836013327,273.61780836013327,118843042.69082163,118843042.69082163,931.6248083601346,534.081308360133,129.88689301223846,8.152696955607293,176.98578098135852,271.3141747766614,382.7675471570618,931.6248083601346,534.081308360133,176.98578098135852,271.3141747766614,382.7675471570618
2021,M2_HI_sensitivity,True,UNL,True,1.0,0.85,175770.99,0.4499999999999999,43942.77,0.4499999999999999,43942.32,609.6761863060391,609.6761863060391,264806495.860022,264806495.860022,1096.0291863060384,802.1926863060386,81.60285234899328,5.122020478631538,495.991448213363,606.9660291490135,738.0876437141904,1096.0291863060384,802.1926863060386,495.991448213363,606.9660291490135,738.0876437141904
2021,M2_HI_sensitivity,True,UNL,True,1.0,1.0,175770.99,2.16,43942.77,2.16,43940.61,523.8491863060385,523.8491863060385,227528433.1266193,227528433.1266193,1096.0291863060384,750.3391863060382,96.00335570469798,6.025906445448868,410.164448213363,521.1390291490135,652.2606437141905,1096.0291863060384,750.3391863060382,410.164448213363,521.1390291490135,652.2606437141905
2021,M2_HI_sensitivity,True,UNL,True,1.0,1.15,175770.99,6.48,43942.77,6.48,43936.29,438.02218630603926,438.02218630603926,190250370.39321712,190250370.39321712,1096.0291863060384,698.4856863060388,110.40385906040268,6.929792412266198,324.337448213363,435.3120291490135,566.4336437141905,1096.0291863060384,698.4856863060388,324.337448213363,435.3120291490135,566.4336437141905
2021,M2_HI_sensitivity,True,UNL,True,1.15,0.85,175770.99,0.09,43942.77,0.09,43942.68,774.0805642519449,774.0805642519449,336213823.56241745,336213823.56241745,1260.4335642519452,966.597064251945,70.95900204260286,4.453930850983946,643.3431154453674,770.9638835213653,921.7537402713187,1260.4335642519452,966.597064251945,643.3431154453674,770.9638835213653,921.7537402713187
2021,M2_HI_sensitivity,True,UNL,True,1.15,1.0,175770.99,0.8999999999999999,43942.77,0.8999999999999999,43941.87,688.2535642519451,688.2535642519451,298935760.8290151,298935760.8290151,1260.4335642519452,914.743564251945,83.48117887365042,5.239918648216407,557.5161154453674,685.1368835213653,835.9267402713189,1260.4335642519452,914.743564251945,557.5161154453674,685.1368835213653,835.9267402713189
2021,M2_HI_sensitivity,True,UNL,True,1.15,1.15,175770.99,2.16,43942.77,2.16,43940.61,602.4265642519451,602.4265642519451,261657698.0956126,261657698.0956126,1260.4335642519452,862.8900642519445,96.003355704698,6.025906445448869,471.6891154453674,599.3098835213654,750.0997402713189,1260.4335642519452,862.8900642519445,471.6891154453674,599.3098835213654,750.0997402713189
2021,M2_HI_sensitivity,True,ERS_Heartland,True,0.85,0.85,175770.99,30.6,43942.77,30.6,43912.17,265.5733083601331,265.5733083601331,115348997.97693367,115348997.97693367,931.6248083601346,,131.47483221476512,8.252368191109928,168.94128098135843,263.2696747766613,374.7230471570617,931.6248083601346,,168.94128098135843,263.2696747766613,374.7230471570617
2021,M2_HI_sensitivity,True,ERS_Heartland,True,0.85,1.0,175770.99,1882.98,43942.77,1882.98,42059.79,148.0348083601332,148.0348083601332,64297375.79987954,64297375.79987954,931.6248083601346,,154.6762731938413,9.708668460129328,51.40278098135843,145.7311747766613,257.18454715706173,931.6248083601346,,51.40278098135843,145.7311747766613,257.18454715706173
2021,M2_HI_sensitivity,True,ERS_Heartland,True,0.85,1.15,175770.99,50068.53,43942.77,43942.77,6125.76,30.49630836013326,30.49630836013326,13245753.622825388,13245753.622825388,931.6248083601346,,177.87771417291748,11.164968729148724,-66.13571901864145,28.19267477666142,139.64604715706184,931.6248083601346,,-66.13571901864145,28.19267477666142,139.64604715706184
2021,M2_HI_sensitivity,True,ERS_Heartland,True,1.0,0.85,175770.99,7.109999999999999,43942.77,7.109999999999999,43935.66,429.9776863060394,429.9776863060394,186756325.6793293,186756325.6793293,1096.0291863060384,,111.75360738255034,7.01451296244344,316.29294821336293,427.2675291490134,558.3891437141904,1096.0291863060384,,316.29294821336293,427.2675291490134,558.3891437141904
2021,M2_HI_sensitivity,True,ERS_Heartland,True,1.0,1.0,175770.99,30.6,43942.77,30.6,43912.17,312.439186306039,312.439186306039,135704703.50227493,135704703.50227493,1096.0291863060384,,131.47483221476512,8.252368191109928,198.7544482133629,309.7290291490134,440.8506437141904,1096.0291863060384,,198.7544482133629,309.7290291490134,440.8506437141904
2021,M2_HI_sensitivity,True,ERS_Heartland,True,1.0,1.15,175770.99,1048.68,43942.77,1048.68,42894.09,194.9006863060392,194.9006863060392,84653081.32522084,84653081.32522084,1096.0291863060384,,151.19605704697986,9.490223419776417,81.21594821336305,192.1905291490135,323.3121437141905,1096.0291863060384,,81.21594821336305,192.1905291490135,323.3121437141905
2021,M2_HI_sensitivity,True,ERS_Heartland,True,1.15,0.85,175770.99,2.43,43942.77,2.43,43940.34,594.3820642519446,594.3820642519446,258163653.3817244,258163653.3817244,1260.4335642519452,,97.17704989786988,6.099576489081253,463.6446154453673,591.2653835213653,742.0552402713188,1260.4335642519452,,463.6446154453673,591.2653835213653,742.0552402713188
2021,M2_HI_sensitivity,True,ERS_Heartland,True,1.15,1.0,175770.99,8.01,43942.77,8.01,43934.76,476.8435642519449,476.8435642519449,207112031.2046704,207112031.2046704,1260.4335642519452,,114.3259410563175,7.175972340095592,346.1061154453673,473.72688352136527,624.5167402713188,1260.4335642519452,,346.1061154453673,473.72688352136527,624.5167402713188
2021,M2_HI_sensitivity,True,ERS_Heartland,True,1.15,1.15,175770.99,30.6,43942.77,30.6,43912.17,359.3050642519449,359.3050642519449,156060409.0276162,156060409.0276162,1260.4335642519452,,131.47483221476512,8.252368191109928,228.56761544536744,356.1883835213654,506.9782402713189,1260.4335642519452,,228.56761544536744,356.1883835213654,506.9782402713189
2021,M2_HI_sensitivity,True,FINBIN_state,False,0.85,0.85,175770.99,34.29,43942.77,34.29,43908.48,237.4506509526728,237.4506509526728,103134214.90091692,103134214.90091692,846.1016509526728,324.5416509526726,132.28836743229843,8.303431896903849,149.68944368726972,235.35849093216385,336.58044372804346,846.1016509526728,324.5416509526726,149.68944368726972,235.35849093216385,336.58044372804346
2021,M2_HI_sensitivity,True,FINBIN_state,False,0.85,1.0,175770.99,2186.55,43942.77,2186.55,41756.22,130.04165095267288,130.04165095267288,56482235.452351466,56482235.452351466,846.1016509526728,232.50165095267292,155.63337344976284,9.768743408122171,42.28044368726973,127.94949093216384,229.17144372804347,846.1016509526728,232.50165095267292,42.28044368726973,127.94949093216384,229.17144372804347
2021,M2_HI_sensitivity,True,FINBIN_state,False,0.85,1.15,175770.99,56735.55,43942.77,43942.77,12792.78,22.63265095267301,22.63265095267301,9830256.00378606,9830256.00378606,846.1016509526728,140.46165095267295,178.97837946722726,11.2340549193405,-65.12855631273015,20.540490932163948,121.7624437280436,846.1016509526728,140.46165095267295,-65.12855631273015,20.540490932163948,121.7624437280436
2021,M2_HI_sensitivity,True,FINBIN_state,False,1.0,0.85,175770.99,7.38,43942.77,7.38,43935.39,386.7627070031443,386.7627070031443,167986349.92023236,167986349.92023236,995.413707003144,473.85370700314417,112.44511231745366,7.057917112368271,283.5142278673762,384.301342273134,503.3859926212276,995.413707003144,473.85370700314417,283.5142278673762,384.301342273134,503.3859926212276
2021,M2_HI_sensitivity,True,FINBIN_state,False,1.0,1.0,175770.99,34.29,43942.77,34.29,43908.48,279.35370700314473,279.35370700314473,121334370.47166708,121334370.47166708,995.413707003144,381.8137070031448,132.28836743229843,8.303431896903849,176.1052278673762,276.892342273134,395.9769926212276,995.413707003144,381.8137070031448,176.1052278673762,276.892342273134,395.9769926212276
2021,M2_HI_sensitivity,True,FINBIN_state,False,1.0,1.15,175770.99,1234.89,43942.77,1234.89,42707.88,171.94470700314469,171.94470700314469,74682391.02310157,74682391.02310157,995.413707003144,289.7737070031445,152.13162254714317,9.548946681439425,68.69622786737631,169.4833422731341,288.56799262122775,995.413707003144,289.7737070031445,68.69622786737631,169.4833422731341,288.56799262122775
2021,M2_HI_sensitivity,True,FINBIN_state,False,1.15,0.85,175770.99,2.7,43942.77,2.7,43940.07,536.0747630536163,536.0747630536163,232838484.939548,232838484.939548,1144.7257630536158,623.1657630536168,97.77835853691624,6.137319228146323,417.3390120474826,533.2441936141039,670.1915415144117,1144.7257630536158,623.1657630536168,417.3390120474826,533.2441936141039,670.1915415144117
2021,M2_HI_sensitivity,True,FINBIN_state,False,1.15,1.0,175770.99,8.1,43942.77,8.1,43934.67,428.66576305361633,428.66576305361633,186186505.49098253,186186505.49098253,1144.7257630536158,531.1257630536161,115.03336298460736,7.220375562525087,309.9300120474826,425.8351936141039,562.7825415144117,1144.7257630536158,531.1257630536161,309.9300120474826,425.8351936141039,562.7825415144117
2021,M2_HI_sensitivity,True,FINBIN_state,False,1.15,1.15,175770.99,34.29,43942.77,34.29,43908.48,321.25676305361645,321.25676305361645,139534526.04241714,139534526.04241714,1144.7257630536158,439.0857630536165,132.28836743229843,8.303431896903849,202.5210120474827,318.426193614104,455.37354151441184,1144.7257630536158,439.0857630536165,202.5210120474827,318.426193614104,455.37354151441184
2001,M1_fixed,False,UNL,True,0.85,0.85,317267.64,68255.37,79316.91,68255.37,11061.539999999999,6.237736129192789,9.543982828500114,4890294.129778047,7482343.310818507,203.4122361291927,,119.5721649484536,7.505265562544312,-98.7629814639211,14.836431473016688,43.68003453656831,311.22876128699806,,-151.11126531495597,22.70032657393186,66.83217932452804
2001,M1_fixed,False,UNL,True,0.85,1.0,317267.64,283936.86,79316.91,79316.91,204619.94999999998,-28.557763870807257,-43.6945074877055,-22388870.276734337,-34255856.4589876,203.4122361291927,,140.67313523347482,8.829724191228602,-133.5584814639211,-19.959068526983316,8.884534536568303,311.22876128699806,,-204.34975563116154,-30.53816374227369,13.593689008322492
2001,M1_fixed,False,UNL,True,0.85,1.15,317267.64,315858.06,79316.91,79316.91,236541.15,-63.35326387080722,-96.93299780391098,-49668034.68324666,-75994056.22879362,203.4122361291927,,161.77410551849604,10.154182819912892,-168.35398146392106,-54.75456852698329,-25.910965463431673,311.22876128699806,,-257.588245947367,-83.7766540584792,-39.644801307883014
2001,M1_fixed,False,UNL,True,1.0,0.85,317267.64,30840.75,79316.91,30840.75,48476.159999999996,42.13401309316798,64.46670540855861,33032451.61801593,50540956.60606312,239.30851309316782,,101.63634020618557,6.3794757281626655,-81.39624289873069,52.25012526237256,86.18377592537449,366.1514838670564,,-124.5394688778603,79.94475687377242,131.86458363917973
2001,M1_fixed,False,UNL,True,1.0,1.0,317267.64,68255.37,79316.91,68255.37,11061.539999999999,7.338513093167979,11.228215092353064,5753287.211503578,8802756.836257057,239.30851309316782,,119.5721649484536,7.505265562544312,-116.1917428987307,17.45462526237256,51.38827592537449,366.1514838670564,,-177.77795919406586,26.706266557566874,78.62609332297419
2001,M1_fixed,False,UNL,True,1.0,1.15,317267.64,265035.6,79316.91,79316.91,185718.69,-27.456986906831993,-42.01027522385244,-21525877.19500875,-32935442.93354897,239.30851309316782,,137.50798969072164,8.631055396925959,-150.98724289873067,-17.340874737627416,16.59277592537451,366.1514838670564,,-231.01644951027134,-26.532223758638633,25.38760300676867
2001,M1_fixed,False,UNL,True,1.15,0.85,317267.64,27381.239999999998,79316.91,27381.239999999998,51935.67,78.03029005714313,119.38942798861704,61174609.10625378,93599569.90130767,275.20479005714316,,88.37942626624832,5.547370198402318,-64.0295043335403,89.66381905172844,128.68751731418064,421.07420644711516,,-97.96767244076464,137.189187173613,196.89698795383137
2001,M1_fixed,False,UNL,True,1.15,1.0,317267.64,32118.75,79316.91,32118.75,47198.159999999996,43.23479005714315,66.15093767241153,33895444.699741445,51861370.131501645,275.20479005714316,,103.97579560735097,6.526317880473316,-98.8250043335403,54.868319051728434,93.89201731418063,421.07420644711516,,-151.2061627569702,83.95069685740744,143.6584976376258
2001,M1_fixed,False,UNL,True,1.15,1.15,317267.64,68255.37,79316.91,68255.37,11061.539999999999,8.439290057143175,12.912447356206023,6616280.293229115,10123170.361695616,275.20479005714316,,119.5721649484536,7.505265562544312,-133.62050433354028,20.07281905172846,59.09651731418066,421.07420644711516,,-204.44465307317572,30.71220654120193,90.4200073214203
2001,M1_fixed,False,ERS_Heartland,True,0.85,0.85,317267.64,317243.61,79316.91,79316.91,237926.69999999998,-89.77826387080717,-137.36429227031408,-70384849.1978272,-107691601.28252536,203.4122361291927,,177.79896907216494,11.16002608306423,-194.77898146392107,-81.1795685269833,-52.335965463431684,311.22876128699806,,-298.0195404137702,-124.20794852488238,-80.0760957742862
2001,M1_fixed,False,ERS_Heartland,True,0.85,1.0,317267.64,317267.64,79316.91,79316.91,237950.72999999998,-141.5177638708073,-216.52777230983997,-110947862.42685825,-169754614.80409816,203.4122361291927,,209.17525773195877,13.1294424506638,-246.5184814639211,-132.91906852698332,-104.0754654634317,311.22876128699806,,-377.1830204532959,-203.37142856440812,-159.23957581381194
2001,M1_fixed,False,ERS_Heartland,True,0.85,1.15,317267.64,317267.64,79316.91,79316.91,237950.72999999998,-193.25726387080718,-295.6912523493655,-151510875.65588906,-231817628.32567063,203.4122361291927,,240.55154639175257,15.09885881826337,-298.25798146392106,-184.6585685269833,-155.81496546343166,311.22876128699806,,-456.3465004928216,-282.5349086039338,-238.40305585333758
2001,M1_fixed,False,ERS_Heartland,True,1.0,0.85,317267.64,309509.73,79316.91,79316.91,230192.81999999998,-53.88198690683199,-82.4415696902556,-42242691.70958933,-64632987.98728076,239.30851309316782,,151.1291237113402,9.486022170604597,-177.41224289873068,-43.76587473762743,-9.8322240746255,366.1514838670564,,-271.44774397667453,-66.96351822504182,-15.043691459634514
2001,M1_fixed,False,ERS_Heartland,True,1.0,1.0,317267.64,317243.61,79316.91,79316.91,237926.69999999998,-105.621486906832,-161.60504972978134,-82805704.93862028,-126696001.50885344,239.30851309316782,,177.79896907216497,11.160026083064231,-229.1517428987307,-95.50537473762745,-61.57172407462552,366.1514838670564,,-350.61122401620025,-146.12699826456756,-94.20717149916025
2001,M1_fixed,False,ERS_Heartland,True,1.0,1.15,317267.64,317267.64,79316.91,79316.91,237950.72999999998,-157.36098690683198,-240.768529769307,-123368718.16765119,-188759015.03042603,239.30851309316782,,204.4688144329897,12.834029995523865,-280.89124289873064,-147.2448747376274,-113.31122407462549,366.1514838670564,,-429.77470405572586,-225.2904783040932,-173.3706515386859
2001,M1_fixed,False,ERS_Heartland,True,1.15,0.85,317267.64,199015.11,79316.91,79316.91,119698.2,-17.985709942856833,-27.518847110197157,-14100534.221351476,-21574374.692036197,275.20479005714316,,131.41662931420888,8.248714930960519,-160.0455043335403,-6.3521809482715526,32.67151731418065,421.07420644711516,,-244.87594753957887,-9.719087925201258,49.98871285501712
2001,M1_fixed,False,ERS_Heartland,True,1.15,1.0,317267.64,312620.76,79316.91,79316.91,233303.85,-69.7252099428569,-106.68232714972298,-54663547.45038246,-83637388.21360892,275.20479005714316,,154.60779919318693,9.704370507012376,-211.78500433354031,-58.09168094827157,-19.067982685819374,421.07420644711516,,-324.0394275791046,-88.882567964727,-29.17476718450862
2001,M1_fixed,False,ERS_Heartland,True,1.15,1.15,317267.64,317243.61,79316.91,79316.91,237926.69999999998,-121.46470994285671,-185.84580718924838,-95226560.67941324,-145700401.73518133,275.20479005714316,,177.79896907216494,11.16002608306423,-263.52450433354034,-109.83118094827154,-70.80748268581934,421.07420644711516,,-403.2029076186304,-168.04604800425264,-108.33824722403428
2001,M1_fixed,False,FINBIN_county,False,0.85,0.85,122084.09999999999,92747.61,34310.79,34310.79,58436.82,-17.458371134989136,-26.71199789072844,-5266778.222433452,-8058378.853375453,162.0276288650108,10.63412886501086,133.74952178021906,8.39514514315759,-101.98026182580617,-8.656824793458355,14.118157102973928,247.9086764175719,16.27063748476563,-156.03383143387182,-13.24528410097917,21.601338397475132
2001,M1_fixed,False,FINBIN_county,False,0.85,1.0,122084.09999999999,121344.12,34310.79,34310.79,87033.33,-49.13237113498914,-75.17446982748736,-14822075.914726496,-22678362.002334498,162.0276288650108,-16.082371134989124,157.3523785649636,9.876641344891283,-133.65426182580617,-40.33082479345836,-17.55584289702608,247.9086764175719,-24.606663503376645,-204.49630337063076,-61.70775603773808,-26.86113353928378
2001,M1_fixed,False,FINBIN_county,False,0.85,1.15,122084.09999999999,122083.37999999999,34310.79,34310.79,87772.59,-80.8063711349891,-123.6369417642462,-24377373.60701953,-37298345.15129352,162.0276288650108,-42.7988711349891,180.95523534970812,11.358137546624974,-165.32826182580615,-72.00482479345834,-49.22984289702605,247.9086764175719,-65.4839644915189,-252.95877530738963,-110.17022797449695,-75.32360547604264
2001,M1_fixed,False,FINBIN_county,False,1.0,0.85,122084.09999999999,19919.61,34310.79,19919.61,14391.18,11.134739841189257,17.036592065313684,3359088.0188419237,5139537.439105568,190.62073984118925,39.227239841189245,113.6870935131862,7.135873371683951,-88.30277861859548,21.489500242990175,48.28359659173404,291.6572663736141,60.01922744080775,-135.106741514855,32.879784759136356,73.87581122790613
2001,M1_fixed,False,FINBIN_county,False,1.0,1.0,122084.09999999999,92747.61,34310.79,34310.79,58436.82,-20.53926015881076,-31.425879871445243,-6196209.673451123,-9480445.709853478,190.62073984118925,12.510739841189267,133.74952178021906,8.39514514315759,-119.97677861859549,-10.184499757009831,16.609596591734032,291.6572663736141,19.14192645266548,-183.56921345161393,-15.582687177622555,25.413339291147214
2001,M1_fixed,False,FINBIN_county,False,1.0,1.15,122084.09999999999,120727.62,34310.79,34310.79,86416.83,-52.213260158810755,-79.88835180820413,-15751507.365744162,-24100428.858812515,190.62073984118925,-14.20576015881071,153.8119500472519,9.654416914631229,-151.65077861859547,-41.85849975700981,-15.064403408265944,291.6572663736141,-21.735374535476787,-232.03168538837278,-64.04515911438142,-23.049132645611653
2001,M1_fixed,False,FINBIN_county,False,1.15,0.85,122084.09999999999,15008.939999999999,34310.79,15008.939999999999,19301.85,39.7278508173676,60.78518202135574,11984954.260117287,18337453.73158657,219.21385081736747,67.82035081736764,98.8583421853793,6.205107279725175,-74.62529541138481,51.63582527943868,82.44903608049412,335.405856329656,103.76781739684988,-114.17965159583821,79.00485361925183,126.15028405833708
2001,M1_fixed,False,FINBIN_county,False,1.15,1.0,122084.09999999999,22939.649999999998,34310.79,22939.649999999998,11371.14,8.05385081736762,12.322710084596862,2429656.567824248,3717470.5826275363,219.21385081736747,41.103850817367636,116.30393198279918,7.300126211441383,-106.29929541138482,19.96182527943867,50.77503608049412,335.405856329656,62.89051640870757,-162.6421235325971,30.542381682492927,77.68781212157816
2001,M1_fixed,False,FINBIN_county,False,1.15,1.15,122084.09999999999,92747.61,34310.79,34310.79,58436.82,-23.620149182632357,-36.139761852162,-7125641.124468787,-10902512.566331493,219.21385081736747,14.387350817367656,133.74952178021906,8.39514514315759,-137.97329541138478,-11.712174720561308,19.10103608049414,335.405856329656,22.0132154205653,-211.10459546935596,-17.92009025426594,29.2253401848193
2001,M1_fixed,False,FINBIN_state,False,0.85,0.85,317267.64,309786.66,79316.91,79316.91,230469.75,-36.37507016632527,-55.65529510428662,-28517524.37429006,-43632939.46754026,160.0854298336747,0.021929833674716688,151.3839583961016,9.502017548663579,-119.0106349121059,-29.607896930735848,-6.907981319720747,244.93703513286755,0.03355351231416139,-182.09097539318657,-45.30125257663181,-10.569484461912655
2001,M1_fixed,False,FINBIN_state,False,0.85,1.0,317267.64,317245.86,79316.91,79316.91,237928.94999999998,-71.0445701663253,-108.70100044025506,-55697906.61887859,-85219998.62516959,160.0854298336747,-28.22457016632529,178.09877458364895,11.178844174898328,-153.6801349121059,-64.27739693073585,-41.57748131972075,244.93703513286755,-43.18470795013645,-235.13668072915496,-98.3469579126002,-63.615189797881044
2001,M1_fixed,False,FINBIN_state,False,0.85,1.15,317267.64,317267.64,79316.91,79316.91,237950.72999999998,-105.71407016632531,-161.74670577622345,-82878288.86346713,-126807057.78279893,160.0854298336747,-56.47107016632527,204.81359077119626,12.855670801133076,-188.34963491210587,-98.94689693073582,-76.24698131972072,244.93703513286755,-86.40296941258701,-288.1823860651233,-151.39266324856854,-116.6608951338494
2001,M1_fixed,False,FINBIN_state,False,1.0,0.85,317267.64,160143.3,79316.91,79316.91,80826.39,-8.12470019567679,-12.431112433780577,-6369646.431046835,-9745810.804182729,188.33579980432313,28.272299804323197,128.67636463668634,8.076714916364041,-105.34301166130105,-0.1633199185127978,26.542463153269736,288.1612178033735,43.2577361828202,-161.17897159719226,-0.24988593065732823,40.61101773371825
2001,M1_fixed,False,FINBIN_state,False,1.0,1.0,317267.64,309786.66,79316.91,79316.91,230469.75,-42.794200195676815,-65.476817769749,-33550028.67563538,-51332869.96181209,188.33579980432313,0.025799804323204917,151.3839583961016,9.502017548663579,-140.01251166130106,-34.8328199185128,-8.127036846730263,288.1612178033735,0.03947472036961512,-214.22467693316068,-53.29559126662571,-12.43468760225014
2001,M1_fixed,False,FINBIN_state,False,1.0,1.15,317267.64,317188.62,79316.91,79316.91,237871.71,-77.46370019567672,-118.52252310571726,-60730410.920223825,-92919929.11944129,188.33579980432313,-28.220700195676784,174.0915521555168,10.927320180963113,-174.68201166130103,-69.50231991851277,-42.796536846730234,288.1612178033735,-43.178786742080966,-267.270382269129,-106.34129660259406,-65.48039293821849
2001,M1_fixed,False,FINBIN_state,False,1.15,0.85,317267.64,41198.58,79316.91,41198.58,38118.33,20.12566977497166,30.793070236725416,15778231.512196356,24141317.859174747,216.58616977497155,56.522669774971675,111.89249098842292,7.023230362055688,-91.67538841049623,29.28125709371028,59.99290762626016,331.38540047387943,86.48191885332625,-140.266967801198,44.8014807153172,91.79151992934906
2001,M1_fixed,False,FINBIN_state,False,1.15,1.0,317267.64,202077.81,79316.91,79316.91,122760.9,-14.543830225028325,-22.252635099242948,-11402150.732392153,-17445741.298454557,216.58616977497155,28.276169774971656,131.63822469226224,8.262623955359633,-126.34488841049622,-5.388242906289719,25.323407626260163,331.38540047387943,43.263657390875615,-193.3126731371664,-8.244224620651188,38.74581459338068
2001,M1_fixed,False,FINBIN_state,False,1.15,1.15,317267.64,309786.66,79316.91,79316.91,230469.75,-49.21333022502833,-75.29834043521134,-38582532.97698068,-59032800.45608389,216.58616977497155,0.029669774971671125,151.38395839610158,9.502017548663577,-161.01438841049617,-40.05774290628969,-9.346092373739808,331.38540047387943,0.045395928425035155,-246.3583784731347,-61.28992995661953,-14.29989074258767
2001,M2_HI_sensitivity,False,UNL,True,0.85,0.85,317267.64,68255.37,79316.91,68255.37,11061.539999999999,6.237736129192789,9.543982828500114,4890294.129778047,7482343.310818507,203.4122361291927,,119.5721649484536,7.505265562544312,-98.7629814639211,14.836431473016688,43.68003453656831,311.22876128699806,,-151.11126531495597,22.70032657393186,66.83217932452804
2001,M2_HI_sensitivity,False,UNL,True,0.85,1.0,317267.64,283936.86,79316.91,79316.91,204619.94999999998,-28.557763870807257,-43.6945074877055,-22388870.276734337,-34255856.4589876,203.4122361291927,,140.67313523347482,8.829724191228602,-133.5584814639211,-19.959068526983316,8.884534536568303,311.22876128699806,,-204.34975563116154,-30.53816374227369,13.593689008322492
2001,M2_HI_sensitivity,False,UNL,True,0.85,1.15,317267.64,315858.06,79316.91,79316.91,236541.15,-63.35326387080722,-96.93299780391098,-49668034.68324666,-75994056.22879362,203.4122361291927,,161.77410551849604,10.154182819912892,-168.35398146392106,-54.75456852698329,-25.910965463431673,311.22876128699806,,-257.588245947367,-83.7766540584792,-39.644801307883014
2001,M2_HI_sensitivity,False,UNL,True,1.0,0.85,317267.64,30840.75,79316.91,30840.75,48476.159999999996,42.13401309316798,64.46670540855861,33032451.61801593,50540956.60606312,239.30851309316782,,101.63634020618557,6.3794757281626655,-81.39624289873069,52.25012526237256,86.18377592537449,366.1514838670564,,-124.5394688778603,79.94475687377242,131.86458363917973
2001,M2_HI_sensitivity,False,UNL,True,1.0,1.0,317267.64,68255.37,79316.91,68255.37,11061.539999999999,7.338513093167979,11.228215092353064,5753287.211503578,8802756.836257057,239.30851309316782,,119.5721649484536,7.505265562544312,-116.1917428987307,17.45462526237256,51.38827592537449,366.1514838670564,,-177.77795919406586,26.706266557566874,78.62609332297419
2001,M2_HI_sensitivity,False,UNL,True,1.0,1.15,317267.64,265035.6,79316.91,79316.91,185718.69,-27.456986906831993,-42.01027522385244,-21525877.19500875,-32935442.93354897,239.30851309316782,,137.50798969072164,8.631055396925959,-150.98724289873067,-17.340874737627416,16.59277592537451,366.1514838670564,,-231.01644951027134,-26.532223758638633,25.38760300676867
2001,M2_HI_sensitivity,False,UNL,True,1.15,0.85,317267.64,27381.239999999998,79316.91,27381.239999999998,51935.67,78.03029005714313,119.38942798861704,61174609.10625378,93599569.90130767,275.20479005714316,,88.37942626624832,5.547370198402318,-64.0295043335403,89.66381905172844,128.68751731418064,421.07420644711516,,-97.96767244076464,137.189187173613,196.89698795383137
2001,M2_HI_sensitivity,False,UNL,True,1.15,1.0,317267.64,32118.75,79316.91,32118.75,47198.159999999996,43.23479005714315,66.15093767241153,33895444.699741445,51861370.131501645,275.20479005714316,,103.97579560735097,6.526317880473316,-98.8250043335403,54.868319051728434,93.89201731418063,421.07420644711516,,-151.2061627569702,83.95069685740744,143.6584976376258
2001,M2_HI_sensitivity,False,UNL,True,1.15,1.15,317267.64,68255.37,79316.91,68255.37,11061.539999999999,8.439290057143175,12.912447356206023,6616280.293229115,10123170.361695616,275.20479005714316,,119.5721649484536,7.505265562544312,-133.62050433354028,20.07281905172846,59.09651731418066,421.07420644711516,,-204.44465307317572,30.71220654120193,90.4200073214203
2001,M2_HI_sensitivity,False,ERS_Heartland,True,0.85,0.85,317267.64,317243.61,79316.91,79316.91,237926.69999999998,-89.77826387080717,-137.36429227031408,-70384849.1978272,-107691601.28252536,203.4122361291927,,177.79896907216494,11.16002608306423,-194.77898146392107,-81.1795685269833,-52.335965463431684,311.22876128699806,,-298.0195404137702,-124.20794852488238,-80.0760957742862
2001,M2_HI_sensitivity,False,ERS_Heartland,True,0.85,1.0,317267.64,317267.64,79316.91,79316.91,237950.72999999998,-141.5177638708073,-216.52777230983997,-110947862.42685825,-169754614.80409816,203.4122361291927,,209.17525773195877,13.1294424506638,-246.5184814639211,-132.91906852698332,-104.0754654634317,311.22876128699806,,-377.1830204532959,-203.37142856440812,-159.23957581381194
2001,M2_HI_sensitivity,False,ERS_Heartland,True,0.85,1.15,317267.64,317267.64,79316.91,79316.91,237950.72999999998,-193.25726387080718,-295.6912523493655,-151510875.65588906,-231817628.32567063,203.4122361291927,,240.55154639175257,15.09885881826337,-298.25798146392106,-184.6585685269833,-155.81496546343166,311.22876128699806,,-456.3465004928216,-282.5349086039338,-238.40305585333758
2001,M2_HI_sensitivity,False,ERS_Heartland,True,1.0,0.85,317267.64,309509.73,79316.91,79316.91,230192.81999999998,-53.88198690683199,-82.4415696902556,-42242691.70958933,-64632987.98728076,239.30851309316782,,151.1291237113402,9.486022170604597,-177.41224289873068,-43.76587473762743,-9.8322240746255,366.1514838670564,,-271.44774397667453,-66.96351822504182,-15.043691459634514
2001,M2_HI_sensitivity,False,ERS_Heartland,True,1.0,1.0,317267.64,317243.61,79316.91,79316.91,237926.69999999998,-105.621486906832,-161.60504972978134,-82805704.93862028,-126696001.50885344,239.30851309316782,,177.79896907216497,11.160026083064231,-229.1517428987307,-95.50537473762745,-61.57172407462552,366.1514838670564,,-350.61122401620025,-146.12699826456756,-94.20717149916025
2001,M2_HI_sensitivity,False,ERS_Heartland,True,1.0,1.15,317267.64,317267.64,79316.91,79316.91,237950.72999999998,-157.36098690683198,-240.768529769307,-123368718.16765119,-188759015.03042603,239.30851309316782,,204.4688144329897,12.834029995523865,-280.89124289873064,-147.2448747376274,-113.31122407462549,366.1514838670564,,-429.77470405572586,-225.2904783040932,-173.3706515386859
2001,M2_HI_sensitivity,False,ERS_Heartland,True,1.15,0.85,317267.64,199015.11,79316.91,79316.91,119698.2,-17.985709942856833,-27.518847110197157,-14100534.221351476,-21574374.692036197,275.20479005714316,,131.41662931420888,8.248714930960519,-160.0455043335403,-6.3521809482715526,32.67151731418065,421.07420644711516,,-244.87594753957887,-9.719087925201258,49.98871285501712
2001,M2_HI_sensitivity,False,ERS_Heartland,True,1.15,1.0,317267.64,312620.76,79316.91,79316.91,233303.85,-69.7252099428569,-106.68232714972298,-54663547.45038246,-83637388.21360892,275.20479005714316,,154.60779919318693,9.704370507012376,-211.78500433354031,-58.09168094827157,-19.067982685819374,421.07420644711516,,-324.0394275791046,-88.882567964727,-29.17476718450862
2001,M2_HI_sensitivity,False,ERS_Heartland,True,1.15,1.15,317267.64,317243.61,79316.91,79316.91,237926.69999999998,-121.46470994285671,-185.84580718924838,-95226560.67941324,-145700401.73518133,275.20479005714316,,177.79896907216494,11.16002608306423,-263.52450433354034,-109.83118094827154,-70.80748268581934,421.07420644711516,,-403.2029076186304,-168.04604800425264,-108.33824722403428
2001,M2_HI_sensitivity,False,FINBIN_county,False,0.85,0.85,122084.09999999999,92747.61,34310.79,34310.79,58436.82,-17.458371134989136,-26.71199789072844,-5266778.222433452,-8058378.853375453,162.0276288650108,10.63412886501086,133.74952178021906,8.39514514315759,-101.98026182580617,-8.656824793458355,14.118157102973928,247.9086764175719,16.27063748476563,-156.03383143387182,-13.24528410097917,21.601338397475132
2001,M2_HI_sensitivity,False,FINBIN_county,False,0.85,1.0,122084.09999999999,121344.12,34310.79,34310.79,87033.33,-49.13237113498914,-75.17446982748736,-14822075.914726496,-22678362.002334498,162.0276288650108,-16.082371134989124,157.3523785649636,9.876641344891283,-133.65426182580617,-40.33082479345836,-17.55584289702608,247.9086764175719,-24.606663503376645,-204.49630337063076,-61.70775603773808,-26.86113353928378
2001,M2_HI_sensitivity,False,FINBIN_county,False,0.85,1.15,122084.09999999999,122083.37999999999,34310.79,34310.79,87772.59,-80.8063711349891,-123.6369417642462,-24377373.60701953,-37298345.15129352,162.0276288650108,-42.7988711349891,180.95523534970812,11.358137546624974,-165.32826182580615,-72.00482479345834,-49.22984289702605,247.9086764175719,-65.4839644915189,-252.95877530738963,-110.17022797449695,-75.32360547604264
2001,M2_HI_sensitivity,False,FINBIN_county,False,1.0,0.85,122084.09999999999,19919.61,34310.79,19919.61,14391.18,11.134739841189257,17.036592065313684,3359088.0188419237,5139537.439105568,190.62073984118925,39.227239841189245,113.6870935131862,7.135873371683951,-88.30277861859548,21.489500242990175,48.28359659173404,291.6572663736141,60.01922744080775,-135.106741514855,32.879784759136356,73.87581122790613
2001,M2_HI_sensitivity,False,FINBIN_county,False,1.0,1.0,122084.09999999999,92747.61,34310.79,34310.79,58436.82,-20.53926015881076,-31.425879871445243,-6196209.673451123,-9480445.709853478,190.62073984118925,12.510739841189267,133.74952178021906,8.39514514315759,-119.97677861859549,-10.184499757009831,16.609596591734032,291.6572663736141,19.14192645266548,-183.56921345161393,-15.582687177622555,25.413339291147214
2001,M2_HI_sensitivity,False,FINBIN_county,False,1.0,1.15,122084.09999999999,120727.62,34310.79,34310.79,86416.83,-52.213260158810755,-79.88835180820413,-15751507.365744162,-24100428.858812515,190.62073984118925,-14.20576015881071,153.8119500472519,9.654416914631229,-151.65077861859547,-41.85849975700981,-15.064403408265944,291.6572663736141,-21.735374535476787,-232.03168538837278,-64.04515911438142,-23.049132645611653
2001,M2_HI_sensitivity,False,FINBIN_county,False,1.15,0.85,122084.09999999999,15008.939999999999,34310.79,15008.939999999999,19301.85,39.7278508173676,60.78518202135574,11984954.260117287,18337453.73158657,219.21385081736747,67.82035081736764,98.8583421853793,6.205107279725175,-74.62529541138481,51.63582527943868,82.44903608049412,335.405856329656,103.76781739684988,-114.17965159583821,79.00485361925183,126.15028405833708
2001,M2_HI_sensitivity,False,FINBIN_county,False,1.15,1.0,122084.09999999999,22939.649999999998,34310.79,22939.649999999998,11371.14,8.05385081736762,12.322710084596862,2429656.567824248,3717470.5826275363,219.21385081736747,41.103850817367636,116.30393198279918,7.300126211441383,-106.29929541138482,19.96182527943867,50.77503608049412,335.405856329656,62.89051640870757,-162.6421235325971,30.542381682492927,77.68781212157816
2001,M2_HI_sensitivity,False,FINBIN_county,False,1.15,1.15,122084.09999999999,92747.61,34310.79,34310.79,58436.82,-23.620149182632357,-36.139761852162,-7125641.124468787,-10902512.566331493,219.21385081736747,14.387350817367656,133.74952178021906,8.39514514315759,-137.97329541138478,-11.712174720561308,19.10103608049414,335.405856329656,22.0132154205653,-211.10459546935596,-17.92009025426594,29.2253401848193
2001,M2_HI_sensitivity,False,FINBIN_state,False,0.85,0.85,317267.64,309786.66,79316.91,79316.91,230469.75,-36.37507016632527,-55.65529510428662,-28517524.37429006,-43632939.46754026,160.0854298336747,0.021929833674716688,151.3839583961016,9.502017548663579,-119.0106349121059,-29.607896930735848,-6.907981319720747,244.93703513286755,0.03355351231416139,-182.09097539318657,-45.30125257663181,-10.569484461912655
2001,M2_HI_sensitivity,False,FINBIN_state,False,0.85,1.0,317267.64,317245.86,79316.91,79316.91,237928.94999999998,-71.0445701663253,-108.70100044025506,-55697906.61887859,-85219998.62516959,160.0854298336747,-28.22457016632529,178.09877458364895,11.178844174898328,-153.6801349121059,-64.27739693073585,-41.57748131972075,244.93703513286755,-43.18470795013645,-235.13668072915496,-98.3469579126002,-63.615189797881044
2001,M2_HI_sensitivity,False,FINBIN_state,False,0.85,1.15,317267.64,317267.64,79316.91,79316.91,237950.72999999998,-105.71407016632531,-161.74670577622345,-82878288.86346713,-126807057.78279893,160.0854298336747,-56.47107016632527,204.81359077119626,12.855670801133076,-188.34963491210587,-98.94689693073582,-76.24698131972072,244.93703513286755,-86.40296941258701,-288.1823860651233,-151.39266324856854,-116.6608951338494
2001,M2_HI_sensitivity,False,FINBIN_state,False,1.0,0.85,317267.64,160143.3,79316.91,79316.91,80826.39,-8.12470019567679,-12.431112433780577,-6369646.431046835,-9745810.804182729,188.33579980432313,28.272299804323197,128.67636463668634,8.076714916364041,-105.34301166130105,-0.1633199185127978,26.542463153269736,288.1612178033735,43.2577361828202,-161.17897159719226,-0.24988593065732823,40.61101773371825
2001,M2_HI_sensitivity,False,FINBIN_state,False,1.0,1.0,317267.64,309786.66,79316.91,79316.91,230469.75,-42.794200195676815,-65.476817769749,-33550028.67563538,-51332869.96181209,188.33579980432313,0.025799804323204917,151.3839583961016,9.502017548663579,-140.01251166130106,-34.8328199185128,-8.127036846730263,288.1612178033735,0.03947472036961512,-214.22467693316068,-53.29559126662571,-12.43468760225014
2001,M2_HI_sensitivity,False,FINBIN_state,False,1.0,1.15,317267.64,317188.62,79316.91,79316.91,237871.71,-77.46370019567672,-118.52252310571726,-60730410.920223825,-92919929.11944129,188.33579980432313,-28.220700195676784,174.0915521555168,10.927320180963113,-174.68201166130103,-69.50231991851277,-42.796536846730234,288.1612178033735,-43.178786742080966,-267.270382269129,-106.34129660259406,-65.48039293821849
2001,M2_HI_sensitivity,False,FINBIN_state,False,1.15,0.85,317267.64,41198.58,79316.91,41198.58,38118.33,20.12566977497166,30.793070236725416,15778231.512196356,24141317.859174747,216.58616977497155,56.522669774971675,111.89249098842292,7.023230362055688,-91.67538841049623,29.28125709371028,59.99290762626016,331.38540047387943,86.48191885332625,-140.266967801198,44.8014807153172,91.79151992934906
2001,M2_HI_sensitivity,False,FINBIN_state,False,1.15,1.0,317267.64,202077.81,79316.91,79316.91,122760.9,-14.543830225028325,-22.252635099242948,-11402150.732392153,-17445741.298454557,216.58616977497155,28.276169774971656,131.63822469226224,8.262623955359633,-126.34488841049622,-5.388242906289719,25.323407626260163,331.38540047387943,43.263657390875615,-193.3126731371664,-8.244224620651188,38.74581459338068
2001,M2_HI_sensitivity,False,FINBIN_state,False,1.15,1.15,317267.64,309786.66,79316.91,79316.91,230469.75,-49.21333022502833,-75.29834043521134,-38582532.97698068,-59032800.45608389,216.58616977497155,0.029669774971671125,151.38395839610158,9.502017548663577,-161.01438841049617,-40.05774290628969,-9.346092373739808,331.38540047387943,0.045395928425035155,-246.3583784731347,-61.28992995661953,-14.29989074258767
2009,M1_fixed,False,ERS_Heartland,True,0.85,0.85,257156.19,160173.0,64289.159999999996,64289.159999999996,95883.84,-32.4196399744184,-40.947481524716736,-20600955.96880332,-26019945.458669767,444.2518600255816,,156.64525139664804,9.832256623857035,-265.68396663029887,-11.12814794431847,53.314963205306924,561.1103283402483,,-335.57094784495024,-14.055357576884063,67.33922623949258
2009,M1_fixed,False,ERS_Heartland,True,0.85,1.0,257156.19,251450.72999999998,64289.159999999996,64289.159999999996,187161.57,-116.53813997441834,-147.1929773832399,-74053786.29107678,-93533304.14470732,444.2518600255816,,184.28853105488002,11.567360733949451,-349.8024666302988,-95.24664794431845,-30.80353679469306,561.1103283402483,,-441.8164437034734,-120.30085343540729,-38.90626961903065
2009,M1_fixed,False,ERS_Heartland,True,0.85,1.15,257156.19,256971.87,64289.159999999996,64289.159999999996,192682.71,-200.6566399744183,-253.43847324176312,-127506616.61335026,-161046662.83074492,444.2518600255816,,211.93181071311201,13.302464844041868,-433.9209666302987,-179.36514794431838,-114.92203679469299,561.1103283402483,,-548.0619395619965,-226.54634929393043,-145.1517654775538
2009,M1_fixed,False,ERS_Heartland,True,1.0,0.85,257156.19,37019.43,64289.159999999996,37019.43,27269.73,45.97774708891952,58.0719881823859,29216411.535446063,36901658.14642612,522.6492470889197,,133.14846368715084,8.357418130278479,-228.4508725062339,71.0265612419783,146.84198612389054,660.1297980473511,,-288.5438545473005,89.7097810621891,185.46811496380866
2009,M1_fixed,False,ERS_Heartland,True,1.0,1.0,257156.19,160173.0,64289.159999999996,64289.159999999996,95883.84,-38.14075291108046,-48.173507676137326,-24236418.78682743,-30611700.539611485,522.6492470889197,,156.64525139664804,9.832256623857035,-312.5693725062339,-13.091938758021683,62.72348612389055,660.1297980473511,,-394.7893504058237,-16.535714796334133,79.22261910528545
2009,M1_fixed,False,ERS_Heartland,True,1.0,1.15,257156.19,249308.28,64289.159999999996,64289.159999999996,185019.12,-122.25925291108045,-154.41900353466056,-77689249.10910091,-98125059.22564907,522.6492470889197,,180.1420391061452,11.307095117435587,-396.6878725062338,-97.21043875802161,-21.395013876109374,660.1297980473511,,-501.03484626434687,-122.78121065485729,-27.022876753237703
2009,M1_fixed,False,ERS_Heartland,True,1.15,0.85,257156.19,26410.59,64289.159999999996,26410.59,37878.57,124.37513415225754,157.09145788948865,79033779.0396955,99823261.75152208,601.046634152257,,115.78127277143551,7.267320113285634,-191.21777838216903,153.181270428275,240.36900904247403,759.149267754453,,-241.51676124965087,193.47491970126217,303.59700368812463
2009,M1_fixed,False,ERS_Heartland,True,1.15,1.0,257156.19,41931.36,64289.159999999996,41931.36,22357.8,40.2566341522574,50.84596203096523,25580948.717421915,32309903.065484352,601.046634152257,,136.21326208404176,8.549788368571333,-275.336278382169,69.06277042827503,156.25050904247405,759.149267754453,,-347.762257108174,87.22942384273895,197.35150782960142
2009,M1_fixed,False,ERS_Heartland,True,1.15,1.15,257156.19,160173.0,64289.159999999996,64289.159999999996,95883.84,-43.86186584774247,-55.399533827557846,-27871881.604851507,-35203455.62055316,601.046634152257,,156.645251396648,9.832256623857033,-359.4547783821689,-15.055729571724896,72.13200904247412,759.149267754453,,-454.0077529666972,-19.016072015784204,91.10601197107825
2009,M1_fixed,False,FINBIN_county,False,0.85,0.85,91253.7,15038.189999999999,31555.71,15038.189999999999,16517.52,25.922729532788537,32.74158779837376,5845388.956407135,7382992.423300603,347.61372953278857,92.64772953278853,130.6091966875249,8.198034270543118,-155.95816183713367,44.49394373724675,99.7256321152045,439.05196908458555,117.01830113919608,-196.98225999714788,56.19787698383847,125.95801439498533
2009,M1_fixed,False,FINBIN_county,False,0.85,1.0,91253.7,58570.2,31555.71,31555.71,27014.489999999998,-30.846270467211472,-38.96024419331068,-6955612.00479761,-8785254.687722905,347.61372953278857,47.65372953278852,153.65787845591166,9.644746200638963,-212.72716183713368,-12.275056262753253,42.9566321152045,439.05196908458555,60.18883032530382,-268.68409198883234,-15.503955007845962,54.2561824033009
2009,M1_fixed,False,FINBIN_county,False,0.85,1.15,91253.7,88420.86,31555.71,31555.71,56865.15,-87.61527046721145,-110.66207618499507,-19756612.96600235,-24953501.798746403,347.61372953278857,2.6597295327885466,176.70656022429839,11.091458130734807,-269.4961618371336,-69.0440562627532,-13.812367884795448,439.05196908458555,3.35935951141161,-340.3859239805167,-87.20578699953032,-17.44564958838346
2009,M1_fixed,False,FINBIN_county,False,1.0,0.85,91253.7,11290.949999999999,31555.71,11290.949999999999,20264.76,87.26632886210409,110.22134704859464,19677929.145213123,24854120.550200667,408.9573288621042,153.99132886210413,111.0178171843962,6.968329129961653,-126.71119039662786,109.11481616146676,174.09327307671123,516.5317283348065,194.49806038941702,-160.0420032990778,137.81698138443556,219.8877312799025
2009,M1_fixed,False,FINBIN_county,False,1.0,1.0,91253.7,15038.189999999999,31555.71,15038.189999999999,16517.52,30.497328862104148,38.519515056910286,6876928.1840083925,8685873.439177178,408.9573288621042,108.9973288621041,130.60919668752493,8.19803427054312,-183.48019039662788,52.34581616146676,117.32427307671121,516.5317283348065,137.66858957552472,-231.74383529076223,66.11514939275112,148.18589928821805
2009,M1_fixed,False,FINBIN_county,False,1.0,1.15,91253.7,49487.22,31555.71,31555.71,17931.51,-26.271671137895797,-33.18231693477407,-5924072.777196341,-7482373.671846314,408.9573288621042,64.00332886210418,150.20057619065366,9.427739411124588,-240.24919039662782,-4.423183838533191,60.555273076711266,516.5317283348065,80.83911876163259,-303.4456672824466,-5.5866825989332325,76.48406729653371
2009,M1_fixed,False,FINBIN_county,False,1.15,0.85,91253.7,10623.06,31555.71,10623.06,20932.649999999998,148.60992819141964,187.70110629881552,33510469.33401911,42325248.677100725,470.30092819141964,215.33492819141975,96.53723233425755,6.059416634749263,-97.46421895612208,173.73568858568675,248.46091403821785,594.0114875850272,271.97781963963797,-123.10174660100776,219.43608578503262,313.81744816481955
2009,M1_fixed,False,FINBIN_county,False,1.15,1.0,91253.7,11534.13,31555.71,11534.13,20021.579999999998,91.84092819141972,115.99927430713119,20709468.372814383,26157001.566077244,470.30092819141964,170.34092819141975,113.57321451089125,7.128725452646192,-154.2332189561221,116.96668858568674,191.69191403821785,594.0114875850272,215.14834882574573,-194.80357859269222,147.7342537933482,242.11561617313515
2009,M1_fixed,False,FINBIN_county,False,1.15,1.15,91253.7,15038.189999999999,31555.71,15038.189999999999,16517.52,35.07192819141976,44.29744231544681,7908467.411609648,9988754.45505375,470.30092819141964,125.34692819141978,130.60919668752493,8.19803427054312,-211.00221895612205,60.19768858568679,134.9229140382179,594.0114875850272,158.3188780118535,-266.5054105843766,76.03242180166382,170.41378418145078
2009,M1_fixed,False,FINBIN_state,False,0.85,0.85,257156.19,57344.04,64289.159999999996,57344.04,6945.12,11.502775703327346,14.528529495288044,7309401.830811616,9232107.34789348,370.37277570332736,78.44027570332734,141.4573118554093,8.878945126536534,-182.96969342968018,29.25349260882166,82.97971437426435,467.797680737265,99.07364001235503,-231.0990543758906,36.94849323059615,104.80715775830934
2009,M1_fixed,False,FINBIN_state,False,0.85,1.0,257156.19,228518.81999999998,64289.159999999996,64289.159999999996,164229.66,-51.82722429667269,-65.46014425329616,-32933443.016749654,-41596438.163340844,370.37277570332736,26.922775703327368,166.42036688871684,10.445817795925334,-246.29969342968016,-34.076507391178325,19.649714374264363,467.797680737265,34.00469164913566,-311.0877281244747,-43.040180517988,24.818484009725196
2009,M1_fixed,False,FINBIN_state,False,0.85,1.15,257156.19,253940.03999999998,64289.159999999996,64289.159999999996,189650.88,-115.1572242966726,-145.44881800188023,-73176287.86431085,-92424983.67457506,370.37277570332736,-24.594724296672624,191.38342192202435,12.012690465314135,-309.6296934296802,-97.40650739117831,-43.68028562573562,467.797680737265,-31.06425671408373,-391.0764018730589,-123.02885426657214,-55.170189738858944
2009,M1_fixed,False,FINBIN_state,False,1.0,0.85,257156.19,27979.11,64289.159999999996,27979.11,36310.049999999996,76.8626772980322,97.08106139009955,48842141.11910434,61689848.27346194,435.732677298032,143.80017729803214,120.23871507709792,7.547103357556055,-151.92846285844723,97.7458736574373,160.95319338148755,550.3502126320762,181.62617190716645,-191.89256669364002,123.45748931399147,203.29121228777174
2009,M1_fixed,False,FINBIN_state,False,1.0,1.0,257156.19,57344.04,64289.159999999996,57344.04,6945.12,13.532677298032198,17.09238764151538,8599296.271543093,10861302.762227643,435.732677298032,92.28267729803216,141.4573118554093,8.878945126536534,-215.25846285844722,34.41587365743732,97.62319338148757,550.3502126320762,116.55722354394707,-271.88124044222417,43.46881556540732,123.3025385391876
2009,M1_fixed,False,FINBIN_state,False,1.0,1.15,257156.19,210411.27,64289.159999999996,64289.159999999996,146122.11,-49.79732270196777,-62.89628610706875,-31643548.576018132,-39967242.74900662,435.732677298032,40.76517729803221,162.6759086337207,10.210786895517014,-278.5884628584472,-28.914126342562668,34.29319338148758,550.3502126320762,51.48827518072774,-351.8699141908083,-36.51985818317682,43.313864790603446
2009,M1_fixed,False,FINBIN_state,False,1.15,0.85,257156.19,24377.76,64289.159999999996,24377.76,39911.4,142.22257889273698,179.63359328491094,90374880.407397,114147589.19903032,501.09257889273715,209.16007889273698,104.55540441486775,6.562698571787873,-120.88723228721435,166.23825470605289,238.92667238871059,632.9027445268881,264.1787038019779,-152.68607901138952,209.96648539738672,301.7752668172339
2009,M1_fixed,False,FINBIN_state,False,1.15,1.0,257156.19,29233.89,64289.159999999996,29233.89,35055.27,78.89257889273699,99.64491953632681,50132035.559835784,63319043.68779606,501.09257889273715,157.64257889273702,123.00635813513853,7.720821849162204,-184.21723228721433,102.9082547060529,175.5966723887106,632.9027445268881,199.1097554387586,-232.67475275997367,129.97781164880257,221.78659306864978
2009,M1_fixed,False,FINBIN_state,False,1.15,1.15,257156.19,57344.04,64289.159999999996,57344.04,6945.12,15.56257889273701,19.656245787742662,9889190.712274546,12490498.176561777,501.09257889273715,106.125078892737,141.4573118554093,8.878945126536534,-247.5472322872143,39.57825470605292,112.26667238871062,632.9027445268881,134.04080707553916,-312.6634265085578,49.989137900218424,141.79791932006563
2009,M2_HI_sensitivity,False,ERS_Heartland,True,0.85,0.85,257156.19,160173.0,64289.159999999996,64289.159999999996,95883.84,-32.4196399744184,-40.947481524716736,-20600955.96880332,-26019945.458669767,444.2518600255816,,156.64525139664804,9.832256623857035,-265.68396663029887,-11.12814794431847,53.314963205306924,561.1103283402483,,-335.57094784495024,-14.055357576884063,67.33922623949258
2009,M2_HI_sensitivity,False,ERS_Heartland,True,0.85,1.0,257156.19,251450.72999999998,64289.159999999996,64289.159999999996,187161.57,-116.53813997441834,-147.1929773832399,-74053786.29107678,-93533304.14470732,444.2518600255816,,184.28853105488002,11.567360733949451,-349.8024666302988,-95.24664794431845,-30.80353679469306,561.1103283402483,,-441.8164437034734,-120.30085343540729,-38.90626961903065
2009,M2_HI_sensitivity,False,ERS_Heartland,True,0.85,1.15,257156.19,256971.87,64289.159999999996,64289.159999999996,192682.71,-200.6566399744183,-253.43847324176312,-127506616.61335026,-161046662.83074492,444.2518600255816,,211.93181071311201,13.302464844041868,-433.9209666302987,-179.36514794431838,-114.92203679469299,561.1103283402483,,-548.0619395619965,-226.54634929393043,-145.1517654775538
2009,M2_HI_sensitivity,False,ERS_Heartland,True,1.0,0.85,257156.19,37019.43,64289.159999999996,37019.43,27269.73,45.97774708891952,58.0719881823859,29216411.535446063,36901658.14642612,522.6492470889197,,133.14846368715084,8.357418130278479,-228.4508725062339,71.0265612419783,146.84198612389054,660.1297980473511,,-288.5438545473005,89.7097810621891,185.46811496380866
2009,M2_HI_sensitivity,False,ERS_Heartland,True,1.0,1.0,257156.19,160173.0,64289.159999999996,64289.159999999996,95883.84,-38.14075291108046,-48.173507676137326,-24236418.78682743,-30611700.539611485,522.6492470889197,,156.64525139664804,9.832256623857035,-312.5693725062339,-13.091938758021683,62.72348612389055,660.1297980473511,,-394.7893504058237,-16.535714796334133,79.22261910528545
2009,M2_HI_sensitivity,False,ERS_Heartland,True,1.0,1.15,257156.19,249308.28,64289.159999999996,64289.159999999996,185019.12,-122.25925291108045,-154.41900353466056,-77689249.10910091,-98125059.22564907,522.6492470889197,,180.1420391061452,11.307095117435587,-396.6878725062338,-97.21043875802161,-21.395013876109374,660.1297980473511,,-501.03484626434687,-122.78121065485729,-27.022876753237703
2009,M2_HI_sensitivity,False,ERS_Heartland,True,1.15,0.85,257156.19,26410.59,64289.159999999996,26410.59,37878.57,124.37513415225754,157.09145788948865,79033779.0396955,99823261.75152208,601.046634152257,,115.78127277143551,7.267320113285634,-191.21777838216903,153.181270428275,240.36900904247403,759.149267754453,,-241.51676124965087,193.47491970126217,303.59700368812463
2009,M2_HI_sensitivity,False,ERS_Heartland,True,1.15,1.0,257156.19,41931.36,64289.159999999996,41931.36,22357.8,40.2566341522574,50.84596203096523,25580948.717421915,32309903.065484352,601.046634152257,,136.21326208404176,8.549788368571333,-275.336278382169,69.06277042827503,156.25050904247405,759.149267754453,,-347.762257108174,87.22942384273895,197.35150782960142
2009,M2_HI_sensitivity,False,ERS_Heartland,True,1.15,1.15,257156.19,160173.0,64289.159999999996,64289.159999999996,95883.84,-43.86186584774247,-55.399533827557846,-27871881.604851507,-35203455.62055316,601.046634152257,,156.645251396648,9.832256623857033,-359.4547783821689,-15.055729571724896,72.13200904247412,759.149267754453,,-454.0077529666972,-19.016072015784204,91.10601197107825
2009,M2_HI_sensitivity,False,FINBIN_county,False,0.85,0.85,91253.7,15038.189999999999,31555.71,15038.189999999999,16517.52,25.922729532788537,32.74158779837376,5845388.956407135,7382992.423300603,347.61372953278857,92.64772953278853,130.6091966875249,8.198034270543118,-155.95816183713367,44.49394373724675,99.7256321152045,439.05196908458555,117.01830113919608,-196.98225999714788,56.19787698383847,125.95801439498533
2009,M2_HI_sensitivity,False,FINBIN_county,False,0.85,1.0,91253.7,58570.2,31555.71,31555.71,27014.489999999998,-30.846270467211472,-38.96024419331068,-6955612.00479761,-8785254.687722905,347.61372953278857,47.65372953278852,153.65787845591166,9.644746200638963,-212.72716183713368,-12.275056262753253,42.9566321152045,439.05196908458555,60.18883032530382,-268.68409198883234,-15.503955007845962,54.2561824033009
2009,M2_HI_sensitivity,False,FINBIN_county,False,0.85,1.15,91253.7,88420.86,31555.71,31555.71,56865.15,-87.61527046721145,-110.66207618499507,-19756612.96600235,-24953501.798746403,347.61372953278857,2.6597295327885466,176.70656022429839,11.091458130734807,-269.4961618371336,-69.0440562627532,-13.812367884795448,439.05196908458555,3.35935951141161,-340.3859239805167,-87.20578699953032,-17.44564958838346
2009,M2_HI_sensitivity,False,FINBIN_county,False,1.0,0.85,91253.7,11290.949999999999,31555.71,11290.949999999999,20264.76,87.26632886210409,110.22134704859464,19677929.145213123,24854120.550200667,408.9573288621042,153.99132886210413,111.0178171843962,6.968329129961653,-126.71119039662786,109.11481616146676,174.09327307671123,516.5317283348065,194.49806038941702,-160.0420032990778,137.81698138443556,219.8877312799025
2009,M2_HI_sensitivity,False,FINBIN_county,False,1.0,1.0,91253.7,15038.189999999999,31555.71,15038.189999999999,16517.52,30.497328862104148,38.519515056910286,6876928.1840083925,8685873.439177178,408.9573288621042,108.9973288621041,130.60919668752493,8.19803427054312,-183.48019039662788,52.34581616146676,117.32427307671121,516.5317283348065,137.66858957552472,-231.74383529076223,66.11514939275112,148.18589928821805
2009,M2_HI_sensitivity,False,FINBIN_county,False,1.0,1.15,91253.7,49487.22,31555.71,31555.71,17931.51,-26.271671137895797,-33.18231693477407,-5924072.777196341,-7482373.671846314,408.9573288621042,64.00332886210418,150.20057619065366,9.427739411124588,-240.24919039662782,-4.423183838533191,60.555273076711266,516.5317283348065,80.83911876163259,-303.4456672824466,-5.5866825989332325,76.48406729653371
2009,M2_HI_sensitivity,False,FINBIN_county,False,1.15,0.85,91253.7,10623.06,31555.71,10623.06,20932.649999999998,148.60992819141964,187.70110629881552,33510469.33401911,42325248.677100725,470.30092819141964,215.33492819141975,96.53723233425755,6.059416634749263,-97.46421895612208,173.73568858568675,248.46091403821785,594.0114875850272,271.97781963963797,-123.10174660100776,219.43608578503262,313.81744816481955
2009,M2_HI_sensitivity,False,FINBIN_county,False,1.15,1.0,91253.7,11534.13,31555.71,11534.13,20021.579999999998,91.84092819141972,115.99927430713119,20709468.372814383,26157001.566077244,470.30092819141964,170.34092819141975,113.57321451089125,7.128725452646192,-154.2332189561221,116.96668858568674,191.69191403821785,594.0114875850272,215.14834882574573,-194.80357859269222,147.7342537933482,242.11561617313515
2009,M2_HI_sensitivity,False,FINBIN_county,False,1.15,1.15,91253.7,15038.189999999999,31555.71,15038.189999999999,16517.52,35.07192819141976,44.29744231544681,7908467.411609648,9988754.45505375,470.30092819141964,125.34692819141978,130.60919668752493,8.19803427054312,-211.00221895612205,60.19768858568679,134.9229140382179,594.0114875850272,158.3188780118535,-266.5054105843766,76.03242180166382,170.41378418145078
2009,M2_HI_sensitivity,False,FINBIN_state,False,0.85,0.85,257156.19,57344.04,64289.159999999996,57344.04,6945.12,11.502775703327346,14.528529495288044,7309401.830811616,9232107.34789348,370.37277570332736,78.44027570332734,141.4573118554093,8.878945126536534,-182.96969342968018,29.25349260882166,82.97971437426435,467.797680737265,99.07364001235503,-231.0990543758906,36.94849323059615,104.80715775830934
2009,M2_HI_sensitivity,False,FINBIN_state,False,0.85,1.0,257156.19,228518.81999999998,64289.159999999996,64289.159999999996,164229.66,-51.82722429667269,-65.46014425329616,-32933443.016749654,-41596438.163340844,370.37277570332736,26.922775703327368,166.42036688871684,10.445817795925334,-246.29969342968016,-34.076507391178325,19.649714374264363,467.797680737265,34.00469164913566,-311.0877281244747,-43.040180517988,24.818484009725196
2009,M2_HI_sensitivity,False,FINBIN_state,False,0.85,1.15,257156.19,253940.03999999998,64289.159999999996,64289.159999999996,189650.88,-115.1572242966726,-145.44881800188023,-73176287.86431085,-92424983.67457506,370.37277570332736,-24.594724296672624,191.38342192202435,12.012690465314135,-309.6296934296802,-97.40650739117831,-43.68028562573562,467.797680737265,-31.06425671408373,-391.0764018730589,-123.02885426657214,-55.170189738858944
2009,M2_HI_sensitivity,False,FINBIN_state,False,1.0,0.85,257156.19,27979.11,64289.159999999996,27979.11,36310.049999999996,76.8626772980322,97.08106139009955,48842141.11910434,61689848.27346194,435.732677298032,143.80017729803214,120.23871507709792,7.547103357556055,-151.92846285844723,97.7458736574373,160.95319338148755,550.3502126320762,181.62617190716645,-191.89256669364002,123.45748931399147,203.29121228777174
2009,M2_HI_sensitivity,False,FINBIN_state,False,1.0,1.0,257156.19,57344.04,64289.159999999996,57344.04,6945.12,13.532677298032198,17.09238764151538,8599296.271543093,10861302.762227643,435.732677298032,92.28267729803216,141.4573118554093,8.878945126536534,-215.25846285844722,34.41587365743732,97.62319338148757,550.3502126320762,116.55722354394707,-271.88124044222417,43.46881556540732,123.3025385391876
2009,M2_HI_sensitivity,False,FINBIN_state,False,1.0,1.15,257156.19,210411.27,64289.159999999996,64289.159999999996,146122.11,-49.79732270196777,-62.89628610706875,-31643548.576018132,-39967242.74900662,435.732677298032,40.76517729803221,162.6759086337207,10.210786895517014,-278.5884628584472,-28.914126342562668,34.29319338148758,550.3502126320762,51.48827518072774,-351.8699141908083,-36.51985818317682,43.313864790603446
2009,M2_HI_sensitivity,False,FINBIN_state,False,1.15,0.85,257156.19,24377.76,64289.159999999996,24377.76,39911.4,142.22257889273698,179.63359328491094,90374880.407397,114147589.19903032,501.09257889273715,209.16007889273698,104.55540441486775,6.562698571787873,-120.88723228721435,166.23825470605289,238.92667238871059,632.9027445268881,264.1787038019779,-152.68607901138952,209.96648539738672,301.7752668172339
2009,M2_HI_sensitivity,False,FINBIN_state,False,1.15,1.0,257156.19,29233.89,64289.159999999996,29233.89,35055.27,78.89257889273699,99.64491953632681,50132035.559835784,63319043.68779606,501.09257889273715,157.64257889273702,123.00635813513853,7.720821849162204,-184.21723228721433,102.9082547060529,175.5966723887106,632.9027445268881,199.1097554387586,-232.67475275997367,129.97781164880257,221.78659306864978
2009,M2_HI_sensitivity,False,FINBIN_state,False,1.15,1.15,257156.19,57344.04,64289.159999999996,57344.04,6945.12,15.56257889273701,19.656245787742662,9889190.712274546,12490498.176561777,501.09257889273715,106.125078892737,141.4573118554093,8.878945126536534,-247.5472322872143,39.57825470605292,112.26667238871062,632.9027445268881,134.04080707553916,-312.6634265085578,49.989137900218424,141.79791932006563
2011,M1_fixed,False,UNL,True,0.85,0.85,336546.99,49201.83,84136.77,49201.83,34934.94,89.04156250123603,107.26282321411551,74049253.83272192,89202522.95534639,384.73956250123564,172.96206250123595,56.93617021276595,3.5737504438867314,-148.9999387305453,111.57240247092506,218.75669426680878,463.4717823541486,208.35662146608595,-179.4909437572669,134.4043224943054,263.52256142988625
2011,M1_fixed,False,UNL,True,0.85,1.0,336546.99,60505.2,84136.77,60505.2,23631.57,36.859562501236084,44.40241865999201,30653360.331353363,36926193.54130152,384.73956250123564,135.58956250123606,66.9837296620776,4.2044122869255665,-201.1819387305453,59.39040247092504,166.57469426680876,463.4717823541486,163.33629895642792,-242.3513483113905,71.54391794018183,200.66215687576266
2011,M1_fixed,False,UNL,True,0.85,1.15,336546.99,150923.25,84136.77,84136.77,66786.48,-15.322437498763914,-18.457985894131557,-12742533.170015248,-15350135.872743418,384.73956250123564,98.217062501236,77.03128911138923,4.835074129964402,-253.36393873054527,7.20840247092508,114.3926942668088,463.4717823541486,118.31597644676967,-305.21175286551403,8.683513386058305,137.80175232163913
2011,M1_fixed,False,UNL,True,1.0,0.85,336546.99,48622.049999999996,84136.77,48622.049999999996,35514.72,156.93677941321883,189.05196127661236,130512662.71633555,157220474.0673936,452.63477941321906,240.85727941321917,48.39574468085106,3.0376878773037217,-123.1120455653474,183.44364996579418,309.5428167844809,545.2609204166462,290.1457595285833,-148.30541163089632,220.98313690036522,372.88694741281324
2011,M1_fixed,False,UNL,True,1.0,1.0,336546.99,49201.83,84136.77,49201.83,34934.94,104.75477941321886,126.19155672248884,87116769.21496697,104944144.6533487,452.63477941321906,203.484779413219,56.93617021276595,3.5737504438867314,-175.2940455653474,131.26164996579416,257.3608167844809,545.2609204166462,245.12543701892494,-211.1658161850199,158.12273234624163,310.02654285868965
2011,M1_fixed,False,UNL,True,1.0,1.15,336546.99,55699.29,84136.77,55699.29,28437.48,52.57277941321894,63.331152168365364,43720875.71359842,52667815.239303835,452.63477941321906,166.1122794132187,65.47659574468084,4.109813010469741,-227.47604556534736,79.0796499657942,205.17881678448094,545.2609204166462,200.1051145092664,-274.0262207391434,95.26232779211811,247.16613830456615
2011,M1_fixed,False,UNL,True,1.15,0.85,336546.99,45783.27,84136.77,45783.27,38353.5,224.83199632520157,270.8410993391092,186976071.59994912,225238425.17944074,520.5299963252015,308.7524963252017,42.08325624421832,2.6414677193945413,-97.22415240014952,255.31489746066325,400.328939302153,627.0500584791426,371.9348975910799,-117.11987950452576,307.561951306425,482.25133339574023
2011,M1_fixed,False,UNL,True,1.15,1.0,336546.99,48808.08,84136.77,48808.08,35328.69,172.64999632520167,207.9806947849857,143580178.0985806,172962095.7653959,520.5299963252015,271.37999632520143,49.50971322849214,3.1076090816406365,-149.40615240014955,203.13289746066323,348.146939302153,627.0500584791426,326.91457508142133,-179.98028405864935,244.7015467523014,419.39092884161664
2011,M1_fixed,False,UNL,True,1.15,1.15,336546.99,49201.83,84136.77,49201.83,34934.94,120.46799632520177,145.12029023086225,100184284.59721209,120685766.3513511,520.5299963252015,234.00749632520174,56.93617021276596,3.573750443886732,-201.5881524001495,150.95089746066327,295.964939302153,627.0500584791426,281.89425257176356,-242.84068861277288,181.84114219817786,356.5305242874931
2011,M1_fixed,False,ERS_Heartland,True,0.85,0.85,336546.99,327364.92,84136.77,84136.77,243228.15,-157.47543749876388,-189.70084911482692,-130960624.63642223,-157760105.88529038,384.73956250123564,,104.4026186579378,6.553108566618794,-395.51693873054523,-134.94459752907488,-27.76030573319116,463.4717823541486,,-476.4546160862094,-162.55934983463706,-33.44111089905623
2011,M1_fixed,False,ERS_Heartland,True,0.85,1.0,336546.99,335870.1,84136.77,84136.77,251733.33,-253.16043749876403,-304.9666076093523,-210534731.98528704,-253618075.68297732,384.73956250123564,,122.82661018580917,7.709539490139758,-491.2019387305453,-230.62959752907494,-123.44530573319122,463.4717823541486,,-591.7203745807346,-277.82510832916233,-148.70686939358148
2011,M1_fixed,False,ERS_Heartland,True,0.85,1.15,336546.99,336539.16,84136.77,84136.77,252402.38999999998,-348.8454374987636,-420.232366103877,-290108839.3341513,-349476045.4806636,384.73956250123564,,141.25060171368054,8.86597041366072,-586.8869387305452,-326.3145975290749,-219.13030573319116,463.4717823541486,,-706.9861330752598,-393.09086682368746,-263.9726278881066
2011,M1_fixed,False,ERS_Heartland,True,1.0,0.85,336546.99,284131.44,84136.77,84136.77,199994.66999999998,-89.5802205867811,-107.91171105233008,-74497215.75280865,-89742154.77324323,452.63477941321906,,88.74222585924711,5.570142281625974,-369.6290455653474,-63.07335003420576,63.02581678448098,545.2609204166462,,-445.26908395983884,-75.98053542857724,75.92327508387079
2011,M1_fixed,False,ERS_Heartland,True,1.0,1.0,336546.99,327364.92,84136.77,84136.77,243228.15,-185.26522058678106,-223.17746954685524,-154071323.10167325,-185600124.5709299,452.63477941321906,,104.4026186579378,6.553108566618794,-465.31404556534744,-158.75835003420582,-32.65918321551908,545.2609204166462,,-560.5348424543641,-191.2462939231025,-39.34248341065447
2011,M1_fixed,False,ERS_Heartland,True,1.0,1.15,336546.99,335466.63,84136.77,84136.77,251329.86,-280.95022058678103,-338.4432280413804,-233645430.45053786,-281458094.3686166,452.63477941321906,,120.06301145662846,7.5360748516116125,-560.9990455653474,-254.44335003420576,-128.34418321551902,545.2609204166462,,-675.8006009488893,-306.5120524176276,-154.6082419051796
2011,M1_fixed,False,ERS_Heartland,True,1.15,0.85,336546.99,152582.04,84136.77,84136.77,68445.27,-21.685003674798224,-26.122572989833134,-18033806.869194943,-21724203.661195945,520.5299963252015,,77.16715292108447,4.8436019840225875,-343.7411524001494,8.797897460663307,153.81193930215306,627.0500584791426,,-414.08355183346816,10.598278977482503,185.28766106679777
2011,M1_fixed,False,ERS_Heartland,True,1.15,1.0,336546.99,295105.76999999996,84136.77,84136.77,210969.0,-117.37000367479831,-141.38833148435845,-97607914.21805969,-117582173.4588828,520.5299963252015,,90.78488578951114,5.698355275320691,-439.4261524001495,-86.88710253933675,58.126939302153005,627.0500584791426,,-529.3493103279934,-104.66747951704276,70.0219025722725
2011,M1_fixed,False,ERS_Heartland,True,1.15,1.15,336546.99,327364.92,84136.77,84136.77,243228.15,-213.05500367479831,-256.65408997888363,-177182021.56692433,-213440143.25656953,520.5299963252015,,104.40261865793781,6.5531085666187945,-535.1111524001494,-182.5721025393367,-37.55806069784694,627.0500584791426,,-644.6150688225185,-219.93323801156788,-45.24385592225264
2011,M1_fixed,False,FINBIN_county,False,0.85,0.85,140630.58,105227.73,44497.35,44497.35,60730.38,-53.48237301413609,-64.4268829133252,-18585431.138903122,-22388711.05370158,308.490126985864,6.629626985863928,83.4697217675941,5.239199512424494,-244.92349459286993,-29.77718873937141,56.55761565797033,371.6188375931233,7.986298615889414,-295.0440756375283,-35.87072420837415,68.13143614420008
2011,M1_fixed,False,FINBIN_county,False,0.85,1.0,140630.58,134928.0,44497.35,44497.35,90430.65,-117.35987301413608,-141.3761277085808,-40783228.48161816,-49129014.62913978,308.490126985864,-46.63987301413606,98.19967266775777,6.163764132264111,-308.8009945928699,-93.65468873937141,-7.319884342029664,371.6188375931233,-56.18414943891654,-371.9933204327839,-112.81996900362975,-8.817808651055524
2011,M1_fixed,False,FINBIN_county,False,0.85,1.15,140630.58,139904.19,44497.35,44497.35,95406.84,-181.23737301413598,-218.3253725038363,-62981025.82433315,-75869318.20457794,308.490126985864,-99.90937301413607,112.92962356792142,7.0883287521037275,-372.67849459286987,-157.53218873937135,-71.19738434202961,371.6188375931233,-120.35459749372254,-448.9425652280394,-189.7692137988853,-85.76705344631107
2011,M1_fixed,False,FINBIN_county,False,1.0,0.85,140630.58,44628.57,44497.35,44497.35,131.22,0.9570611598399537,1.1529119560495613,332584.2381231434,400643.51225989347,362.92956115983986,61.06906115983996,70.94926350245498,4.45331958556082,-224.2677877563176,28.845513247798323,130.41587136231806,437.1986324624979,73.56609348526416,-270.16143242536594,34.74839278540365,157.1038755531381
2011,M1_fixed,False,FINBIN_county,False,1.0,1.0,140630.58,105227.73,44497.35,44497.35,60730.38,-62.920438840159996,-75.79633283920599,-21865213.104591873,-26339660.063178286,362.92956115983986,7.799561159839933,83.46972176759411,5.239199512424495,-288.1452877563176,-35.031986752201675,66.53837136231806,437.1986324624979,9.395645430458154,-347.11067722062154,-42.20085200985196,80.15463075788247
2011,M1_fixed,False,FINBIN_county,False,1.0,1.15,140630.58,133139.07,44497.35,44497.35,88641.72,-126.79793884015996,-152.74557763446154,-44063010.447306894,-53079963.63861647,362.92956115983986,-45.46993884016006,95.9901800327332,6.025079439288168,-352.02278775631754,-98.90948675220162,2.66087136231812,437.1986324624979,-54.774802624347814,-424.0599220158771,-119.1500968051075,3.205385962626939
2011,M1_fixed,False,FINBIN_county,False,1.15,0.85,140630.58,26129.61,44497.35,26129.61,18367.739999999998,55.39649533381592,66.73270682542423,19250599.615149383,23189998.078221336,417.3689953338157,115.50849533381582,61.69501174126521,3.8724518135311485,-203.61208091976525,87.468215234968,204.27412706666567,502.7784273318724,139.1458883546387,-245.27878921320357,105.36750977918139,246.07631496207594
2011,M1_fixed,False,FINBIN_county,False,1.15,1.0,140630.58,51304.59,44497.35,44497.35,6807.24,-8.481004666184088,-10.216537969831387,-2947197.727565652,-3550305.4972168673,417.3689953338157,62.2389953338159,72.58236675442966,4.5558256629778215,-267.4895809197653,23.590715234968002,140.39662706666567,502.7784273318724,74.97544029983283,-322.2280340084592,28.418264983925777,169.12707016682035
2011,M1_fixed,False,FINBIN_county,False,1.15,1.15,140630.58,105227.73,44497.35,44497.35,60730.38,-72.35850466618405,-87.16578276508695,-25144995.07028067,-30290609.07265505,417.3689953338157,8.969495333815882,83.4697217675941,5.239199512424494,-331.3670809197652,-40.28678476503194,76.51912706666573,502.7784273318724,10.804992245026828,-399.1772788037147,-48.530979811329765,92.17782537156481
2011,M1_fixed,False,FINBIN_state,False,0.85,0.85,336546.99,306242.1,84136.77,84136.77,222105.33,-83.04858996148869,-100.04346254702205,-69065343.70870402,-83198716.91768672,314.7939100385112,-15.966589961488676,93.62494254082952,5.876619005349584,-277.8141462693321,-64.61385669828911,23.08433084910294,379.21261232216466,-19.233956236422262,-334.6653946830071,-77.83628783597065,27.80825526112157
2011,M1_fixed,False,FINBIN_state,False,0.85,1.0,336546.99,331981.56,84136.77,84136.77,247844.78999999998,-153.25608996148873,-184.61806399452564,-127451706.68822451,-153533131.0324497,314.7939100385112,-74.33608996148871,110.14699122450533,6.913669418058334,-348.02164626933217,-134.82135669828915,-47.1231691508971,379.21261232216466,-89.5480565702906,-419.2399961305107,-162.41088928347426,-56.76634618638203
2011,M1_fixed,False,FINBIN_state,False,0.85,1.15,336546.99,336222.54,84136.77,84136.77,252085.77,-223.46358996148854,-269.19266544202895,-185838069.66774482,-223867545.14721245,314.7939100385112,-132.7055899614886,126.66903990818112,7.950719830767084,-418.2291462693321,-205.02885669828908,-117.33066915089702,379.21261232216466,-159.86215690415878,-503.8145975780142,-246.98549073097772,-141.3409476338855
2011,M1_fixed,False,FINBIN_state,False,1.0,0.85,336546.99,183580.56,84136.77,84136.77,99443.79,-27.49672348410431,-33.123589784287056,-22866982.560131304,-27546429.31780963,370.34577651589575,39.58527651589575,79.58120115970509,4.995126154547146,-256.63267208156725,-5.808801997987246,97.36553629306226,446.1324850848998,47.68591652631279,-309.14939229721074,-6.9975018889325735,117.29019587235243
2011,M1_fixed,False,FINBIN_state,False,1.0,1.0,336546.99,306242.1,84136.77,84136.77,222105.33,-97.70422348410436,-117.69819123179067,-81253345.5396518,-97880843.4325726,370.34577651589575,-18.78422348410432,93.62494254082952,5.876619005349584,-326.8401720815673,-76.01630199798728,27.158036293062224,446.1324850848998,-22.628183807555594,-393.72399374471433,-91.57210333643617,32.71559442484883
2011,M1_fixed,False,FINBIN_state,False,1.0,1.15,336546.99,330319.8,84136.77,84136.77,246183.03,-167.91172348410436,-202.2727926792942,-139639708.51917225,-168215257.54733554,370.34577651589575,-77.15372348410429,107.66868392195394,6.758111856152021,-397.0476720815672,-146.2238019979872,-43.0494637069377,446.1324850848998,-92.94228414142385,-478.2985951922178,-176.14670478393964,-51.85900702265463
2011,M1_fixed,False,FINBIN_state,False,1.15,0.85,336546.99,71624.61,84136.77,71624.61,12512.16,28.05514299327998,33.796282978447834,23331378.588441335,28105858.282067355,425.8976429932802,95.13714299328005,69.20104448670008,4.343587960475779,-235.45119789380234,52.99625270231462,171.64674173702156,513.0523578476349,114.60578928904769,-283.6333899114143,63.84128405810551,206.77213648358327
2011,M1_fixed,False,FINBIN_state,False,1.15,1.0,336546.99,208771.74,84136.77,84136.77,124634.97,-42.15235700672002,-50.77831846905572,-35054984.39107912,-42228555.83269557,425.8976429932802,36.767642993280006,81.4129935137648,5.110103482912682,-305.65869789380235,-17.211247297685418,101.43924173702152,513.0523578476349,44.29168895517933,-368.20799135891787,-20.733317389398096,122.19753503607967
2011,M1_fixed,False,FINBIN_state,False,1.15,1.15,336546.99,306242.1,84136.77,84136.77,222105.33,-112.35985700671995,-135.3529199165592,-93441347.37059954,-112562969.94745846,425.8976429932802,-21.601857006719968,93.62494254082951,5.876619005349583,-375.86619789380234,-87.41874729768534,31.231741737021594,513.0523578476349,-26.022411378688933,-452.7825928064214,-105.30791883690156,37.6229335885762
2011,M2_HI_sensitivity,False,UNL,True,0.85,0.85,336546.99,49231.979999999996,84136.77,49231.979999999996,34904.79,83.73631379657422,100.8719206071767,69637272.5405948,83887683.95131558,379.4343137965742,167.65681379657394,56.93617021276595,3.5737504438867314,-151.02278987867658,105.9564785293988,211.66277308786852,457.08087974721025,201.9657188591469,-181.9277465153886,127.6391687840312,254.976956524301
2011,M2_HI_sensitivity,False,UNL,True,0.85,1.0,336546.99,64542.6,84136.77,64542.6,19594.17,31.554313796574185,38.011516053053086,26241379.03922616,31611354.537270606,379.4343137965742,130.28431379657428,66.9837296620776,4.2044122869255665,-203.2047898786766,53.77447852939878,159.4807730878685,457.08087974721025,156.94539634948913,-244.7881510695122,64.77876422990761,192.1165519701774
2011,M2_HI_sensitivity,False,UNL,True,0.85,1.15,336546.99,164296.71,84136.77,84136.77,80159.94,-20.62768620342582,-24.84888850107049,-17154514.462142453,-20664974.87677433,379.4343137965742,92.91181379657407,77.03128911138923,4.835074129964402,-255.38678987867655,1.592478529398818,107.29877308786854,457.08087974721025,111.9250738398307,-307.64855562363573,1.9183596757840915,129.25614741605386
2011,M2_HI_sensitivity,False,UNL,True,1.0,0.85,336546.99,48740.4,84136.77,48740.4,35396.369999999995,150.6953103489108,181.53325232727255,125322096.4903036,150967722.29794553,446.3933103489111,234.6158103489107,48.39574468085106,3.0376878773037217,-125.49187044550185,176.83668062282214,301.19702716219825,537.7422114673064,282.627050579243,-151.17223840515712,213.02413253533678,362.83329458271294
2011,M2_HI_sensitivity,False,UNL,True,1.0,1.0,336546.99,49231.979999999996,84136.77,49231.979999999996,34904.79,98.51331034891078,118.67284777314897,81926202.988935,98691392.8839006,446.3933103489111,197.24331034891077,56.93617021276595,3.5737504438867314,-177.67387044550185,124.65468062282213,249.01502716219824,537.7422114673064,237.6067280695849,-214.0326429592807,150.16372798121319,299.97289002858935
2011,M2_HI_sensitivity,False,UNL,True,1.0,1.15,336546.99,58392.36,84136.77,58392.36,25744.41,46.33131034891084,55.812443219025475,38530309.48756644,46415063.46985574,446.3933103489111,159.8708103489108,65.47659574468084,4.109813010469741,-229.8558704455018,72.47268062282217,196.83302716219828,537.7422114673064,192.58640555992673,-276.8930475134042,87.30332342708968,237.11248547446584
2011,M2_HI_sensitivity,False,UNL,True,1.15,0.85,336546.99,46241.82,84136.77,46241.82,37894.95,217.65430690124754,262.1945840473686,181006920.4400126,218047760.64457572,513.3523069012474,301.57480690124714,42.08325624421832,2.6414677193945413,-99.96095101232714,247.71688271624544,390.73128123652793,618.403543187402,363.2883822993387,-120.41673029492569,298.4090962866423,470.68963264112483
2011,M2_HI_sensitivity,False,UNL,True,1.15,1.0,336546.99,48888.54,84136.77,48888.54,35248.229999999996,165.47230690124724,199.3341794932447,137611026.93864372,165771431.23053047,513.3523069012474,264.2023069012472,49.50971322849214,3.1076090816406365,-152.14295101232716,195.53488271624542,338.5492812365279,618.403543187402,318.2680597896806,-183.27713484904928,235.5486917325187,407.8292280870013
2011,M2_HI_sensitivity,False,UNL,True,1.15,1.15,336546.99,49231.979999999996,84136.77,49231.979999999996,34904.79,113.29030690124732,136.47377493912123,94215133.43727519,113495101.81648563,513.3523069012474,226.82980690124737,56.93617021276596,3.573750443886732,-204.32495101232712,143.35288271624546,286.36728123652796,618.403543187402,273.2477372800226,-246.13753940317278,172.6882871783952,344.96882353287776
2011,M2_HI_sensitivity,False,ERS_Heartland,True,0.85,0.85,336546.99,328825.44,84136.77,84136.77,244688.66999999998,-162.78068620342603,-196.09175172176614,-135372605.92854968,-163074944.8893216,379.4343137965742,,104.4026186579378,6.553108566618794,-397.5397898786765,-140.56052147060115,-34.85422691213142,457.08087974721025,,-478.89141884433104,-169.32450354491127,-41.98671580464149
2011,M2_HI_sensitivity,False,ERS_Heartland,True,0.85,1.0,336546.99,336057.75,84136.77,84136.77,251920.97999999998,-258.4656862034257,-311.35751021629096,-214946713.27741405,-258932914.687008,379.4343137965742,,122.82661018580917,7.709539490139758,-493.2247898786766,-236.2455214706012,-130.53922691213148,457.08087974721025,,-594.1571773388563,-284.59026203943654,-157.25247429916675
2011,M2_HI_sensitivity,False,ERS_Heartland,True,0.85,1.15,336546.99,336543.20999999996,84136.77,84136.77,252406.44,-354.1506862034261,-426.62326871081666,-294520820.626279,-354790884.4846951,379.4343137965742,,141.25060171368054,8.86597041366072,-588.9097898786765,-331.93052147060115,-226.22422691213143,457.08087974721025,,-709.4229358333814,-399.85602053396167,-272.5182327936919
2011,M2_HI_sensitivity,False,ERS_Heartland,True,1.0,0.85,336546.99,291152.07,84136.77,84136.77,207015.3,-95.82168965108909,-115.43042000166984,-79687781.97884053,-95994906.54269122,446.3933103489111,,88.74222585924711,5.570142281625974,-372.00887044550177,-69.6803193771778,54.680027162198314,537.7422114673064,,-448.1359107340996,-83.93953979360569,65.86962225377049
2011,M2_HI_sensitivity,False,ERS_Heartland,True,1.0,1.0,336546.99,328825.44,84136.77,84136.77,244688.66999999998,-191.5066896510892,-230.6961784961952,-159261889.3277053,-191852876.3403781,446.3933103489111,,104.4026186579378,6.553108566618794,-467.69387044550183,-165.36531937717785,-41.004972837801745,537.7422114673064,,-563.4016692286249,-199.20529828813096,-49.396136240754785
2011,M2_HI_sensitivity,False,ERS_Heartland,True,1.0,1.15,336546.99,335735.91,84136.77,84136.77,251599.13999999998,-287.19168965108923,-345.9619369907204,-238835996.67656997,-287710846.13806486,446.3933103489111,,120.06301145662846,7.5360748516116125,-563.3788704455018,-261.0503193771778,-136.6899728378017,537.7422114673064,,-678.66742772315,-314.4710567826561,-164.6618947352799
2011,M2_HI_sensitivity,False,ERS_Heartland,True,1.15,0.85,336546.99,166059.9,84136.77,84136.77,81923.12999999999,-28.86269309875257,-34.76908828157405,-24002958.029131755,-28914868.1960613,513.3523069012474,,77.16715292108447,4.8436019840225875,-346.4779510123271,1.1998827162454972,144.214281236528,618.403543187402,,-417.3804026238682,1.4454239576998316,173.7259603121824
2011,M2_HI_sensitivity,False,ERS_Heartland,True,1.15,1.0,336546.99,300547.17,84136.77,84136.77,216410.4,-124.5476930987526,-150.03484677609927,-103577065.37799644,-124772837.99374808,513.3523069012474,,90.78488578951114,5.698355275320691,-442.16295101232714,-94.48511728375456,48.529281236527936,618.403543187402,,-532.6461611183934,-113.82033453682543,58.46020181765712
2011,M2_HI_sensitivity,False,ERS_Heartland,True,1.15,1.15,336546.99,328825.44,84136.77,84136.77,244688.66999999998,-220.23269309875275,-265.30060527062466,-183151172.72686124,-220630807.79143497,513.3523069012474,,104.40261865793781,6.5531085666187945,-537.847951012327,-190.1701172837545,-47.15571876347201,618.403543187402,,-647.9119196129185,-229.08609303135057,-56.805556676868
2011,M2_HI_sensitivity,False,FINBIN_county,False,0.85,0.85,140630.58,110235.69,44497.35,44497.35,65738.34,-57.73620340887476,-69.55120738379203,-20063661.580493517,-24169443.175555725,304.2362965911252,2.3757965911252024,83.4697217675941,5.239199512424494,-246.53750340062334,-34.35790070592233,50.78642724063204,366.4945131226564,2.86197414542252,-296.98837149834804,-41.38882254426211,61.17924499261606
2011,M2_HI_sensitivity,False,FINBIN_county,False,0.85,1.0,140630.58,135850.5,44497.35,44497.35,91353.15,-121.61370340887474,-146.5004521790476,-42261458.92320854,-50909746.750993915,304.2362965911252,-50.893703408874764,98.19967266775777,6.163764132264111,-310.41500340062333,-98.23540070592233,-13.09107275936796,366.4945131226564,-61.308473909383416,-373.93761629360364,-118.33806733951772,-15.769999802639543
2011,M2_HI_sensitivity,False,FINBIN_county,False,0.85,1.15,140630.58,140055.84,44497.35,44497.35,95558.48999999999,-185.49120340887458,-223.44969697430304,-64459256.26592353,-77650050.32643206,304.2362965911252,-104.16320340887481,112.92962356792142,7.0883287521037275,-374.2925034006233,-162.11290070592227,-76.9685727593679,366.4945131226564,-125.47892196418944,-450.8868610888592,-195.28731213477326,-92.71924459789508
2011,M2_HI_sensitivity,False,FINBIN_county,False,1.0,0.85,140630.58,48554.82,44497.35,44497.35,4057.47,-4.047445186911479,-4.875705068029126,-1406510.3990420473,-1694335.4546273595,357.92505481308876,56.064554813088506,70.94926350245498,4.45331958556082,-226.16662164779217,23.456440345973732,123.62623793015536,431.1700154384196,67.53747646118545,-272.448839320448,28.256512390241365,148.92482713950983
2011,M2_HI_sensitivity,False,FINBIN_county,False,1.0,1.0,140630.58,110235.69,44497.35,44497.35,65738.34,-67.92494518691151,-81.82494986328479,-23604307.74175709,-28434639.03006557,357.92505481308876,2.795054813088479,83.46972176759411,5.239199512424495,-290.0441216477921,-40.421059654026266,59.74873793015536,431.1700154384196,3.367028406379442,-349.3980841157035,-48.69273240501424,71.97558234425422
2011,M2_HI_sensitivity,False,FINBIN_county,False,1.0,1.15,140630.58,134271.27,44497.35,44497.35,89773.92,-131.80244518691146,-158.77419465854032,-45802105.084472105,-55174942.605503745,357.92505481308876,-50.47444518691151,95.9901800327332,6.025079439288168,-353.92162164779205,-104.2985596540262,-4.128762069844583,431.1700154384196,-60.80341964842652,-426.34732891095905,-125.64197720026978,-4.973662451001323
2011,M2_HI_sensitivity,False,FINBIN_county,False,1.15,0.85,140630.58,26679.51,44497.35,26679.51,17817.84,49.64131303505174,59.7997972477337,17250640.782409403,20780772.26630098,411.613813035052,109.75331303505176,61.69501174126521,3.8724518135311485,-205.795739894961,81.27078139786974,196.46604861967856,495.8455177541824,132.21297877694832,-247.90930714254793,97.90184732474478,236.67040928640344
2011,M2_HI_sensitivity,False,FINBIN_county,False,1.15,1.0,140630.58,55932.03,44497.35,44497.35,11434.68,-14.236186964948233,-17.149447547521877,-4947156.560305621,-5959531.3091372065,411.613813035052,56.48381303505175,72.58236675442966,4.5558256629778215,-269.673239894961,17.393281397869742,132.58854861967856,495.8455177541824,68.04253072214233,-324.85855193780355,20.95260252948917,159.72116449114785
2011,M2_HI_sensitivity,False,FINBIN_county,False,1.15,1.15,140630.58,110235.69,44497.35,44497.35,65738.34,-78.11368696494816,-94.0986923427774,-27144953.903020628,-32699834.884575374,411.613813035052,3.21431303505174,83.4697217675941,5.239199512424494,-333.55073989496094,-46.4842186021302,68.71104861967864,495.8455177541824,3.8720826673363447,-401.8077967330591,-55.99664226576637,82.77191969589232
2011,M2_HI_sensitivity,False,FINBIN_state,False,0.85,0.85,336546.99,310249.70999999996,84136.77,84136.77,226112.94,-87.38934445164304,-105.27249906001946,-72675226.80192249,-87547318.19078478,310.4531555483567,-20.307344451643036,93.62494254082952,5.876619005349584,-279.46924307873314,-69.20880566724594,17.280084540493988,373.983575809167,-24.462992749419683,-336.6591866997023,-83.37153660171707,20.81624132737167
2011,M2_HI_sensitivity,False,FINBIN_state,False,0.85,1.0,336546.99,332807.22,84136.77,84136.77,248670.44999999998,-157.59684445164314,-189.84710050752312,-131061589.78144301,-157881732.3055478,310.4531555483567,-78.67684445164305,110.14699122450533,6.913669418058334,-349.6767430787332,-139.41630566724598,-52.92741545950605,373.983575809167,-94.777093083288,-421.23378814720587,-167.94613804922065,-63.75836012013193
2011,M2_HI_sensitivity,False,FINBIN_state,False,0.85,1.15,336546.99,336328.64999999997,84136.77,84136.77,252191.88,-227.80434445164298,-274.4217019550265,-189447952.76096338,-228216146.42031062,310.4531555483567,-137.04634445164294,126.66903990818112,7.950719830767084,-419.8842430787331,-209.6238056672459,-123.13491545950598,373.983575809167,-165.09119341715618,-505.80838959470935,-252.52073949672413,-148.33296156763538
2011,M2_HI_sensitivity,False,FINBIN_state,False,1.0,0.85,336546.99,198826.74,84136.77,84136.77,114689.97,-32.6034934725212,-39.27539744663696,-27113903.846270677,-32662430.81557207,365.2390065274787,34.4785065274788,79.58120115970509,4.995126154547146,-258.5798447985096,-11.214624314406933,90.53701122411059,439.9806774225497,41.534108863962814,-311.4950299639109,-13.509559260398806,109.06429712676436
2011,M2_HI_sensitivity,False,FINBIN_state,False,1.0,1.0,336546.99,310249.70999999996,84136.77,84136.77,226112.94,-102.81099347252135,-123.84999889414068,-85500266.82579127,-102996844.93033516,365.2390065274787,-23.890993472521227,93.62494254082952,5.876619005349584,-328.78734479850965,-81.42212431440697,20.329511224110547,439.9806774225497,-28.779991469905518,-396.0696314114145,-98.08416070790241,24.48969567926076
2011,M2_HI_sensitivity,False,FINBIN_state,False,1.0,1.15,336546.99,331378.2,84136.77,84136.77,247241.43,-173.0184934725213,-208.42460034164418,-143886629.80531168,-173331259.04509804,365.2390065274787,-82.26049347252123,107.66868392195394,6.758111856152021,-398.9948447985096,-151.6296243144069,-49.87798877588938,439.9806774225497,-99.09409180377382,-480.644232858918,-182.65876215540587,-60.084905768242706
2011,M2_HI_sensitivity,False,FINBIN_state,False,1.15,0.85,336546.99,78244.2,84136.77,78244.2,5892.57,22.18235750660058,26.721704166745475,18447419.10938108,22222456.559640575,420.02485750660037,89.26435750660059,69.20104448670008,4.343587960475779,-237.69044651828608,46.77955703843196,163.79393790772713,505.97777903593203,107.53121047734525,-286.3308732281196,56.352418080919314,197.31235292615696
2011,M2_HI_sensitivity,False,FINBIN_state,False,1.15,1.0,336546.99,224138.78999999998,84136.77,84136.77,140002.02,-48.02514249339948,-57.85289728075815,-39938943.87013943,-48111957.55512242,420.02485750660037,30.894857506600584,81.4129935137648,5.110103482912682,-307.89794651828606,-23.42794296156808,93.58643790772709,505.97777903593203,37.217110143476944,-370.9054746756231,-28.222183366584286,112.73775147865338
2011,M2_HI_sensitivity,False,FINBIN_state,False,1.15,1.15,336546.99,310249.70999999996,84136.77,84136.77,226112.94,-118.23264249339944,-142.42749872826167,-98325306.84965986,-118446371.66988532,420.02485750660037,-27.47464249339942,93.62494254082951,5.876619005349583,-378.10544651828604,-93.635442961568,23.378937907727163,505.97777903593203,-33.09699019039135,-455.48007612312665,-112.79678481408774,28.16315003114991
2013,M1_fixed,False,UNL,True,0.85,0.85,301600.89,271702.89,75400.29,75400.29,196302.6,-72.79534626232812,-84.67380236139311,-54252335.464760005,-63105016.551921695,309.8661537376718,34.525653737671924,100.71364653243849,6.321560400984833,-261.91278655468193,-50.47235115046033,21.259283759289815,360.4288846366366,40.159413081800345,-304.6506770465029,-58.708229378126596,24.72828942789769
2013,M1_fixed,False,UNL,True,0.85,1.0,301600.89,298757.7,75400.29,75400.29,223357.41,-140.32384626232803,-163.22133536104533,-104579437.72525103,-121644295.90186721,309.8661537376718,-14.063846262328102,118.4866429793394,7.437129883511568,-329.44128655468194,-118.00085115046033,-46.26921624071019,360.4288846366366,-16.358728957288456,-383.1982100461552,-137.25576237777892,-53.81924357175463
2013,M1_fixed,False,UNL,True,0.85,1.15,301600.89,301544.82,75400.29,75400.29,226144.53,-207.85234626232818,-241.7688683606978,-154906539.98574227,-180183575.25181296,309.8661537376718,-62.6533462623281,136.25963942624028,8.552699366038302,-396.9697865546819,-185.5293511504603,-113.79771624071014,360.4288846366366,-72.87687099637722,-461.7457430458075,-215.80329537743117,-132.3667765714069
2013,M1_fixed,False,UNL,True,1.0,0.85,301600.89,129069.09,75400.29,75400.29,53668.799999999996,-18.11308383803304,-21.06870507257483,-13499174.756873582,-15701916.593491653,364.5484161619672,89.20791616196686,85.6065995525727,5.3733263408371075,-240.6041900643317,8.149263352399657,92.53942206975273,424.03398192545524,103.76451037061847,-279.8650282315276,9.47902784891519,107.63963820894372
2013,M1_fixed,False,UNL,True,1.0,1.0,301600.89,271702.89,75400.29,75400.29,196302.6,-85.64158383803303,-99.61623807222712,-63826277.01736467,-74241195.94343723,364.5484161619672,40.61841616196699,100.71364653243849,6.321560400984833,-308.1326900643317,-59.37923664760035,25.010922069752723,424.03398192545524,47.246368331529844,-358.4125612311799,-69.06850515073714,29.0921052092914
2013,M1_fixed,False,UNL,True,1.0,1.15,301600.89,297306.63,75400.29,75400.29,221906.34,-153.17008383803304,-178.16377107187944,-114153379.27785577,-132780475.29338282,364.5484161619672,-7.971083838033049,115.82069351230425,7.269794461132557,-375.66119006433166,-126.9077366476003,-42.51757793024723,424.03398192545524,-9.271773707558973,-436.96009423083217,-147.6160381503894,-49.45542779036086
2013,M1_fixed,False,UNL,True,1.15,0.85,301600.89,52062.119999999995,75400.29,52062.119999999995,23338.17,36.569178586261955,42.53639221624336,27253985.951012786,31701183.36493832,419.2306785862618,143.89017858626224,74.44052135006324,4.672457687684442,-219.29559357398148,66.77087785525958,163.8195603802156,487.6390792142729,167.3696076594371,-255.07937941655229,77.6662850759569,190.5509869899897
2013,M1_fixed,False,UNL,True,1.15,1.0,301600.89,152635.41,75400.29,75400.29,77235.12,-30.95932141373804,-36.01114078340895,-23073116.309478313,-26838095.985007275,419.2306785862618,95.30067858626192,87.57708394125086,5.4970090443346376,-286.8240935739815,-0.7576221447404237,96.29106038021558,487.6390792142729,110.85146562034795,-333.6269124162046,-0.8812479236954144,112.00345399033736
2013,M1_fixed,False,UNL,True,1.15,1.15,301600.89,271702.89,75400.29,75400.29,196302.6,-98.48782141373798,-114.55867378306118,-73400218.56996936,-85377375.3349528,419.2306785862618,46.711178586261916,100.71364653243847,6.321560400984832,-354.35259357398144,-68.28612214474038,28.762560380215632,487.6390792142729,54.33332358125918,-412.1744454158569,-79.42878092334767,33.45592099068511
2013,M1_fixed,False,ERS_Heartland,True,0.85,0.85,301600.89,301600.89,75400.29,75400.29,226200.6,-292.66484626232824,-340.42073598004396,-218114924.00830907,-253706052.8704075,309.8661537376718,,158.58165548098435,9.953800186237164,-481.7822865546819,-270.3418511504603,-198.61021624071014,360.4288846366366,,-560.3976106651536,-314.45516299677723,-231.01864419075298
2013,M1_fixed,False,ERS_Heartland,True,0.85,1.0,301600.89,301600.89,75400.29,75400.29,226200.6,-398.9938462623281,-464.1000807947521,-297358953.65883815,-345880809.21773285,309.8661537376718,,186.56665350704043,11.710353160279016,-588.111286554682,-376.67085115046035,-304.9392162407102,360.4288846366366,,-684.076955479862,-438.13450781148566,-354.69798900546135
2013,M1_fixed,False,ERS_Heartland,True,0.85,1.15,301600.89,301600.89,75400.29,75400.29,226200.6,-505.32284626232774,-587.77942560946,-376602983.30936706,-438055565.565058,309.8661537376718,,214.55165153309648,13.466906134320869,-694.440286554682,-482.9998511504603,-411.26821624071016,360.4288846366366,,-807.7563002945702,-561.8138526261939,-478.3773338201696
2013,M1_fixed,False,ERS_Heartland,True,1.0,0.85,301600.89,301518.45,75400.29,75400.29,226118.16,-237.98258383803292,-276.8156386912254,-177361763.3004225,-206302952.9119773,364.5484161619672,,134.7944071588367,8.460730158301589,-460.47369006433166,-211.7202366476003,-127.33007793024723,424.03398192545524,,-535.6119618501782,-246.26790576973548,-148.10729540970692
2013,M1_fixed,False,ERS_Heartland,True,1.0,1.0,301600.89,301600.89,75400.29,75400.29,226200.6,-344.31158383803296,-400.49498350593376,-256605792.9509517,-298477709.2593028,364.5484161619672,,158.58165548098435,9.953800186237164,-566.8026900643317,-318.04923664760037,-233.6590779302473,424.03398192545524,,-659.2913066648866,-369.94725058444385,-271.78664022441535
2013,M1_fixed,False,ERS_Heartland,True,1.0,1.15,301600.89,301600.89,75400.29,75400.29,226200.6,-450.6405838380331,-524.1743283206422,-335849822.60148096,-390652465.6066283,364.5484161619672,,182.36890380313199,11.446870214172737,-673.1316900643317,-424.3782366476003,-339.98807793024724,424.03398192545524,,-782.970651479595,-493.6265953991521,-395.4659850391236
2013,M1_fixed,False,ERS_Heartland,True,1.15,0.85,301600.89,298117.35,75400.29,75400.29,222717.06,-183.3003214137381,-213.2105414024074,-136608602.59253624,-158899852.95354745,419.2306785862618,,117.21252796420582,7.357156659392686,-439.16509357398144,-153.09862214474038,-56.04993961978437,487.6390792142729,,-510.82631303520293,-178.08064854269375,-65.19594662866096
2013,M1_fixed,False,ERS_Heartland,True,1.15,1.0,301600.89,301565.79,75400.29,75400.29,226165.5,-289.62932141373807,-336.8898862171157,-215852632.2430654,-251074609.30087286,419.2306785862618,,137.8970917225951,8.655478422814925,-545.4940935739814,-259.42762214474044,-162.37893961978443,487.6390792142729,,-634.5056578499112,-301.75999335740215,-188.87529144336935
2013,M1_fixed,False,ERS_Heartland,True,1.15,1.15,301600.89,301600.89,75400.29,75400.29,226200.6,-395.9583214137379,-460.56923103182385,-295096661.89359444,-343249365.6481982,419.2306785862618,,158.58165548098435,9.953800186237164,-651.8230935739814,-365.7566221447404,-268.7079396197844,487.6390792142729,,-758.1850026646196,-425.4393381721104,-312.5546362580776
2013,M1_fixed,False,FINBIN_county,False,0.85,0.85,120834.0,120810.59999999999,39791.79,39791.79,81018.81,-179.69747441844484,-209.01979611329992,-53655386.69395409,-62410660.04653538,259.1065255815553,-110.01447441844495,132.0337634456454,8.28745099922639,-337.7757961596641,-154.80677558519398,-93.19475003818907,301.386501529613,-127.96620034240668,-392.8927118969775,-180.06753169177153,-108.40189999806014
2013,M1_fixed,False,FINBIN_county,False,0.85,1.0,120834.0,120834.0,39791.79,39791.79,81042.20999999999,-257.1334744184449,-299.0914956973434,-76776794.1454467,-89304927.1307224,259.1065255815553,-175.15347441844492,155.33383934781813,9.749942352031047,-415.2117961596641,-232.242775585194,-170.63075003818912,301.386501529613,-203.73432420217478,-482.964411481021,-270.139231275815,-198.47359958210362
2013,M1_fixed,False,FINBIN_county,False,0.85,1.15,120834.0,120834.0,39791.79,39791.79,81042.20999999999,-334.5694744184447,-389.1631952813866,-99898201.59693922,-116199194.2149093,259.1065255815553,-240.29247441844498,178.63391524999082,11.212433704835702,-492.64779615966404,-309.67877558519393,-248.06675003818904,301.386501529613,-279.50244806194297,-573.0361110650643,-360.2109308598583,-288.54529916614695
2013,M1_fixed,False,FINBIN_county,False,1.0,0.85,120834.0,119042.81999999999,39791.79,39791.79,79251.03,-133.97279343346457,-155.83394290219184,-40002576.89433577,-46530038.85291348,304.8312065665354,-64.2897934334646,112.2286989287986,7.044333349342431,-319.9472895996048,-104.68961833552231,-32.2048823978695,354.57235474072087,-74.7803471312985,-372.1550202947537,-121.77245534745248,-37.45994747249792
2013,M1_fixed,False,FINBIN_county,False,1.0,1.0,120834.0,120810.59999999999,39791.79,39791.79,81018.81,-211.40879343346455,-245.90564248623522,-63123984.345828354,-73424305.93710047,304.8312065665354,-129.42879343346453,132.0337634456454,8.28745099922639,-397.38328959960484,-182.12561833552235,-109.64088239786953,354.57235474072087,-150.54847099106655,-462.22671987879716,-211.84415493149595,-127.53164705654139
2013,M1_fixed,False,FINBIN_county,False,1.0,1.15,120834.0,120834.0,39791.79,39791.79,81042.20999999999,-288.8447934334644,-335.9773420702785,-86245391.7973209,-100318573.0212874,304.8312065665354,-194.5677934334646,151.83882796249222,9.530568649110348,-474.81928959960476,-259.56161833552227,-187.07688239786944,354.57235474072087,-226.31659485083478,-552.2984194628405,-301.91585451553925,-217.6033466405847
2013,M1_fixed,False,FINBIN_county,False,1.15,0.85,120834.0,106596.09,39791.79,39791.79,66804.3,-88.24811244848429,-102.64808969108374,-26349767.094717447,-30649417.659291577,350.55588755151587,-18.56511244848432,97.59017298156401,6.125507260297767,-302.1187830395455,-54.572461085850705,28.784985242450077,407.7582079518292,-21.59449392019041,-351.4173286925298,-63.47737900313349,33.48200505306429
2013,M1_fixed,False,FINBIN_county,False,1.15,1.0,120834.0,119659.95,39791.79,39791.79,79868.16,-165.68411244848434,-192.71978927512723,-49471174.54621004,-57543684.743478574,350.55588755151587,-83.70411244848434,114.81196821360473,7.20647912976208,-379.55478303954555,-132.00846108585074,-48.65101475754996,407.7582079518292,-97.36261777995855,-441.48902827657326,-153.54907858717695,-56.58969453097917
2013,M1_fixed,False,FINBIN_county,False,1.15,1.15,120834.0,120810.59999999999,39791.79,39791.79,81018.81,-243.12011244848418,-282.79148885917044,-72592581.99770258,-84437951.82766551,350.55588755151587,-148.84311244848422,132.0337634456454,8.28745099922639,-456.9907830395455,-209.44446108585066,-126.08701475754988,407.7582079518292,-173.13074163972655,-531.5607278606166,-243.62077817122028,-146.66139411502252
2013,M1_fixed,False,FINBIN_state,False,0.85,0.85,301600.89,301600.8,75400.29,75400.29,226200.50999999998,-237.3272205533032,-276.0533358230428,-176873339.374993,-205734829.90612802,262.11577944669665,-149.68372055330332,155.39622228340252,9.753857983217735,-397.3016632966054,-218.44419898817432,-157.7664090180167,304.88679351413094,-174.1085168435746,-462.1317741191773,-254.08905763649776,-183.51010637848185
2013,M1_fixed,False,FINBIN_state,False,0.85,1.0,301600.89,301600.89,75400.29,75400.29,226200.6,-325.4642205533031,-378.5721821766616,-242559380.26043987,-282139258.6149865,262.11577944669665,-222.35422055330307,182.81908503929708,11.475127039079688,-485.4386632966054,-306.5811989881743,-245.9034090180167,304.88679351413094,-258.6371010243459,-564.6506204727963,-356.6079039901167,-286.0289527321008
2013,M1_fixed,False,FINBIN_state,False,0.85,1.15,301600.89,301600.89,75400.29,75400.29,226200.6,-413.6012205533028,-481.0910285302802,-308245421.14588666,-358543687.32384485,262.11577944669665,-295.0247205533033,210.24194779519163,13.19639609494164,-573.5756632966054,-394.71819898817427,-334.04040901801665,304.88679351413094,-343.16568520511777,-667.1694668264151,-459.1267503437355,-388.54779908571965
2013,M1_fixed,False,FINBIN_state,False,1.0,0.85,301600.89,301428.08999999997,75400.29,75400.29,226027.8,-191.07149476859203,-222.24978402643146,-142400240.73219192,-165636547.6512921,308.37150523140787,-103.42799476859207,132.08678894089215,8.290779285735075,-379.2767215254181,-168.8561752802051,-97.47054002119609,358.6903453107424,-120.30496504696318,-441.1655937865897,-196.40945674814316,-113.37539644459497
2013,M1_fixed,False,FINBIN_state,False,1.0,1.0,301600.89,301600.8,75400.29,75400.29,226200.50999999998,-279.20849476859223,-324.76863038005064,-208086281.617639,-242040976.3601508,308.37150523140787,-176.09849476859213,155.39622228340252,9.753857983217735,-467.4137215254181,-256.9931752802051,-185.6075400211961,358.6903453107424,-204.8335492277348,-543.6844401402086,-298.9283031017621,-215.8942427982139
2013,M1_fixed,False,FINBIN_state,False,1.0,1.15,301600.89,301600.89,75400.29,75400.29,226200.6,-367.3454947685923,-427.2874767336696,-273772322.503086,-318445405.06900936,308.37150523140787,-248.7689947685923,178.70565562591287,11.216936680700393,-555.5507215254181,-345.13017528020504,-273.74454002119603,358.6903453107424,-289.3621334085066,-646.2032864938275,-401.44714945538095,-318.41308915183276
2013,M1_fixed,False,FINBIN_state,False,1.15,0.85,301600.89,296660.88,75400.29,75400.29,221260.59,-144.81576898388093,-168.4462322298202,-107927142.08939086,-125538265.3964562,354.62723101611874,-57.17226898388101,114.85807733990622,7.209373291943543,-361.2517797542309,-119.26815157223587,-37.174671024375584,412.49389710735335,-66.50141325035196,-420.19941345400207,-138.72985585978853,-43.240686510708215
2013,M1_fixed,False,FINBIN_state,False,1.15,1.0,301600.89,301524.83999999997,75400.29,75400.29,226124.55,-232.95276898388084,-270.96507858343904,-173613182.97483778,-201942694.10531473,354.62723101611874,-129.84276898388103,135.1271498116544,8.48161563758064,-449.3887797542309,-207.40515157223587,-125.31167102437558,412.49389710735335,-151.02999743112355,-522.718259807621,-241.24870221340748,-145.75953286432716
2013,M1_fixed,False,FINBIN_state,False,1.15,1.15,301600.89,301600.8,75400.29,75400.29,226200.50999999998,-321.0897689838809,-373.483924937058,-239299223.86028475,-278347122.8141733,354.62723101611874,-202.51326898388086,155.39622228340252,9.753857983217735,-537.5257797542308,-295.5421515722358,-213.44867102437553,412.49389710735335,-235.55858161189494,-625.2371061612399,-343.7675485670263,-248.278379217946
2013,M2_HI_sensitivity,False,UNL,True,0.85,0.85,301600.89,188941.86,75400.29,75400.29,113541.56999999999,-37.43688602910608,-43.5456887206947,-27900664.03816422,-32453383.819423158,345.2246139708943,69.884113970894,100.71364653243849,6.321560400984833,-248.13429046857837,-12.56663805110469,67.35021090776286,401.55699827733554,81.2875267224988,-288.6238605762896,-14.61721224392415,78.34015139994293
2013,M2_HI_sensitivity,False,UNL,True,0.85,1.0,301600.89,286592.58,75400.29,75400.29,211192.28999999998,-104.96538602910601,-122.09322172034695,-78227766.29865527,-90992663.1693687,345.2246139708943,21.29461397089387,118.4866429793394,7.437129883511568,-315.66279046857835,-80.0951380511047,-0.17828909223715073,401.55699827733554,24.76938468340987,-367.17139357594186,-93.16474524357648,-0.2073815997093916
2013,M2_HI_sensitivity,False,UNL,True,0.85,1.15,301600.89,300136.05,75400.29,75400.29,224735.75999999998,-172.49388602910608,-200.64075471999934,-128554868.55914643,-149531942.51931438,345.2246139708943,-27.29488602910607,136.25963942624028,8.552699366038302,-383.19129046857836,-147.62363805110465,-67.7067890922371,401.55699827733554,-31.74875735567883,-445.7189265755942,-171.71227824322872,-78.75491459936164
2013,M2_HI_sensitivity,False,UNL,True,1.0,0.85,301600.89,58998.329999999994,75400.29,58998.329999999994,16401.96,23.485104671639913,27.31731097530561,17502791.627356734,20358827.79768307,406.14660467164015,130.80610467163984,85.6065995525727,5.3733263408371075,-224.39419466891573,52.74421993987687,146.7640422444269,472.4199979733356,152.15052641849894,-261.0099500312766,61.35081271268276,170.71241699958517
2013,M2_HI_sensitivity,False,UNL,True,1.0,1.0,301600.89,188941.86,75400.29,75400.29,113541.56999999999,-44.043395328360035,-51.230222024346645,-32824310.63313433,-38180451.552262485,406.14660467164015,82.21660467164,100.71364653243849,6.321560400984833,-291.9226946689157,-14.784280060123137,79.23554224442688,472.4199979733356,95.63238437941034,-339.5574830309289,-17.19672028696956,92.16488399993284
2013,M2_HI_sensitivity,False,UNL,True,1.0,1.15,301600.89,281463.39,75400.29,75400.29,206063.1,-111.57189532836003,-129.77775502399894,-83151412.89362544,-96719730.90220809,406.14660467164015,33.627104671639884,115.82069351230425,7.269794461132557,-359.4511946689157,-82.31278006012309,11.70704224442693,472.4199979733356,39.11424234032144,-418.1050160305812,-95.74425328662181,13.61735100028059
2013,M2_HI_sensitivity,False,UNL,True,1.15,0.85,301600.89,47433.6,75400.29,47433.6,27966.69,84.40709537238584,98.18031067130585,62906247.29287764,73171039.41478924,467.0685953723856,191.72809537238584,74.44052135006324,4.672457687684442,-200.65409886925312,118.05507793085837,226.17787358109086,543.2829976693353,223.01352611449926,-233.39603948626367,137.31883766928962,263.08468259922734
2013,M2_HI_sensitivity,False,UNL,True,1.15,1.0,301600.89,67398.20999999999,75400.29,67398.20999999999,8002.08,16.878595372385895,19.632777671653596,12579145.032386575,14631760.064843688,467.0685953723856,143.1385953723858,87.57708394125086,5.4970090443346376,-268.1825988692531,50.526577930858366,158.64937358109086,543.2829976693353,166.4953840754104,-311.943572485916,58.77130466963729,184.53714959957503
2013,M2_HI_sensitivity,False,UNL,True,1.15,1.15,301600.89,188941.86,75400.29,75400.29,113541.56999999999,-50.64990462761406,-58.91475532799867,-37747957.228104495,-43907519.285101876,467.0685953723856,94.54909537238576,100.71364653243847,6.321560400984832,-335.7110988692531,-17.001922069141585,91.1208735810909,543.2829976693353,109.97724203632163,-390.49110548556826,-19.776228330014966,105.98961659992277
2013,M2_HI_sensitivity,False,ERS_Heartland,True,0.85,0.85,301600.89,301592.16,75400.29,75400.29,226191.87,-257.30638602910597,-299.29262233934526,-191763252.5817131,-223054420.13790876,345.2246139708943,,158.58165548098435,9.953800186237164,-468.00379046857836,-232.43613805110465,-152.5192890922371,401.55699827733554,,-544.3707941949402,-270.3641458625748,-177.40678221870772
2013,M2_HI_sensitivity,False,ERS_Heartland,True,0.85,1.0,301600.89,301600.89,75400.29,75400.29,226200.6,-363.6353860291058,-422.9719671540534,-271007282.23224217,-315229176.4852341,345.2246139708943,,186.56665350704043,11.710353160279016,-574.3327904685784,-338.7651380511047,-258.84828909223717,401.55699827733554,,-668.0501390096487,-394.0434906772832,-301.0861270334161
2013,M2_HI_sensitivity,False,ERS_Heartland,True,0.85,1.15,301600.89,301600.89,75400.29,75400.29,226200.6,-469.96438602910644,-546.6513119687625,-350251311.8827718,-407403932.83256006,345.2246139708943,,214.55165153309648,13.466906134320869,-680.6617904685784,-445.09413805110466,-365.1772890922371,401.55699827733554,,-791.729483824357,-517.7228354919914,-424.7654718481244
2013,M2_HI_sensitivity,False,ERS_Heartland,True,1.0,0.85,301600.89,299743.74,75400.29,75400.29,224343.44999999998,-196.38439532836006,-228.42962264334506,-146359796.91619223,-170242208.52080262,406.14660467164015,,134.7944071588367,8.460730158301589,-444.2636946689157,-167.1252800601231,-73.10545775557307,472.4199979733356,,-516.7568836499273,-194.3961209059679,-85.03451661906549
2013,M2_HI_sensitivity,False,ERS_Heartland,True,1.0,1.0,301600.89,301592.16,75400.29,75400.29,226191.87,-302.71339532836004,-352.10896745805337,-225603826.56672135,-262416964.868128,406.14660467164015,,158.58165548098435,9.953800186237164,-550.5926946689158,-273.45428006012315,-179.43445775557313,472.4199979733356,,-640.4362284646357,-318.0754657206763,-208.71386143377387
2013,M2_HI_sensitivity,False,ERS_Heartland,True,1.0,1.15,301600.89,301600.89,75400.29,75400.29,226200.6,-409.0423953283598,-475.7883122727614,-304847856.2172504,-354591721.2154533,406.14660467164015,,182.36890380313199,11.446870214172737,-656.9216946689157,-379.7832800601231,-285.7634577555731,472.4199979733356,,-764.115573279344,-441.75481053538454,-332.39320624848216
2013,M2_HI_sensitivity,False,ERS_Heartland,True,1.15,0.85,301600.89,284311.89,75400.29,75400.29,208911.6,-135.46240462761406,-157.56662294734474,-100956341.2506713,-117429996.90369642,467.0685953723856,,117.21252796420582,7.357156659392686,-420.5235988692531,-101.81442206914159,6.308373581090905,543.2829976693353,,-489.14297310491435,-118.42809594936105,7.337748980576685
2013,M2_HI_sensitivity,False,ERS_Heartland,True,1.15,1.0,301600.89,300488.67,75400.29,75400.29,225088.38,-241.791404627614,-281.245967762053,-180200370.9012004,-209604753.2510218,467.0685953723856,,137.8970917225951,8.655478422814925,-526.8525988692531,-208.14342206914165,-100.02062641890916,543.2829976693353,,-612.8223179196227,-242.10744076406945,-116.34159583413171
2013,M2_HI_sensitivity,False,ERS_Heartland,True,1.15,1.15,301600.89,301592.16,75400.29,75400.29,226191.87,-348.1204046276141,-404.9253125767614,-259444400.55172962,-301779509.5983473,467.0685953723856,,158.58165548098435,9.953800186237164,-633.1815988692531,-314.4724220691416,-206.3496264189091,543.2829976693353,,-736.501662734331,-365.7867855787777,-240.02094064883997
2013,M2_HI_sensitivity,False,FINBIN_county,False,0.85,0.85,120834.0,120243.06,39791.79,39791.79,80451.27,-150.13113530760822,-174.62893896428358,-44827252.835920945,-52141986.29339106,288.6728646923915,-80.44813530760828,132.0337634456454,8.28745099922639,-326.24759150080314,-122.40017313814673,-53.75767969097138,335.77735867862884,-93.57534319339028,-379.48338049070276,-142.3729482919321,-62.52964480939623
2013,M2_HI_sensitivity,False,FINBIN_county,False,0.85,1.0,120834.0,120831.93,39791.79,39791.79,81040.14,-227.56713530760834,-264.7006385483271,-67948660.28741357,-79036253.37757808,288.6728646923915,-145.58713530760826,155.33383934781813,9.749942352031047,-403.6835915008032,-199.83617313814676,-131.1936796909714,335.77735867862884,-169.34346705315838,-469.55508007474623,-232.44464787597556,-152.6013443934397
2013,M2_HI_sensitivity,False,FINBIN_county,False,0.85,1.15,120834.0,120834.0,39791.79,39791.79,81042.20999999999,-305.0031353076083,-354.7723381323705,-91070067.73890613,-105930520.46176504,288.6728646923915,-210.72613530760827,178.63391524999082,11.212433704835702,-481.1195915008031,-277.2721731381467,-208.62967969097133,335.77735867862884,-245.11159091292652,-559.6267796587896,-322.5163474600189,-242.67304397748302
2013,M2_HI_sensitivity,False,FINBIN_county,False,1.0,0.85,120834.0,111486.33,39791.79,39791.79,71694.54,-99.1888650677744,-115.37411096217257,-29616537.061355595,-34449246.20215545,339.61513493222543,-29.5058650677744,112.2286989287986,7.044333349342431,-306.3846958832978,-66.56420369193734,14.191670951798395,395.03218668074,-34.32051519127921,-356.3793362873716,-77.42588664175905,16.507411572989056
2013,M2_HI_sensitivity,False,FINBIN_county,False,1.0,1.0,120834.0,120243.06,39791.79,39791.79,80451.27,-176.62486506777452,-205.44581054621614,-52737944.51284821,-61343513.28634247,339.61513493222543,-94.64486506777445,132.0337634456454,8.28745099922639,-383.82069588329784,-144.00020369193737,-63.24432904820164,395.03218668074,-110.0886390510474,-446.45103587141506,-167.4975862258025,-73.56428801105442
2013,M2_HI_sensitivity,False,FINBIN_county,False,1.0,1.15,120834.0,120828.78,39791.79,39791.79,81036.98999999999,-254.06086506777433,-295.5175101302593,-75859351.96434075,-88237780.3705294,339.61513493222543,-159.78386506777449,151.83882796249222,9.530568649110348,-461.25669588329777,-221.4362036919373,-140.68032904820157,395.03218668074,-185.85676291081558,-536.5227354554584,-257.56928580984584,-163.63598759509776
2013,M2_HI_sensitivity,False,FINBIN_county,False,1.15,0.85,120834.0,70065.18,39791.79,39791.79,30273.39,-48.24659482794058,-56.11928296006156,-14405821.286790237,-16756506.110919831,390.55740517205925,21.436405172059416,97.59017298156401,6.125507260297767,-286.52180026579254,-10.728234245728004,82.14102159456812,454.28701468285095,24.934312810831788,-333.2752920840405,-12.478824991586077,95.54446795537429
2013,M2_HI_sensitivity,False,FINBIN_county,False,1.15,1.0,120834.0,113968.53,39791.79,39791.79,74176.73999999999,-125.68259482794059,-146.190982544105,-37527228.73828283,-43650773.19510683,390.55740517205925,-43.70259482794061,114.81196821360473,7.20647912976208,-363.95780026579257,-88.16423424572804,4.70502159456808,454.28701468285095,-50.83381104893637,-423.34699166808394,-102.55052457562954,5.472768371330815
2013,M2_HI_sensitivity,False,FINBIN_county,False,1.15,1.15,120834.0,120243.06,39791.79,39791.79,80451.27,-203.11859482794046,-236.26268212814827,-60648636.18977538,-70545040.27929376,390.55740517205925,-108.84159482794053,132.0337634456454,8.28745099922639,-441.3938002657925,-165.60023424572796,-72.73097840543184,454.28701468285095,-126.6019349087044,-513.4186912521272,-192.62222415967287,-84.59893121271251
2013,M2_HI_sensitivity,False,FINBIN_state,False,0.85,0.85,301600.89,301578.83999999997,75400.29,75400.29,226178.55,-207.4174990420209,-241.26306449437627,-154582460.5152358,-179806613.77770773,292.025500957979,-119.77399904202069,155.39622228340252,9.753857983217735,-385.6464334573704,-186.3797562774294,-118.77809374312335,339.6770648427975,-139.3182455149077,-448.5746900670239,-216.79246624267594,-138.15983233632878
2013,M2_HI_sensitivity,False,FINBIN_state,False,0.85,1.0,301600.89,301600.89,75400.29,75400.29,226200.6,-295.5544990420206,-343.7819108479949,-220268501.40068254,-256211042.486566,292.025500957979,-192.44449904202085,182.81908503929708,11.475127039079688,-473.7834334573704,-274.5167562774294,-206.91509374312335,339.6770648427975,-223.84682969567947,-551.0935364206427,-319.31131259629484,-240.6786786899477
2013,M2_HI_sensitivity,False,FINBIN_state,False,0.85,1.15,301600.89,301600.89,75400.29,75400.29,226200.6,-383.69149904202055,-446.30075720161375,-285954542.2861295,-332615471.19542456,292.025500957979,-265.11499904202077,210.24194779519163,13.19639609494164,-561.9204334573703,-362.65375627742935,-295.0520937431233,339.6770648427975,-308.3754138764509,-653.6123827742616,-421.8301589499137,-343.19752504356654
2013,M2_HI_sensitivity,False,FINBIN_state,False,1.0,0.85,301600.89,298790.82,75400.29,75400.29,223390.53,-155.88358710825966,-181.32005305152938,-116175677.36777148,-135132763.97079736,343.55941289174024,-68.24008710825973,132.08678894089215,8.290779285735075,-365.56468642043575,-131.1333015028581,-51.601933815439224,399.6200762856444,-79.37523407206112,-425.2160831369974,-152.53111393188215,-60.022132865591374
2013,M2_HI_sensitivity,False,FINBIN_state,False,1.0,1.0,301600.89,301578.83999999997,75400.29,75400.29,226178.55,-244.02058710825983,-283.8388994051485,-181861718.25321856,-211537192.6796561,343.55941289174024,-140.9105871082597,155.39622228340252,9.753857983217735,-453.70168642043575,-219.2703015028581,-139.73893381543922,399.6200762856444,-163.90381825283268,-527.7349294906163,-255.04996028550107,-162.5409792192103
2013,M2_HI_sensitivity,False,FINBIN_state,False,1.0,1.15,301600.89,301600.89,75400.29,75400.29,226200.6,-332.1575871082596,-386.3577457587671,-247547759.13866532,-287941621.3885144,343.55941289174024,-213.58108710825982,178.70565562591287,11.216936680700393,-541.8386864204357,-307.40730150285805,-227.87593381543917,399.6200762856444,-248.43240243360438,-630.2537758442352,-357.56880663911994,-265.05982557282914
2013,M2_HI_sensitivity,False,FINBIN_state,False,1.15,0.85,301600.89,279244.89,75400.29,75400.29,203844.6,-104.34967517449866,-121.37704160868275,-77768894.22030734,-90458914.16388725,395.09332482550155,-16.70617517449874,114.85807733990622,7.209373291943543,-345.48293938350116,-75.88684672828686,15.574226112244844,459.56308772849144,-19.432222629214507,-401.85747620697094,-88.2697616210884,18.115566605145954
2013,M2_HI_sensitivity,False,FINBIN_state,False,1.15,1.0,301600.89,299845.52999999997,75400.29,75400.29,224445.24,-192.4866751744987,-223.89588796230174,-143454935.10575432,-166863342.87274584,395.09332482550155,-89.37667517449874,135.1271498116544,8.48161563758064,-433.61993938350116,-164.02384672828686,-72.56277388775516,459.56308772849144,-103.9608068099861,-504.37632256058987,-190.78860797470733,-84.40327974847297
2013,M2_HI_sensitivity,False,FINBIN_state,False,1.15,1.15,301600.89,301578.83999999997,75400.29,75400.29,226178.55,-280.62367517449843,-326.4147343159203,-209140975.99120107,-243267771.58160418,395.09332482550155,-162.04717517449882,155.39622228340252,9.753857983217735,-521.756939383501,-252.1608467282868,-160.6997738877551,459.56308772849144,-188.48939099075776,-606.8951689142086,-293.30745432832623,-186.92212610209182
2015,M1_fixed,False,UNL,True,0.85,0.85,306756.72,53779.59,76689.18,53779.59,22909.59,23.191125905388464,26.51328548831144,17579160.15123906,20097398.18739267,429.4996259053879,174.13412590538863,133.89635854341736,8.40436174388254,-218.6399361411524,54.31317662218552,123.41113662366827,491.02601767629733,199.07907068515405,-249.9603973392966,62.09361129924694,141.0899458305328
2015,M1_fixed,False,UNL,True,0.85,1.0,306756.72,212000.85,76689.18,76689.18,135311.66999999998,-48.51037409461157,-55.45954960368623,-36771463.30388184,-42039024.25333568,429.4996259053879,129.06962590538845,157.52512769813808,9.887484404567694,-290.3414361411524,-17.388323377814487,51.70963662366825,491.02601767629733,147.55902121612843,-331.9332324312943,-19.879223792750697,59.11711073853516
2015,M1_fixed,False,UNL,True,0.85,1.15,306756.72,298735.01999999996,76689.18,76689.18,222045.84,-120.21187409461152,-137.4323846956838,-91122086.75900267,-104175446.69406395,429.4996259053879,84.00512590538845,181.1538968528588,11.370607065252848,-362.04293614115244,-89.0898233778145,-19.991863376331754,491.02601767629733,96.03897174710299,-413.90606752329194,-101.85205888474833,-22.855724353462477
2015,M1_fixed,False,UNL,True,1.0,0.85,306756.72,46241.009999999995,76689.18,46241.009999999995,30448.17,98.98517753575118,113.16493566648172,75031988.33893156,85780420.30824915,505.293677535751,249.92817753575133,113.81190476190476,7.143707482300159,-185.52195428370868,135.59935484963006,216.89107249843326,577.677667854468,285.73072086332434,-212.0982206012925,155.02414250287643,247.96100665733033
2015,M1_fixed,False,UNL,True,1.0,1.0,306756.72,53779.59,76689.18,53779.59,22909.59,27.28367753575116,31.192100574484076,20681364.88381068,23643997.867520813,505.293677535751,204.86367753575118,133.89635854341736,8.40436174388254,-257.2234542837087,63.89785484963005,145.18957249843325,577.677667854468,234.2106713942987,-294.07105569329013,73.05130741087878,165.9881715653327
2015,M1_fixed,False,UNL,True,1.0,1.15,306756.72,175786.11,76689.18,76689.18,99096.93,-44.417822464248815,-50.78073451751352,-33669258.57131018,-38492424.57320749,505.293677535751,159.79917753575126,153.98081232492999,9.665016005464922,-328.9249542837087,-7.8036451503699595,73.48807249843325,577.677667854468,182.69062192527338,-376.0438907852878,-8.921527681118857,84.01533647333508
2015,M1_fixed,False,UNL,True,1.15,0.85,306756.72,44386.56,76689.18,44386.56,32302.62,174.77922916611382,199.8165858446519,132484816.52662401,151463442.42910555,581.0877291661144,325.72222916611366,98.96687370600415,6.211919549826225,-152.403972426265,216.8855330770745,310.37100837319826,664.3293180326391,372.3823710414942,-174.23604386328842,247.9546737065058,354.8320674841279
2015,M1_fixed,False,UNL,True,1.15,1.0,306756.72,46774.619999999995,76689.18,46774.619999999995,29914.559999999998,103.0777291661138,117.84375075265427,78134193.07150313,89327019.98837723,581.0877291661144,280.6577291661138,116.43161612471077,7.308140646854383,-224.105472426265,145.1840330770745,238.66950837319823,664.3293180326391,320.86232157246894,-256.208878955286,165.98183861450815,272.8592323921302
2015,M1_fixed,False,UNL,True,1.15,1.15,306756.72,53779.59,76689.18,53779.59,22909.59,31.37622916611379,35.87091566065664,23783569.61638225,27190597.547648896,581.0877291661144,235.5932291661135,133.8963585434174,8.404361743882541,-295.806972426265,73.48253307707449,166.96800837319822,664.3293180326391,269.3422721034431,-338.18171404728366,84.00900352251053,190.8863973001326
2015,M1_fixed,False,ERS_Heartland,True,0.85,0.85,306756.72,305849.07,76689.18,76689.18,229159.88999999998,-172.64037409461145,-197.37133694383468,-130863537.93947728,-149609913.53135076,429.4996259053879,,198.4313725490196,12.455073867422003,-414.4714361411524,-141.51832337781448,-72.42036337633174,491.02601767629733,,-473.8450197714429,-161.79101113289929,-82.79467660161343
2015,M1_fixed,False,ERS_Heartland,True,0.85,1.0,306756.72,306756.72,76689.18,76689.18,230067.53999999998,-278.9003740946116,-318.8532230532701,-211409931.64590114,-241694685.09891626,429.4996259053879,,233.44867358708188,14.653028079320002,-520.7314361411524,-247.77832337781447,-178.68036337633174,491.02601767629733,,-595.326905880878,-283.27289724233447,-204.27656271104863
2015,M1_fixed,False,ERS_Heartland,True,0.85,1.15,306756.72,306756.72,76689.18,76689.18,230067.53999999998,-385.16037409461126,-440.33510916270484,-291956325.35232466,-333779456.6664814,429.4996259053879,,268.46597462514416,16.850982291218003,-626.9914361411522,-354.0383233778143,-284.9403633763316,491.02601767629733,,-716.808791990313,-404.7547833517695,-325.7584488204837
2015,M1_fixed,False,ERS_Heartland,True,1.0,0.85,306756.72,278761.23,76689.18,76689.18,202072.05,-96.84632246424884,-110.71968676566453,-73410709.75178486,-83926891.41049437,505.293677535751,,168.66666666666666,10.586812787308702,-381.3534542837087,-60.232145150369945,21.05957249843327,577.677667854468,,-435.9828430334387,-68.86047992926981,24.076384225184114
2015,M1_fixed,False,ERS_Heartland,True,1.0,1.0,306756.72,305849.07,76689.18,76689.18,229159.88999999998,-203.1063224642489,-232.2015728750998,-153957103.45820868,-176011662.97805983,505.293677535751,,198.4313725490196,12.455073867422003,-487.6134542837087,-166.49214515036994,-85.20042750156672,577.677667854468,,-557.4647291428739,-190.342366038705,-97.40550188425107
2015,M1_fixed,False,ERS_Heartland,True,1.0,1.15,306756.72,306756.72,76689.18,76689.18,230067.53999999998,-309.366322464249,-353.6834589845351,-234503497.16463247,-268096434.54562527,505.293677535751,,228.1960784313725,14.323334947535301,-593.8734542837085,-272.7521451503698,-191.4604275015666,577.677667854468,,-678.9466152523089,-311.82425214814003,-218.88738799368613
2015,M1_fixed,False,ERS_Heartland,True,1.15,0.85,306756.72,107023.14,76689.18,76689.18,30333.96,-21.052270833886215,-24.068036587494348,-15957881.564092426,-18243869.28963798,581.0877291661144,,146.66666666666669,9.205924162877134,-348.235472426265,21.054033077074507,114.53950837319823,664.3293180326391,,-398.12066629543466,24.07005127435956,130.94744505198162
2015,M1_fixed,False,ERS_Heartland,True,1.15,1.0,306756.72,288004.68,76689.18,76689.18,211315.5,-127.31227083388613,-145.54992269692946,-96504275.27051611,-110328640.85720329,581.0877291661144,,172.54901960784315,10.830499015149568,-454.495472426265,-85.20596692292548,8.279508373198246,664.3293180326391,,-519.6025524048698,-97.41183483507562,9.465558942546437
2015,M1_fixed,False,ERS_Heartland,True,1.15,1.15,306756.72,305849.07,76689.18,76689.18,229159.88999999998,-233.57227083388617,-267.03180880636467,-177050668.97693992,-202413412.42476875,581.0877291661144,,198.4313725490196,12.455073867422003,-560.7554724262649,-191.46596692292536,-97.98049162680164,664.3293180326391,,-641.0844385143049,-218.89372094451068,-112.01632716688863
2015,M1_fixed,False,FINBIN_county,False,0.85,0.85,128283.48,97117.65,41447.34,41447.34,55670.31,-57.40883932309944,-65.63273179299483,-18198336.98661451,-20805272.926680088,370.9996606769007,7.072160676900558,155.3469098907169,9.750762759485776,-261.5067716803708,-21.281567493028717,39.280415144930025,424.14585474299224,8.08525708544005,-298.9679639951146,-24.33018029755668,44.90738677741128
2015,M1_fixed,False,FINBIN_county,False,0.85,1.0,128283.48,126924.12,41447.34,41447.34,85476.78,-133.01033932309952,-152.06424706405144,-42163663.405258074,-48203664.179880686,370.9996606769007,-57.150339323099445,182.7610704596669,11.471485599395029,-337.10827168037076,-96.8830674930287,-36.32108485506996,424.14585474299224,-65.33720132471619,-385.39947926617106,-110.76169556861318,-41.524128493645215
2015,M1_fixed,False,FINBIN_county,False,0.85,1.15,128283.48,128279.79,41447.34,41447.34,86832.45,-208.61183932309945,-238.49576233510786,-66128989.82390159,-75602055.43308124,370.9996606769007,-121.37283932309943,210.17523102861693,13.192208439304283,-412.70977168037075,-172.4845674930287,-111.92258485506994,424.14585474299224,-138.7596597348724,-471.8309945372276,-197.1932108396697,-127.9556437647017
2015,M1_fixed,False,FINBIN_county,False,1.0,0.85,128283.48,28189.079999999998,41447.34,28189.079999999998,13258.26,8.061689031647674,9.216536691062542,2555518.199097039,2921599.574753392,436.47018903164764,72.54268903164775,132.04487340710932,8.288148345562908,-232.05352550631858,50.564361772907404,121.81375311168246,498.9951232270494,82.93452556949752,-265.2955011937842,57.80777374451925,139.2637350091875
2015,M1_fixed,False,FINBIN_county,False,1.0,1.0,128283.48,97117.65,41447.34,41447.34,55670.31,-67.5398109683523,-77.21497857999394,-21409808.21954649,-24476791.67844717,436.47018903164764,8.320189031647718,155.34690989071686,9.750762759485774,-307.65502550631857,-25.037138227092584,46.21225311168248,498.9951232270494,9.512067159341239,-351.7270164648407,-28.623741526537245,52.83221973813103
2015,M1_fixed,False,FINBIN_county,False,1.0,1.15,128283.48,126005.04,41447.34,41447.34,84557.7,-143.14131096835231,-163.64649385105048,-45375134.63819003,-51875182.93164775,436.47018903164764,-55.902310968352275,178.6489463743244,11.213377173408642,-383.25652550631855,-100.63863822709257,-29.389246888317512,498.9951232270494,-63.91039125081499,-438.1585317358972,-115.05525679759374,-33.599295532925474
2015,M1_fixed,False,FINBIN_county,False,1.15,0.85,128283.48,25713.36,41447.34,25713.36,15733.98,73.53221738639479,84.06580517511992,23309373.38480859,26648472.076186873,501.9407173863947,138.01321738639484,114.82162904966032,7.207085517880792,-202.6002793322664,122.41029103884341,204.34709107843477,573.8443917111067,157.78379405355486,-231.62303839245385,139.94572778659506,233.62008324096362
2015,M1_fixed,False,FINBIN_county,False,1.15,1.0,128283.48,29430.899999999998,41447.34,29430.899999999998,12016.439999999999,-2.069282613605192,-2.3657100959365738,-655953.0338349405,-749919.1770136904,501.9407173863947,73.79071738639482,135.0842694701886,8.478924138683283,-278.20177933226637,46.808791038843424,128.74559107843479,573.8443917111067,84.36133564339859,-318.0545536635103,53.51421251553856,147.18856796990713
2015,M1_fixed,False,FINBIN_county,False,1.15,1.15,128283.48,97117.65,41447.34,41447.34,55670.31,-77.67078261360518,-88.79722536699308,-24621279.452478472,-28148310.430214256,501.9407173863947,9.56821738639484,155.3469098907169,9.750762759485776,-353.80327933226636,-28.792708961156563,53.144091078434805,573.8443917111067,10.938877233242383,-404.4860689345668,-32.91730275551794,60.75705269885063
2015,M1_fixed,False,FINBIN_state,False,0.85,0.85,306756.72,303984.26999999996,76689.18,76689.18,227295.09,-129.35772538749296,-147.8883913316301,-98054755.11037509,-112101228.99310319,373.5787746125066,-47.72372538749305,190.54897194564188,11.96031398894851,-339.7023831555743,-102.28776567402298,-42.186360064733265,427.0944301748437,-54.560212424631956,-388.3652006550837,-116.9406239412785,-48.22961216596604
2015,M1_fixed,False,FINBIN_state,False,0.85,1.0,306756.72,306756.18,76689.18,76689.18,230067.0,-218.11122538749305,-249.35594806806682,-165331005.38162568,-189014891.45613652,373.5787746125066,-122.07122538749309,224.17526111251988,14.070957634057072,-428.4558831555743,-191.041265674023,-130.9398600647333,427.0944301748437,-139.55809053042188,-489.8327573915204,-218.40818067771517,-149.69716890240272
2015,M1_fixed,False,FINBIN_state,False,0.85,1.15,306756.72,306756.72,76689.18,76689.18,230067.53999999998,-306.8647253874929,-350.82350480450333,-232607255.65287614,-265928553.91916972,373.5787746125066,-196.41872538749288,257.8015502793978,16.18160127916563,-517.2093831555742,-279.7947656740229,-219.6933600647332,427.0944301748437,-224.55596863621153,-591.3003141279569,-319.87573741415173,-251.16472563883926
2015,M1_fixed,False,FINBIN_state,False,1.0,0.85,306756.72,248236.74,76689.18,76689.18,171547.56,-63.432059279403546,-72.51878600665766,-48082285.152720205,-54970136.352382295,439.5044407205961,18.20194072059641,161.9666261537956,10.166266890606233,-310.89636253596973,-31.5850478517917,39.12248815913734,502.4640354998162,20.809392900340523,-355.43267932836767,-36.109647900361566,44.72683654118247
2015,M1_fixed,False,FINBIN_state,False,1.0,1.0,306756.72,303984.26999999996,76689.18,76689.18,227295.09,-152.18555927940363,-173.9863427430944,-115358535.42397082,-131883798.81541567,439.5044407205961,-56.14555927940357,190.5489719456419,11.960313988948512,-399.64986253596976,-120.33854785179173,-49.63101184086269,502.4640354998162,-64.18848520544934,-456.90023606480435,-137.57720463679823,-56.7407201952542
2015,M1_fixed,False,FINBIN_state,False,1.0,1.15,306756.72,306751.68,76689.18,76689.18,230062.5,-240.93905927940352,-275.4538994795309,-182634785.69522125,-208797461.27844882,439.5044407205961,-130.49305927940358,219.13131773748816,13.754361087290786,-488.4033625359697,-209.09204785179165,-138.38451184086261,502.4640354998162,-149.18636331123923,-558.3677928012409,-239.04476137323476,-158.20827693169073
2015,M1_fixed,False,FINBIN_state,False,1.15,0.85,306756.72,69919.56,76689.18,69919.56,6769.62,2.4936068286858606,2.8508193183147523,1890184.804934671,2160956.288338591,505.430106828686,84.12760682868586,140.8405444815614,8.84023207878803,-282.0903419163652,39.117669970439465,120.43133638300792,577.8336408247892,96.17899822531298,-322.50015800165176,44.721328140555244,137.68328524833095
2015,M1_fixed,False,FINBIN_state,False,1.15,1.0,306756.72,268091.1,76689.18,76689.18,191401.91999999998,-86.25989317131415,-98.61673741812189,-65386065.46631587,-74752706.1746947,505.430106828686,9.780106828685794,165.69475821360166,10.40027303386827,-370.84384191636525,-49.635830029560566,31.67783638300788,577.8336408247892,11.181120119523028,-423.9677147380884,-56.746228595881426,36.21572851189428
2015,M1_fixed,False,FINBIN_state,False,1.15,1.15,306756.72,303984.26999999996,76689.18,76689.18,227295.09,-175.01339317131416,-200.08429415455853,-132662315.73756643,-151666368.637728,505.430106828686,-64.56739317131415,190.5489719456419,11.960313988948512,-459.59734191636517,-138.38933002956048,-57.07566361699204,577.8336408247892,-73.8167579862668,-525.4352714745249,-158.21378533231797,-65.25182822454227
2015,M2_HI_sensitivity,False,UNL,True,0.85,0.85,306756.72,47396.07,76689.18,47396.07,29293.11,76.64411374222753,87.62348481641146,58097185.77791626,66419684.79156335,482.9526137422277,227.58711374222753,133.89635854341736,8.40436174388254,-195.28381482866888,111.63945359343387,189.33691993105577,552.1362170043982,260.1892700132539,-223.25848063271584,127.6319535738482,216.4596851437584
2015,M2_HI_sensitivity,False,UNL,True,0.85,1.0,306756.72,66837.42,76689.18,66837.42,9851.76,4.942613742227584,5.6506497244138965,3746562.32279544,4283262.35083509,482.9526137422277,182.52261374222763,157.52512769813808,9.887484404567694,-266.9853148286689,39.93795359343386,117.63541993105576,552.1362170043982,208.66922054422858,-305.23131572471345,45.659118481850555,134.48685005176077
2015,M2_HI_sensitivity,False,UNL,True,0.85,1.15,306756.72,242303.49,76689.18,76689.18,165614.31,-66.75888625777245,-76.32218536758376,-50604061.13232545,-57853160.089893244,482.9526137422277,137.45811374222762,181.1538968528588,11.370607065252848,-338.6868148286689,-31.76354640656615,45.93391993105575,552.1362170043982,157.14917107520313,-387.2041508167111,-36.313716610147075,52.514014959763124
2015,M2_HI_sensitivity,False,UNL,True,1.0,0.85,306756.72,44536.229999999996,76689.18,44536.229999999996,32152.949999999997,161.87104557909132,185.0592878171877,122700253.78208128,140277228.0778618,568.1795455790913,312.8140455790913,113.81190476190476,7.143707482300159,-158.0441645043163,203.04203363933397,294.450817565948,649.5720200051742,357.62507301403014,-180.6842009464916,232.12807459064257,336.6312882023017
2015,M2_HI_sensitivity,False,UNL,True,1.0,1.0,306756.72,47396.07,76689.18,47396.07,29293.11,90.16954557909129,103.08645272519004,68349630.32696037,78140805.63713342,568.1795455790913,267.74954557909126,133.89635854341736,8.40436174388254,-229.74566450431632,131.34053363933396,222.749317565948,649.5720200051742,306.10502354500466,-262.6570360384892,150.15523949864493,254.65845311030404
2015,M2_HI_sensitivity,False,UNL,True,1.0,1.15,306756.72,58005.99,76689.18,58005.99,18683.19,18.468045579091296,21.113617633192423,13999006.87183951,16004383.19640512,568.1795455790913,222.68504557909145,153.98081232492999,9.665016005464922,-301.44716450431633,59.639033639333945,151.04781756594798,649.5720200051742,254.58497407597943,-344.62987113048683,68.1824044066473,172.6856180183064
2015,M2_HI_sensitivity,False,UNL,True,1.15,0.85,306756.72,44055.18,76689.18,44055.18,32634.0,247.0979774159548,282.4950908179636,187303321.78624603,214134771.3641599,653.4064774159554,398.0409774159551,98.96687370600415,6.211919549826225,-120.8045141799638,294.444613685234,399.5647152008401,747.0078230059507,455.0608760148064,-138.10992126026738,336.6241956074369,456.8028912608448
2015,M2_HI_sensitivity,False,UNL,True,1.15,1.0,306756.72,44751.78,76689.18,44751.78,31937.399999999998,175.3964774159551,200.52225572596632,132952698.3311254,151998348.92343187,653.4064774159554,352.9764774159546,116.43161612471077,7.308140646854383,-192.5060141799638,222.743113685234,327.8632152008401,747.0078230059507,403.54082654578036,-220.08275635226502,254.65136051543922,374.83005616884714
2015,M2_HI_sensitivity,False,UNL,True,1.15,1.15,306756.72,47396.07,76689.18,47396.07,29293.11,103.69497741595497,118.54942063396852,78602074.87600443,89861926.48270343,653.4064774159554,307.91197741595516,133.8963585434174,8.404361743882541,-264.2075141799638,151.04161368523398,256.1617152008401,747.0078230059507,352.02077707675556,-302.05559144426263,172.67852542344158,292.8572210768495
2015,M2_HI_sensitivity,False,ERS_Heartland,True,0.85,0.85,306756.72,293999.31,76689.18,76689.18,217310.13,-119.18738625777247,-136.26113761573478,-90345512.31280015,-103287626.92718016,482.9526137422277,,198.4313725490196,12.455073867422003,-391.1153148286689,-84.19204640656613,-6.494580068944237,552.1362170043982,,-447.1431030648621,-96.25266885829804,-7.424937288387837
2015,M2_HI_sensitivity,False,ERS_Heartland,True,0.85,1.0,306756.72,306598.5,76689.18,76689.18,229909.31999999998,-225.4473862577723,-257.7430237251698,-170891906.01922378,-195372398.4947454,482.9526137422277,,233.44867358708188,14.653028079320002,-497.3753148286689,-190.45204640656613,-112.75458006894422,552.1362170043982,,-568.6249891742973,-217.73455496773323,-128.90682339782302
2015,M2_HI_sensitivity,False,ERS_Heartland,True,0.85,1.15,306756.72,306756.72,76689.18,76689.18,230067.53999999998,-331.7073862577725,-379.22490983460517,-251438299.7256477,-287457170.062311,482.9526137422277,,268.46597462514416,16.850982291218003,-603.6353148286687,-296.712046406566,-219.0145800689441,552.1362170043982,,-690.1068752837323,-339.21644107716827,-250.38870950725806
2015,M2_HI_sensitivity,False,ERS_Heartland,True,1.0,0.85,306756.72,135955.08,76689.18,76689.18,59265.899999999994,-33.9604544209087,-38.82533461495855,-25742444.308635157,-29430083.640881747,568.1795455790913,,168.66666666666666,10.586812787308702,-353.8756645043163,7.21053363933396,98.61931756594798,649.5720200051742,,-404.56882337863783,8.243452158496323,112.74666577015542
2015,M2_HI_sensitivity,False,ERS_Heartland,True,1.0,1.0,306756.72,293999.31,76689.18,76689.18,217310.13,-140.2204544209087,-160.30722072439374,-106288838.01505893,-121514855.20844716,568.1795455790913,,198.4313725490196,12.455073867422003,-460.1356645043163,-99.04946636066603,-7.640682434052005,649.5720200051742,,-526.050709488073,-113.23843395093886,-8.735220339279765
2015,M2_HI_sensitivity,False,ERS_Heartland,True,1.0,1.15,306756.72,306326.33999999997,76689.18,76689.18,229637.16,-246.48045442090867,-281.7891068338289,-186835231.72148263,-213599626.77601248,568.1795455790913,,228.1960784313725,14.323334947535301,-566.3956645043162,-205.3094663606659,-113.90068243405189,649.5720200051742,,-647.532595597508,-234.72032006037392,-130.21710644871482
2015,M2_HI_sensitivity,False,ERS_Heartland,True,1.15,0.85,306756.72,51253.38,76689.18,51253.38,25435.8,51.2664774159549,58.61046838581748,38860623.69552971,44427459.64541651,653.4064774159554,,146.66666666666669,9.205924162877134,-316.6360141799638,98.613113685234,203.7332152008401,747.0078230059507,,-361.99454369241363,112.73957317529063,232.91826882869856
2015,M2_HI_sensitivity,False,ERS_Heartland,True,1.15,1.0,306756.72,170292.06,76689.18,76689.18,93602.87999999999,-54.99352258404505,-62.87141772361767,-41685770.01089403,-47657311.92214886,653.4064774159554,,172.54901960784315,10.830499015149568,-422.8960141799638,-7.646886314765993,97.4732152008401,747.0078230059507,,-483.4764298018488,-8.742312934144561,111.43638271926336
2015,M2_HI_sensitivity,False,ERS_Heartland,True,1.15,1.15,306756.72,293999.31,76689.18,76689.18,217310.13,-161.25352258404487,-184.35330383305265,-122232163.71731766,-139742083.48971412,653.4064774159554,,198.4313725490196,12.455073867422003,-529.1560141799637,-113.90688631476587,-8.786784799159774,747.0078230059507,,-604.9583159112839,-130.2241990435796,-10.045503390171692
2015,M2_HI_sensitivity,False,FINBIN_county,False,0.85,0.85,128283.48,32204.969999999998,41447.34,32204.969999999998,9242.369999999999,-11.236411795712446,-12.84604270699655,-3561890.6563830795,-4072136.2229718673,417.17208820428755,53.2445882042876,155.3469098907169,9.750762759485776,-240.73516560563527,29.387032441006,97.48620914734374,476.93254382899033,60.87194617143839,-275.22079776623195,33.59676386309588,111.45123806585914
2015,M2_HI_sensitivity,False,FINBIN_county,False,0.85,1.0,128283.48,114517.62,41447.34,41447.34,73070.28,-86.83791179571246,-99.27755797805308,-27527217.07502662,-31470527.476172443,417.17208820428755,-10.97791179571242,182.7610704596669,11.471485599395029,-316.33666560563523,-46.21446755899399,21.884709147343752,476.93254382899033,-12.550512238717875,-361.6523130372884,-52.83475140796062,25.01972279480264
2015,M2_HI_sensitivity,False,FINBIN_county,False,0.85,1.15,128283.48,127514.7,41447.34,41447.34,86067.36,-162.43941179571237,-185.70907324910948,-51492543.49367012,-58868918.72937297,417.17208820428755,-75.20041179571236,210.17523102861693,13.192208439304283,-391.9381656056352,-121.81596755899398,-53.71679085265624,476.93254382899033,-85.97297064887404,-448.0838283083449,-139.26626667901712,-61.411792476253865
2015,M2_HI_sensitivity,False,FINBIN_county,False,1.0,0.85,128283.48,25968.78,41447.34,25968.78,15478.56,62.38219200504419,71.31852385106058,19774866.82289874,22607642.755586613,490.79069200504387,126.86319200504421,132.04487340710932,8.288148345562908,-207.61634188898267,110.17447934236003,190.2911578204045,561.0971103870471,145.03651272949548,-237.3576585715693,125.95711981587523,217.55061887794972
2015,M2_HI_sensitivity,False,FINBIN_county,False,1.0,1.0,128283.48,32204.969999999998,41447.34,32204.969999999998,9242.369999999999,-13.219307994955795,-15.112991419995916,-4190459.595744791,-4790748.4976139525,490.79069200504387,62.6406920050442,155.34690989071686,9.750762759485774,-283.21784188898266,34.57297934236004,114.68965782040449,561.0971103870471,71.61405431933923,-323.7891738426258,39.525604544818734,131.11910360689322
2015,M2_HI_sensitivity,False,FINBIN_county,False,1.0,1.15,128283.48,107534.61,41447.34,41447.34,66087.27,-88.82080799495577,-101.5445066910524,-28155786.014388323,-32189139.750814516,490.79069200504387,-1.5818079949557498,178.6489463743244,11.213377173408642,-358.81934188898265,-41.028520657639945,39.08815782040451,561.0971103870471,-1.8084040908169436,-410.2206891136823,-46.905910726237764,44.687588335836715
2015,M2_HI_sensitivity,False,FINBIN_county,False,1.15,0.85,128283.48,24824.34,41447.34,24824.34,16623.0,136.00079580580083,155.48309040911772,43111624.30218056,49287421.73414509,564.4092958058006,200.48179580580074,114.82162904966032,7.207085517880792,-174.49751817233008,190.961926243714,283.0961064934651,645.2616769451043,229.2010792875525,-199.49451937690665,218.3174757686545,323.6499996900401
2015,M2_HI_sensitivity,False,FINBIN_county,False,1.15,1.0,128283.48,26255.61,41447.34,26255.61,15191.73,60.39929580580075,69.05157513806111,19146297.883537,21889030.480944492,564.4092958058006,136.25929580580083,135.0842694701886,8.478924138683283,-250.09901817233006,115.36042624371402,207.49460649346506,645.2616769451043,155.77862087739635,-285.92603464796315,131.885960497598,237.21848441898356
2015,M2_HI_sensitivity,False,FINBIN_county,False,1.15,1.15,128283.48,32204.969999999998,41447.34,32204.969999999998,9242.369999999999,-15.202204194199192,-17.379940132995333,-4819028.535106518,-5509360.772256055,564.4092958058006,72.03679580580085,155.3469098907169,9.750762759485776,-325.70051817233,39.75892624371403,131.89310649346507,645.2616769451043,82.35616246724014,-372.3575499190196,45.454445226541516,150.78696914792707
2015,M2_HI_sensitivity,False,FINBIN_state,False,0.85,0.85,306756.72,281035.08,76689.18,76689.18,204345.9,-82.86431656701035,-94.7347399560487,-62812176.42029125,-71810104.10479553,420.07218343298933,-1.2303165670103915,190.54897194564188,11.96031398894851,-319.3872288379761,-52.425369964431155,15.155886256032405,480.2480815504252,-1.4065610490505145,-365.13987350369973,-59.93537383083032,17.32698708867761
2015,M2_HI_sensitivity,False,FINBIN_state,False,0.85,1.0,306756.72,305970.75,76689.18,76689.18,229281.56999999998,-171.61781656701044,-196.20229669248545,-130088426.69154184,-148723766.56782886,420.07218343298933,-75.5778165670104,224.17526111251988,14.070957634057072,-408.14072883797616,-141.1788699644312,-73.59761374396763,480.2480815504252,-86.40443915484042,-466.6074302401364,-161.402930567267,-84.14056964775907
2015,M2_HI_sensitivity,False,FINBIN_state,False,0.85,1.15,306756.72,306756.72,76689.18,76689.18,230067.53999999998,-260.37131656701024,-297.66985342892184,-197364676.96279222,-225637429.03086197,420.07218343298933,-149.92531656701036,257.8015502793978,16.18160127916563,-496.8942288379761,-229.9323699644311,-162.35111374396755,480.2480815504252,-171.40231726063024,-568.074986976573,-262.87048730370356,-185.6081263841956
2015,M2_HI_sensitivity,False,FINBIN_state,False,1.0,0.85,306756.72,87891.20999999999,76689.18,76689.18,11202.029999999999,-8.733931255306315,-9.985078505973632,-6620427.870268608,-7568812.954373252,494.20256874469385,72.90006874469363,161.9666261537956,10.166266890606233,-286.99618098585427,27.076594159492743,106.58395441886167,564.9977430005008,83.34310040102454,-328.1087650326219,30.95535222957741,121.85224742899854
2015,M2_HI_sensitivity,False,FINBIN_state,False,1.0,1.0,306756.72,281035.08,76689.18,76689.18,204345.9,-97.48743125530635,-111.4526352424103,-73896678.14151917,-84482475.41740656,494.20256874469385,-1.4474312553063704,190.5489719456419,11.960313988948512,-375.7496809858543,-61.67690584050729,17.83045441886164,564.9977430005008,-1.6547777047653427,-429.57632176905855,-70.51220450685926,20.384690692561875
2015,M2_HI_sensitivity,False,FINBIN_state,False,1.0,1.15,306756.72,305203.5,76689.18,76689.18,228514.31999999998,-186.24093125530615,-212.9201919788467,-141172928.41276956,-161396137.88043967,494.20256874469385,-75.79493125530635,219.13131773748816,13.754361087290786,-464.5031809858542,-150.4304058405072,-70.92304558113828,564.9977430005008,-86.6526558105552,-531.0438785054951,-171.9797612432958,-81.08286604387466
2015,M2_HI_sensitivity,False,FINBIN_state,False,1.15,0.85,306756.72,49113.0,76689.18,49113.0,27576.18,65.3964540563977,74.76458294410142,49571320.67975402,56672478.196049005,568.3329540563975,147.03045405639776,140.8405444815614,8.84023207878803,-254.60513313373244,106.57855828341661,198.01202258169084,649.7474044505755,168.0927618510997,-291.077656561544,121.84607828998512,226.37750776931938
2015,M2_HI_sensitivity,False,FINBIN_state,False,1.15,1.0,306756.72,112567.59,76689.18,76689.18,35878.409999999996,-23.357045943602312,-26.70297379233523,-17704929.59149652,-20241184.266984276,568.3329540563975,72.6829540563976,165.69475821360166,10.40027303386827,-343.3586331337325,17.82505828341658,109.25852258169083,649.7474044505755,83.09488374530966,-392.54521329798075,20.378521553548442,124.90995103288273
2015,M2_HI_sensitivity,False,FINBIN_state,False,1.15,1.15,306756.72,281035.08,76689.18,76689.18,204345.9,-112.1105459436022,-128.17053052877174,-84981179.86274697,-97154846.73001745,568.3329540563975,-1.6645459436023522,190.5489719456419,11.960313988948512,-432.1121331337324,-70.92844171658334,20.50502258169091,649.7474044505755,-1.902994360480174,-494.01277003441726,-81.0890351828881,23.44239429644619
2017,M1_fixed,False,UNL,True,0.85,0.85,314033.94,314028.81,78508.53,78508.53,235520.28,-182.87284068563537,-202.15834546583966,-141908367.10101113,-156873817.85803273,373.44365931436414,61.29815931436449,195.37014925373134,12.26292802990798,-389.9416947578372,-146.71013726390436,-96.2744299818491,412.82648647361805,67.76257436934296,-431.0643808278849,-162.181975744126,-106.42739185779068
2017,M1_fixed,False,UNL,True,0.85,1.0,314033.94,314033.94,78508.53,78508.53,235525.41,-281.0463406856353,-310.6850805139793,-218090489.1993935,-241089996.15845162,373.44365931436414,6.213659314364531,229.84723441615452,14.426974152832917,-488.1151947578372,-244.88363726390435,-194.4479299818491,412.82648647361805,6.8689428215296875,-539.5911158760246,-270.70871079226566,-214.95412690593037
2017,M1_fixed,False,UNL,True,0.85,1.15,314033.94,314033.94,78508.53,78508.53,235525.41,-379.2198406856355,-419.2118155621192,-294272611.2977761,-325306174.4588707,373.44365931436414,-48.87084068563549,264.3243195785777,16.591020275757852,-586.2886947578372,-343.05713726390434,-292.6214299818491,412.82648647361805,-54.02468872628366,-648.1178509241643,-379.23544584040536,-323.48086195407
2017,M1_fixed,False,UNL,True,1.0,0.85,314033.94,305936.91,78508.53,78508.53,227428.38,-116.97101845368873,-129.30661255873056,-90768898.0204542,-100341254.47373725,439.3454815463111,127.19998154631118,166.06462686567164,10.423488825421783,-360.5814350092202,-74.42666148694627,-15.090535272763645,485.67821938072746,140.6143072764521,-398.6078306317248,-82.27558935671439,-16.68196125514346
2017,M1_fixed,False,UNL,True,1.0,1.0,314033.94,314028.81,78508.53,78508.53,235520.28,-215.14451845368868,-237.8333476068702,-166951020.1188366,-184557432.77415615,439.3454815463111,72.1154815463112,195.37014925373134,12.26292802990798,-458.75493500922016,-172.60016148694626,-113.26403527276364,485.67821938072746,79.72067572863882,-507.1345656798645,-190.80232440485406,-125.20869630328313
2017,M1_fixed,False,UNL,True,1.0,1.15,314033.94,314033.94,78508.53,78508.53,235525.41,-313.31801845368864,-346.3600826550098,-243133142.21721902,-268773611.07457507,439.3454815463111,17.030981546311192,224.67567164179104,14.102367234394176,-556.9284350092203,-270.77366148694625,-211.43753527276363,485.67821938072746,18.82704418082549,-615.6613007280043,-299.32905945299376,-233.73543135142282
2017,M1_fixed,False,UNL,True,1.15,0.85,314033.94,162412.74,78508.53,78508.53,83904.20999999999,-51.06919622174216,-56.454879651621546,-39629428.93989736,-43808691.08944186,505.2473037782579,193.10180377825804,144.40402336145362,9.063903326453726,-331.2211752606032,-2.143185709988302,66.09335943632175,558.5299522878367,213.46604018356146,-366.15128043556484,-2.3692029693029135,73.06346934750368
2017,M1_fixed,False,UNL,True,1.15,1.0,314033.94,309515.58,78508.53,78508.53,231007.05,-149.24269622174214,-164.98161469976122,-115811551.03827979,-128024869.38986078,505.2473037782579,138.0173037782578,169.88708630759248,10.663415678180852,-429.3946752606032,-100.31668570998829,-32.08014056367824,558.5299522878367,152.57240863574788,-474.67801548370454,-110.89593801744259,-35.463265700635986
2017,M1_fixed,False,UNL,True,1.15,1.15,314033.94,314028.81,78508.53,78508.53,235520.28,-247.41619622174218,-273.508349747901,-191993673.13666227,-212241047.69027978,505.2473037782579,82.93280377825785,195.37014925373137,12.262928029907982,-527.5681752606033,-198.49018570998828,-130.25364056367823,558.5299522878367,91.6787770879346,-583.2047505318443,-219.42267306558227,-143.99000074877566
2017,M1_fixed,False,ERS_Heartland,True,0.85,0.85,314033.94,314033.94,78508.53,78508.53,235525.41,-220.5618406856354,-243.82197279123133,-171154833.81316802,-189204574.5690035,373.44365931436414,,208.60597014925372,13.093709598528005,-427.63069475783715,-184.39913726390432,-133.96342998184906,412.82648647361805,,-472.7280081532765,-203.8456030695176,-148.09101918318228
2017,M1_fixed,False,ERS_Heartland,True,0.85,1.0,314033.94,314033.94,78508.53,78508.53,235525.41,-325.3863406856353,-359.7011126614988,-252498097.09604868,-279126180.52429956,373.44365931436414,,245.41878841088675,15.404364233562358,-532.4551947578373,-289.2236372639044,-238.78792998184912,412.82648647361805,,-588.6071480235443,-319.7247429397853,-263.97015905344995
2017,M1_fixed,False,ERS_Heartland,True,0.85,1.15,314033.94,314033.94,78508.53,78508.53,235525.41,-430.21084068563556,-475.58025253176675,-333841360.37892956,-369047786.4795959,373.44365931436414,,282.2316066725197,17.715018868596708,-637.2796947578372,-394.0481372639043,-343.61242998184906,412.82648647361805,,-704.4862878938118,-435.6038828100529,-379.8492989237175
2017,M1_fixed,False,ERS_Heartland,True,1.0,0.85,314033.94,312859.17,78508.53,78508.53,234350.63999999998,-154.66001845368868,-170.97023988412215,-120015364.73261108,-132672011.184708,439.3454815463111,,177.31507462686565,11.129653158748802,-398.27043500922014,-112.11566148694624,-52.77953527276361,485.67821938072746,,-440.27145795711647,-123.93921668210601,-58.345588580535065
2017,M1_fixed,False,ERS_Heartland,True,1.0,1.0,314033.94,314033.94,78508.53,78508.53,235525.41,-259.4845184536888,-286.84937975438993,-201358628.0154919,-222593617.14000425,439.3454815463111,,208.60597014925375,13.093709598528006,-503.0949350092202,-216.9401614869463,-157.60403527276367,485.67821938072746,,-556.1505978273841,-239.8183565523737,-174.22472845080276
2017,M1_fixed,False,ERS_Heartland,True,1.0,1.15,314033.94,314033.94,78508.53,78508.53,235525.41,-364.30901845368885,-402.7285196246576,-282701891.2983727,-312515223.09530044,439.3454815463111,,239.8968656716418,15.057766038307205,-607.9194350092203,-321.76466148694624,-262.4285352727636,485.67821938072746,,-672.0297376976519,-355.6974964226413,-290.1038683210703
2017,M1_fixed,False,ERS_Heartland,True,1.15,0.85,314033.94,264060.27,78508.53,78508.53,185551.74,-88.75819622174208,-98.11850697701311,-68875895.65205419,-76139447.80041255,505.2473037782579,,154.18702141466582,9.677959268477222,-368.9101752606032,-39.832185709988266,28.404359436321784,558.5299522878367,,-407.8149077609565,-44.03283029469452,31.399842022112082
2017,M1_fixed,False,ERS_Heartland,True,1.15,1.0,314033.94,313580.88,78508.53,78508.53,235072.35,-193.58269622174222,-213.9976468472809,-150219158.93493503,-166061053.7557088,505.2473037782579,,181.3964957819598,11.385834433502614,-473.73467526060324,-144.65668570998832,-76.42014056367827,558.5299522878367,,-523.6940476312242,-159.9119701649622,-84.47929784815561
2017,M1_fixed,False,ERS_Heartland,True,1.15,1.15,314033.94,314033.94,78508.53,78508.53,235525.41,-298.40719622174225,-329.87678671754855,-231562422.2178158,-255982659.711005,505.2473037782579,,208.60597014925375,13.093709598528006,-578.5591752606033,-249.48118570998827,-181.24464056367822,558.5299522878367,,-639.5731875014918,-275.7911100352298,-200.35843771842318
2017,M1_fixed,False,FINBIN_state,False,0.85,0.85,314033.94,314033.85,78508.53,78508.53,235525.31999999998,-181.0910206739414,-200.18861729772314,-140525684.09909907,-155345319.11036584,332.21547932605876,-93.94052067394136,202.6367711800709,12.719036918822857,-365.29947325657196,-148.92067970996936,-104.05307451185297,367.25044236693105,-103.84735185630667,-403.8234263557984,-164.62563879328656,-115.0263609680026
2017,M1_fixed,False,FINBIN_state,False,0.85,1.0,314033.94,314033.94,78508.53,78508.53,235525.41,-271.67452067394123,-300.32492194442665,-210818005.92829752,-233050567.3400407,332.21547932605876,-169.14452067394146,238.39620138831867,14.963572845673948,-455.8829732565719,-239.50417970996932,-194.63657451185293,367.25044236693105,-186.98225671923106,-503.959731002502,-264.76194343999015,-215.1626656147062
2017,M1_fixed,False,FINBIN_state,False,0.85,1.15,314033.94,314033.94,78508.53,78508.53,235525.41,-362.2580206739414,-400.4612265911305,-281110327.75749624,-310755815.56971586,332.21547932605876,-244.34852067394138,274.1556315965665,17.20810877252504,-546.4664732565718,-330.0876797099693,-285.2200745118529,367.25044236693105,-270.11716158215523,-604.0960356492055,-364.8982480866938,-315.29897026140986
2017,M1_fixed,False,FINBIN_state,False,1.0,0.85,314033.94,310983.39,78508.53,78508.53,232474.86,-122.46475961640162,-135.37971570355887,-95032012.40503561,-105053950.72369656,390.84174038359845,-35.31425961640152,172.24125550306027,10.81118138099943,-339.1805861842023,-84.61729965878743,-31.831881778650597,432.0593439610953,-39.0384502621423,-374.95007930129447,-93.54091746304516,-35.1888259038877
2017,M1_fixed,False,FINBIN_state,False,1.0,1.0,314033.94,314033.85,78508.53,78508.53,235525.31999999998,-213.04825961640137,-235.51602035026224,-165324334.234234,-182759198.95337138,390.84174038359845,-110.51825961640152,202.6367711800709,12.719036918822857,-429.76408618420226,-175.2007996587874,-122.41538177865056,432.0593439610953,-122.17335512506659,-475.08638394799806,-193.67722210974878,-135.3251305505913
2017,M1_fixed,False,FINBIN_state,False,1.0,1.15,314033.94,314033.94,78508.53,78508.53,235525.41,-303.63175961640155,-335.6523249969661,-235616656.0634327,-260464447.1830465,390.84174038359845,-185.72225961640146,233.03228685708152,14.626892456646285,-520.3475861842022,-265.78429965878735,-212.9988817786505,432.0593439610953,-205.3082599879908,-575.2226885947017,-293.8135267564524,-235.46143519729492
2017,M1_fixed,False,FINBIN_state,False,1.15,0.85,314033.94,220748.4,78508.53,78508.53,142239.87,-63.83849855886186,-70.57081410939458,-49538340.71097216,-54762582.33702728,449.46800144113877,23.312001441138182,149.7750047852698,9.401027287825592,-313.06169911183264,-20.313919607605612,40.389310954551775,496.86824555526016,25.77045133202192,-346.0767322467905,-22.456196132803903,44.64870916022721
2017,M1_fixed,False,FINBIN_state,False,1.15,1.0,314033.94,312550.01999999996,78508.53,78508.53,234041.49,-154.42199855886193,-170.7071187560983,-119830662.5401708,-132467830.56670237,449.46800144113877,-51.8919985588618,176.20588798267033,11.060032103324223,-403.6451991118326,-110.89741960760557,-50.194189045448184,496.86824555526016,-57.364453530902345,-446.2130368934941,-122.59250077950752,-55.4875954864764
2017,M1_fixed,False,FINBIN_state,False,1.15,1.15,314033.94,314033.85,78508.53,78508.53,235525.31999999998,-245.0054985588617,-270.8434234028017,-190122984.36936915,-210173078.79637712,449.46800144113877,-127.09599855886174,202.63677118007087,12.719036918822855,-494.22869911183255,-201.48091960760553,-140.77768904544814,496.86824555526016,-140.49935839382655,-546.3493415401978,-222.72880542621112,-155.62390013318
2017,M2_HI_sensitivity,False,UNL,True,0.85,0.85,314033.94,313786.17,78508.53,78508.53,235277.63999999998,-158.7679813878604,-175.51142263653938,-123203122.46587616,-136195945.2291876,397.54851861213933,85.40301861213958,195.37014925373134,12.26292802990798,-379.2026214589026,-120.27104574922305,-66.57988668996637,439.4734093029186,94.40949719864336,-419.1927804206872,-132.95465595082806,-73.60130506029776
2017,M2_HI_sensitivity,False,UNL,True,0.85,1.0,314033.94,314033.94,78508.53,78508.53,235525.41,-256.94148138786034,-284.038157684679,-199385244.56425852,-220412123.52960643,397.54851861213933,30.31851861213952,229.84723441615452,14.426974152832917,-477.3761214589026,-218.44454574922304,-164.75338668996636,439.4734093029186,33.51586565082999,-527.7195154688269,-241.48139099896773,-182.12804010843743
2017,M2_HI_sensitivity,False,UNL,True,0.85,1.15,314033.94,314033.94,78508.53,78508.53,235525.41,-355.1149813878607,-392.56489273281915,-275567366.6626413,-304628301.83002573,397.54851861213933,-24.765981387860453,264.3243195785777,16.591020275757852,-575.5496214589026,-316.61804574922303,-262.92688668996635,439.4734093029186,-27.377765896983302,-636.2462505169666,-350.0081260471074,-290.6547751565771
2017,M2_HI_sensitivity,False,UNL,True,1.0,0.85,314033.94,276643.8,78508.53,78508.53,198135.27,-88.6123604563064,-97.95729158308318,-68762727.86147189,-76014345.49862532,467.70413954369343,155.55863954369357,166.06462686567164,10.423488825421783,-347.9472311281207,-43.32184794026239,19.84422154121603,517.0275403563749,171.96362825209957,-384.6412419173746,-47.890507246952104,21.936964388965844
2017,M2_HI_sensitivity,False,UNL,True,1.0,1.0,314033.94,313786.17,78508.53,78508.53,235277.63999999998,-186.78586045630635,-206.4840266312228,-144944849.9598543,-160230523.79904422,467.70413954369343,100.47413954369368,195.37014925373134,12.26292802990798,-446.12073112812067,-141.49534794026238,-78.32927845878396,517.0275403563749,111.06999670428638,-493.1679769655143,-156.41724229509177,-86.58977065917384
2017,M2_HI_sensitivity,False,UNL,True,1.0,1.15,314033.94,314033.94,78508.53,78508.53,235525.41,-284.95936045630646,-315.0107616793626,-221126972.05823684,-244446702.09946328,467.70413954369343,45.38963954369364,224.67567164179104,14.102367234394176,-544.2942311281207,-239.66884794026237,-176.50277845878395,517.0275403563749,50.17636515647302,-601.694712013654,-264.94397734323144,-195.1165057073135
2017,M2_HI_sensitivity,False,UNL,True,1.15,0.85,314033.94,100623.33,78508.53,78508.53,22114.8,-18.4567395247524,-20.403160529626952,-14322333.257067626,-15832745.76806305,537.8597604752478,225.71426047524778,144.40402336145362,9.063903326453726,-316.6918407973388,33.62734986869816,106.26832977239837,594.5816714098314,249.51775930555604,-350.08970341406206,37.17364145692372,117.47523383822939
2017,M2_HI_sensitivity,False,UNL,True,1.15,1.0,314033.94,292936.5,78508.53,78508.53,214427.97,-116.63023952475244,-128.92989557776667,-90504455.3554501,-100048924.06848203,537.8597604752478,170.62976047524768,169.88708630759248,10.663415678180852,-414.8653407973388,-64.54615013130183,8.094829772398384,594.5816714098314,188.6241277577426,-458.61643846220176,-71.35309359121597,8.948498790089712
2017,M2_HI_sensitivity,False,UNL,True,1.15,1.15,314033.94,313786.17,78508.53,78508.53,235277.63999999998,-214.80373952475227,-237.4566306259062,-166686577.45383242,-184265102.36890084,537.8597604752478,115.54526047524767,195.37014925373137,12.262928029907982,-513.0388407973388,-162.71965013130182,-90.0786702276016,594.5816714098314,127.73049620992927,-567.1431735103415,-179.87982863935565,-99.57823625804997
2017,M2_HI_sensitivity,False,ERS_Heartland,True,0.85,0.85,314033.94,314029.35,78508.53,78508.53,235520.81999999998,-196.4569813878606,-217.17504996193125,-152449589.1780332,-168526701.94015852,397.54851861213933,,208.60597014925372,13.093709598528005,-416.8916214589026,-157.960045749223,-104.26888668996634,439.4734093029186,,-460.8564077460788,-174.61828327621964,-115.26493238568938
2017,M2_HI_sensitivity,False,ERS_Heartland,True,0.85,1.0,314033.94,314033.94,78508.53,78508.53,235525.41,-301.2814813878603,-333.0541898321986,-233792852.46091372,-258448307.89545444,397.54851861213933,,245.41878841088675,15.404364233562358,-521.7161214589026,-262.78454574922307,-209.0933866899664,439.4734093029186,,-576.7355476163465,-290.49742314648734,-231.14407225595707
2017,M2_HI_sensitivity,False,ERS_Heartland,True,0.85,1.15,314033.94,314033.94,78508.53,78508.53,235525.41,-406.10598138786077,-448.93332970246666,-315136115.7437948,-348369913.850751,397.54851861213933,,282.2316066725197,17.715018868596708,-626.5406214589026,-367.609045749223,-313.91788668996634,439.4734093029186,,-692.6146874866141,-406.3765630167549,-347.0232121262246
2017,M2_HI_sensitivity,False,ERS_Heartland,True,1.0,0.85,314033.94,306510.48,78508.53,78508.53,228001.94999999998,-126.3013604563063,-139.6209189084747,-98009194.57362872,-108345102.20959602,467.70413954369343,,177.31507462686565,11.129653158748802,-385.63623112812064,-81.01084794026235,-17.844778458783935,517.0275403563749,,-426.3048692427662,-89.55413457234371,-19.726662936425765
2017,M2_HI_sensitivity,False,ERS_Heartland,True,1.0,1.0,314033.94,314029.35,78508.53,78508.53,235520.81999999998,-231.12586045630638,-255.5000587787424,-179352457.8565095,-198266708.16489223,467.70413954369343,,208.60597014925375,13.093709598528006,-490.4607311281207,-185.8353479402624,-122.66927845878399,517.0275403563749,,-542.1840091130339,-205.4332744426114,-135.60580280669345
2017,M2_HI_sensitivity,False,ERS_Heartland,True,1.0,1.15,314033.94,314033.94,78508.53,78508.53,235525.41,-335.95036045630656,-371.3791986490102,-260695721.13939035,-288188314.1201885,467.70413954369343,,239.8968656716418,15.057766038307205,-595.2852311281207,-290.65984794026235,-227.49377845878394,517.0275403563749,,-658.0631489833015,-321.31241431287896,-251.48494267696103
2017,M2_HI_sensitivity,False,ERS_Heartland,True,1.15,0.85,314033.94,166726.16999999998,78508.53,78508.53,88217.64,-56.14573952475236,-62.066787855018546,-43568799.96922449,-48163502.47903378,537.8597604752478,,154.18702141466582,9.677959268477222,-354.38084079733875,-4.061650131301803,68.57932977239841,594.5816714098314,,-391.75333073945365,-4.489985868467892,75.81160651283778
2017,M2_HI_sensitivity,False,ERS_Heartland,True,1.15,1.0,314033.94,309873.87,78508.53,78508.53,231365.34,-160.97023952475243,-177.94592772528625,-124912063.25210528,-138085108.43433,537.8597604752478,,181.3964957819598,11.385834433502614,-459.2053407973388,-108.88615013130186,-36.24517022760165,594.5816714098314,,-507.63247060972134,-120.36912573873558,-40.06753335742991
2017,M2_HI_sensitivity,False,ERS_Heartland,True,1.15,1.15,314033.94,314029.35,78508.53,78508.53,235520.81999999998,-265.79473952475246,-293.8250675955539,-206255326.53498602,-228006714.38962615,537.8597604752478,,208.60597014925375,13.093709598528006,-564.0298407973388,-213.7106501313018,-141.0696702276016,594.5816714098314,,-623.511610479989,-236.24826560900314,-155.94667322769746
2017,M2_HI_sensitivity,False,FINBIN_state,False,0.85,0.85,314033.94,314004.06,78508.53,78508.53,235495.53,-159.64733784264072,-176.48351474877757,-123885498.47168297,-136950283.61974517,353.6591621573593,-72.49683784264063,202.6367711800709,12.719036918822857,-355.74599364983976,-125.40046389850886,-77.63680879939415,390.9555449158765,-80.14224930736101,-393.2624506335553,-138.62501510516867,-85.82427415295297
2017,M2_HI_sensitivity,False,FINBIN_state,False,0.85,1.0,314033.94,314033.94,78508.53,78508.53,235525.41,-250.2308378426409,-276.61981939548144,-194177820.3008817,-214655531.84942037,353.6591621573593,-147.7008378426407,238.39620138831867,14.963572845673948,-446.3294936498397,-215.98396389850882,-168.2203087993941,390.9555449158765,-163.2771541702854,-493.39875528025897,-238.7613197518723,-185.9605787996566
2017,M2_HI_sensitivity,False,FINBIN_state,False,0.85,1.15,314033.94,314033.94,78508.53,78508.53,235525.41,-340.81433784264067,-376.7561240421848,-264470142.13008004,-292360780.0790951,353.6591621573593,-222.90483784264055,274.1556315965665,17.20810877252504,-536.9129936498397,-306.5674638985088,-258.80380879939406,390.9555449158765,-246.4120590332095,-593.5350599269625,-338.8976243985759,-286.0968834463602
2017,M2_HI_sensitivity,False,FINBIN_state,False,1.0,0.85,314033.94,298868.31,78508.53,78508.53,220359.78,-97.2368974619302,-107.49135976362282,-75455323.43160486,-83412732.49943689,416.0696025380693,-10.086397461930206,172.24125550306027,10.81118138099943,-327.9411984115762,-56.94645752765746,-0.7539221169342909,459.9476999010307,-11.15009432220638,-362.5254019810085,-62.951948418200644,-0.8334296508880744
2017,M2_HI_sensitivity,False,FINBIN_state,False,1.0,1.0,314033.94,314004.06,78508.53,78508.53,235495.53,-187.82039746193004,-207.6276644103263,-145747645.2608033,-161117980.72911176,416.0696025380693,-85.29039746193024,202.6367711800709,12.719036918822857,-418.52469841157614,-147.52995752765742,-91.33742211693425,459.9476999010307,-94.2849991851307,-462.6617066277121,-163.08825306490425,-100.96973429759169
2017,M2_HI_sensitivity,False,FINBIN_state,False,1.0,1.15,314033.94,314033.94,78508.53,78508.53,235525.41,-278.4038974619301,-307.76396905703007,-216039967.09000194,-238823228.95878682,416.0696025380693,-160.49439746193005,233.03228685708152,14.626892456646285,-509.1081984115761,-238.11345752765737,-181.9209221169342,459.9476999010307,-177.41990404805478,-562.7980112744157,-263.2245577116079,-201.1060389442953
2017,M2_HI_sensitivity,False,FINBIN_state,False,1.15,0.85,314033.94,130443.56999999999,78508.53,78508.53,51935.04,-34.826457081219765,-38.499204778468176,-27025148.391526837,-29875181.379128702,478.480042918781,52.32404291878024,149.7750047852698,9.401027287825592,-300.1364031733126,11.507548843193831,76.12896456552551,528.9398548861867,57.842060662948285,-331.78835332846165,12.721118268767267,84.15741485117675
2017,M2_HI_sensitivity,False,FINBIN_state,False,1.15,1.0,314033.94,305257.05,78508.53,78508.53,226748.52,-125.40995708121983,-138.6355094251719,-97317470.22072546,-107580429.60880376,478.480042918781,-22.879957081219764,176.20588798267033,11.060032103324223,-390.71990317331256,-79.07595115680613,-14.454535434474451,528.9398548861867,-25.29284419997601,-431.92465797516525,-87.41518637793635,-15.978889795526852
2017,M2_HI_sensitivity,False,FINBIN_state,False,1.15,1.15,314033.94,314004.06,78508.53,78508.53,235495.53,-215.99345708121976,-238.7718140718755,-167609792.049924,-185285677.8384787,478.480042918781,-98.08395708121974,202.63677118007087,12.719036918822855,-481.3034031733125,-169.65945115680609,-105.03803543447441,528.9398548861867,-108.42774906290026,-532.0609626218688,-187.55149102463994,-116.11519444223046
