zone,crop_pixels,valid_pixels,crop_ha,valid_ha,missing_ha,coverage_percent,yield_Mg_ha_mean,quartile_mean,quartile_ha,year,scenario,experimental,source,return_usd_ac_mean,return_usd_ac_sum_usd,cash_margin_usd_ac_mean,cash_margin_usd_ac_sum_usd,revenue_usd_ac_mean,revenue_usd_ac_sum_usd,economic_loss_ha,both_ha,disagree_ha,return_usd_ac_mean_2021dollars,return_usd_ac_sum_usd_2021dollars,cash_margin_usd_ac_mean_2021dollars,revenue_usd_ac_mean_2021dollars,GEOID,NAME
1,99660,97000,8969.4,8730.0,239.39999999999998,97.33092514549469,7.513476408769175,0.3885567010309278,3392.1,2001,M1_fixed,False,yield_only,,,,,,,,,,,,,,31023,Butler
2,330882,322671,29779.379999999997,29040.39,738.99,97.51845068634739,8.077338807065358,0.11059252303429809,3211.65,2001,M1_fixed,False,yield_only,,,,,,,,,,,,,,31025,Cass
4,522624,511542,47036.159999999996,46038.78,997.38,97.87954628949302,7.747378493092356,0.24629844665736148,11339.279999999999,2001,M1_fixed,False,yield_only,,,,,,,,,,,,,,31067,Gage
5,140309,136290,12627.81,12266.1,361.71,97.13560783698836,7.2349334076990495,0.6081297233839607,7459.38,2001,M1_fixed,False,yield_only,,,,,,,,,,,,,,31095,Jefferson
6,182507,176817,16425.63,15913.529999999999,512.1,96.88231136339977,7.220913553789812,0.3111295859561015,4951.17,2001,M1_fixed,False,yield_only,,,,,,,,,,,,,,31097,Johnson
7,499071,488608,44916.39,43974.72,941.67,97.90350471175444,7.621406191690992,0.29597959918789707,13015.619999999999,2001,M1_fixed,False,yield_only,,,,,,,,,,,,,,31109,Lancaster
8,267874,258674,24108.66,23280.66,828.0,96.56554947475306,8.018639295569036,0.1347062325552626,3136.0499999999997,2001,M1_fixed,False,yield_only,,,,,,,,,,,,,,31127,Nemaha
9,433597,421207,39023.729999999996,37908.63,1115.1,97.14250790480561,7.739419036086725,0.20934362439370666,7935.929999999999,2001,M1_fixed,False,yield_only,,,,,,,,,,,,,,31131,Otoe
10,184452,179523,16600.68,16157.07,443.60999999999996,97.32776006765988,7.33316271199888,0.30975418191540915,5004.72,2001,M1_fixed,False,yield_only,,,,,,,,,,,,,,31133,Pawnee
11,358314,344861,32248.26,31037.489999999998,1210.77,96.24547184871369,8.201920188101973,0.1203296400578784,3734.73,2001,M1_fixed,False,yield_only,,,,,,,,,,,,,,31147,Richardson
12,104761,102439,9428.49,9219.51,208.98,97.7835263122727,7.37379078893376,0.5257079823114243,4846.7699999999995,2001,M1_fixed,False,yield_only,,,,,,,,,,,,,,31151,Saline
14,464570,450503,41811.299999999996,40545.27,1266.03,96.97203865940547,7.80219595638278,0.24197841079859625,9811.08,2001,M1_fixed,False,yield_only,,,,,,,,,,,,,,31155,Saunders
15,35865,35061,3227.85,3155.49,72.36,97.75826014219992,7.421411992982614,0.468526282764325,1478.4299999999998,2001,M1_fixed,False,yield_only,,,,,,,,,,,,,,31159,Seward
1,99660,97000,8969.4,8730.0,239.39999999999998,97.33092514549469,7.513476408769175,0.3885567010309278,3392.1,2001,M2_HI_sensitivity,False,yield_only,,,,,,,,,,,,,,31023,Butler
2,330882,322671,29779.379999999997,29040.39,738.99,97.51845068634739,8.077338807065358,0.11059252303429809,3211.65,2001,M2_HI_sensitivity,False,yield_only,,,,,,,,,,,,,,31025,Cass
4,522624,511542,47036.159999999996,46038.78,997.38,97.87954628949302,7.747378493092356,0.24629844665736148,11339.279999999999,2001,M2_HI_sensitivity,False,yield_only,,,,,,,,,,,,,,31067,Gage
5,140309,136290,12627.81,12266.1,361.71,97.13560783698836,7.2349334076990495,0.6081297233839607,7459.38,2001,M2_HI_sensitivity,False,yield_only,,,,,,,,,,,,,,31095,Jefferson
6,182507,176817,16425.63,15913.529999999999,512.1,96.88231136339977,7.220913553789812,0.3111295859561015,4951.17,2001,M2_HI_sensitivity,False,yield_only,,,,,,,,,,,,,,31097,Johnson
7,499071,488608,44916.39,43974.72,941.67,97.90350471175444,7.621406191690992,0.29597959918789707,13015.619999999999,2001,M2_HI_sensitivity,False,yield_only,,,,,,,,,,,,,,31109,Lancaster
8,267874,258674,24108.66,23280.66,828.0,96.56554947475306,8.018639295569036,0.1347062325552626,3136.0499999999997,2001,M2_HI_sensitivity,False,yield_only,,,,,,,,,,,,,,31127,Nemaha
9,433597,421207,39023.729999999996,37908.63,1115.1,97.14250790480561,7.739419036086725,0.20934362439370666,7935.929999999999,2001,M2_HI_sensitivity,False,yield_only,,,,,,,,,,,,,,31131,Otoe
10,184452,179523,16600.68,16157.07,443.60999999999996,97.32776006765988,7.33316271199888,0.30975418191540915,5004.72,2001,M2_HI_sensitivity,False,yield_only,,,,,,,,,,,,,,31133,Pawnee
11,358314,344861,32248.26,31037.489999999998,1210.77,96.24547184871369,8.201920188101973,0.1203296400578784,3734.73,2001,M2_HI_sensitivity,False,yield_only,,,,,,,,,,,,,,31147,Richardson
12,104761,102439,9428.49,9219.51,208.98,97.7835263122727,7.37379078893376,0.5257079823114243,4846.7699999999995,2001,M2_HI_sensitivity,False,yield_only,,,,,,,,,,,,,,31151,Saline
14,464570,450503,41811.299999999996,40545.27,1266.03,96.97203865940547,7.80219595638278,0.24197841079859625,9811.08,2001,M2_HI_sensitivity,False,yield_only,,,,,,,,,,,,,,31155,Saunders
15,35865,35061,3227.85,3155.49,72.36,97.75826014219992,7.421411992982614,0.468526282764325,1478.4299999999998,2001,M2_HI_sensitivity,False,yield_only,,,,,,,,,,,,,,31159,Seward
1,84427,82194,7598.429999999999,7397.46,200.97,97.35511151645801,6.934859268403731,0.45708932525488477,3381.2999999999997,2003,M1_fixed,False,yield_only,,,,,,,,,,,,,,31023,Butler
2,217044,212069,19533.96,19086.21,447.75,97.70783804205598,7.554934702632375,0.1116287623367866,2130.5699999999997,2003,M1_fixed,False,yield_only,,,,,,,,,,,,,,31025,Cass
4,478743,468390,43086.869999999995,42155.1,931.77,97.83746185322813,7.523901197251335,0.1801703708448088,7595.099999999999,2003,M1_fixed,False,yield_only,,,,,,,,,,,,,,31067,Gage
5,149194,145132,13427.46,13061.88,365.58,97.27737040363553,7.086777665899084,0.4011933963564204,5240.34,2003,M1_fixed,False,yield_only,,,,,,,,,,,,,,31095,Jefferson
6,189713,184118,17074.17,16570.62,503.54999999999995,97.05080832626125,7.19840056438338,0.24518515299970672,4062.87,2003,M1_fixed,False,yield_only,,,,,,,,,,,,,,31097,Johnson
7,509740,498452,45876.6,44860.68,1015.92,97.78553772511476,7.2639610676797375,0.2506319565374399,11243.52,2003,M1_fixed,False,yield_only,,,,,,,,,,,,,,31109,Lancaster
8,225493,217607,20294.37,19584.63,709.74,96.50277392202862,7.481009327999438,0.13987141957749522,2739.33,2003,M1_fixed,False,yield_only,,,,,,,,,,,,,,31127,Nemaha
9,308682,300929,27781.379999999997,27083.61,697.77,97.48835371029085,7.266874301555534,0.2200485828883225,5959.71,2003,M1_fixed,False,yield_only,,,,,,,,,,,,,,31131,Otoe
10,199176,194644,17925.84,17517.96,407.88,97.72462545688235,7.361285729914244,0.22315098333367583,3909.1499999999996,2003,M1_fixed,False,yield_only,,,,,,,,,,,,,,31133,Pawnee
11,285236,273571,25671.239999999998,24621.39,1049.85,95.91040401632333,7.35656224809146,0.18745773492073356,4615.47,2003,M1_fixed,False,yield_only,,,,,,,,,,,,,,31147,Richardson
12,113888,111316,10249.92,10018.44,231.48,97.74164091036808,6.930738446628235,0.4696090409285278,4704.75,2003,M1_fixed,False,yield_only,,,,,,,,,,,,,,31151,Saline
14,423464,410500,38111.76,36945.0,1166.76,96.9385827366671,7.1601245542452485,0.3626723507917174,13398.93,2003,M1_fixed,False,yield_only,,,,,,,,,,,,,,31155,Saunders
15,35797,35125,3221.73,3161.25,60.48,98.12274771628907,6.81344349081915,0.4856370106761566,1535.22,2003,M1_fixed,False,yield_only,,,,,,,,,,,,,,31159,Seward
1,84427,82194,7598.429999999999,7397.46,200.97,97.35511151645801,6.934859268403731,0.45708932525488477,3381.2999999999997,2003,M2_HI_sensitivity,False,yield_only,,,,,,,,,,,,,,31023,Butler
2,217044,212069,19533.96,19086.21,447.75,97.70783804205598,7.554934702632375,0.1116287623367866,2130.5699999999997,2003,M2_HI_sensitivity,False,yield_only,,,,,,,,,,,,,,31025,Cass
4,478743,468390,43086.869999999995,42155.1,931.77,97.83746185322813,7.523901197251335,0.1801703708448088,7595.099999999999,2003,M2_HI_sensitivity,False,yield_only,,,,,,,,,,,,,,31067,Gage
5,149194,145132,13427.46,13061.88,365.58,97.27737040363553,7.086777665899084,0.4011933963564204,5240.34,2003,M2_HI_sensitivity,False,yield_only,,,,,,,,,,,,,,31095,Jefferson
6,189713,184118,17074.17,16570.62,503.54999999999995,97.05080832626125,7.19840056438338,0.24518515299970672,4062.87,2003,M2_HI_sensitivity,False,yield_only,,,,,,,,,,,,,,31097,Johnson
7,509740,498452,45876.6,44860.68,1015.92,97.78553772511476,7.2639610676797375,0.2506319565374399,11243.52,2003,M2_HI_sensitivity,False,yield_only,,,,,,,,,,,,,,31109,Lancaster
8,225493,217607,20294.37,19584.63,709.74,96.50277392202862,7.481009327999438,0.13987141957749522,2739.33,2003,M2_HI_sensitivity,False,yield_only,,,,,,,,,,,,,,31127,Nemaha
9,308682,300929,27781.379999999997,27083.61,697.77,97.48835371029085,7.266874301555534,0.2200485828883225,5959.71,2003,M2_HI_sensitivity,False,yield_only,,,,,,,,,,,,,,31131,Otoe
10,199176,194644,17925.84,17517.96,407.88,97.72462545688235,7.361285729914244,0.22315098333367583,3909.1499999999996,2003,M2_HI_sensitivity,False,yield_only,,,,,,,,,,,,,,31133,Pawnee
11,285236,273571,25671.239999999998,24621.39,1049.85,95.91040401632333,7.35656224809146,0.18745773492073356,4615.47,2003,M2_HI_sensitivity,False,yield_only,,,,,,,,,,,,,,31147,Richardson
12,113888,111316,10249.92,10018.44,231.48,97.74164091036808,6.930738446628235,0.4696090409285278,4704.75,2003,M2_HI_sensitivity,False,yield_only,,,,,,,,,,,,,,31151,Saline
14,423464,410500,38111.76,36945.0,1166.76,96.9385827366671,7.1601245542452485,0.3626723507917174,13398.93,2003,M2_HI_sensitivity,False,yield_only,,,,,,,,,,,,,,31155,Saunders
15,35797,35125,3221.73,3161.25,60.48,98.12274771628907,6.81344349081915,0.4856370106761566,1535.22,2003,M2_HI_sensitivity,False,yield_only,,,,,,,,,,,,,,31159,Seward
1,84951,82757,7645.59,7448.13,197.45999999999998,97.41733469882638,7.385189253873917,0.37443358265766036,2788.83,2005,M1_fixed,False,yield_only,,,,,,,,,,,,,,31023,Butler
2,318835,311137,28695.149999999998,28002.329999999998,692.8199999999999,97.58558502046513,8.064323382047096,0.12489353564506954,3497.31,2005,M1_fixed,False,yield_only,,,,,,,,,,,,,,31025,Cass
4,521799,510348,46961.909999999996,45931.32,1030.59,97.80547682153473,7.597792823187438,0.2887519888389883,13262.76,2005,M1_fixed,False,yield_only,,,,,,,,,,,,,,31067,Gage
5,110721,107788,9964.89,9700.92,263.96999999999997,97.35099935874857,7.425487870762519,0.36402939102683046,3531.42,2005,M1_fixed,False,yield_only,,,,,,,,,,,,,,31095,Jefferson
6,178320,172439,16048.8,15519.51,529.29,96.7019964109466,7.123428881911181,0.3356201323366524,5208.66,2005,M1_fixed,False,yield_only,,,,,,,,,,,,,,31097,Johnson
7,516808,506042,46512.72,45543.78,968.9399999999999,97.9168279128806,7.5824938704180305,0.28882187644503815,13154.039999999999,2005,M1_fixed,False,yield_only,,,,,,,,,,,,,,31109,Lancaster
8,276786,266454,24910.739999999998,23980.86,929.88,96.26715224035898,8.00132190310693,0.14244484976768973,3415.95,2005,M1_fixed,False,yield_only,,,,,,,,,,,,,,31127,Nemaha
9,429382,417779,38644.38,37600.11,1044.27,97.29774419980343,7.65399005281405,0.23449957992144171,8817.21,2005,M1_fixed,False,yield_only,,,,,,,,,,,,,,31131,Otoe
10,175207,170390,15768.63,15335.099999999999,433.53,97.25068062349106,7.355009204733784,0.29630846880685485,4543.92,2005,M1_fixed,False,yield_only,,,,,,,,,,,,,,31133,Pawnee
11,339614,324786,30565.26,29230.739999999998,1334.52,95.63386668394118,7.9649470228295955,0.1423768265873529,4161.78,2005,M1_fixed,False,yield_only,,,,,,,,,,,,,,31147,Richardson
12,96792,94568,8711.279999999999,8511.119999999999,200.16,97.70228944540871,7.399063956388593,0.3994691650452584,3399.93,2005,M1_fixed,False,yield_only,,,,,,,,,,,,,,31151,Saline
14,428223,415276,38540.07,37374.84,1165.23,96.97657528904332,7.715748753078118,0.2618330941349849,9785.97,2005,M1_fixed,False,yield_only,,,,,,,,,,,,,,31155,Saunders
15,34792,34022,3131.2799999999997,3061.98,69.3,97.78684755116119,7.327875079777735,0.40576685673975665,1242.45,2005,M1_fixed,False,yield_only,,,,,,,,,,,,,,31159,Seward
1,84951,82757,7645.59,7448.13,197.45999999999998,97.41733469882638,6.397176272446447,0.37443358265766036,2788.83,2005,M2_HI_sensitivity,False,yield_only,,,,,,,,,,,,,,31023,Butler
2,318835,311137,28695.149999999998,28002.329999999998,692.8199999999999,97.58558502046513,6.985453779927295,0.12489353564506954,3497.31,2005,M2_HI_sensitivity,False,yield_only,,,,,,,,,,,,,,31025,Cass
4,521799,510348,46961.909999999996,45931.32,1030.59,97.80547682153473,6.581337091858865,0.2887519888389883,13262.76,2005,M2_HI_sensitivity,False,yield_only,,,,,,,,,,,,,,31067,Gage
5,110721,107788,9964.89,9700.92,263.96999999999997,97.35099935874857,6.4320836177596705,0.36402939102683046,3531.42,2005,M2_HI_sensitivity,False,yield_only,,,,,,,,,,,,,,31095,Jefferson
6,178320,172439,16048.8,15519.51,529.29,96.7019964109466,6.170434995323181,0.3356201323366524,5208.66,2005,M2_HI_sensitivity,False,yield_only,,,,,,,,,,,,,,31097,Johnson
7,516808,506042,46512.72,45543.78,968.9399999999999,97.9168279128806,6.568084879093684,0.28882187644503815,13154.039999999999,2005,M2_HI_sensitivity,False,yield_only,,,,,,,,,,,,,,31109,Lancaster
8,276786,266454,24910.739999999998,23980.86,929.88,96.26715224035898,6.930880830127087,0.14244484976768973,3415.95,2005,M2_HI_sensitivity,False,yield_only,,,,,,,,,,,,,,31127,Nemaha
9,429382,417779,38644.38,37600.11,1044.27,97.29774419980343,6.630016086409865,0.23449957992144171,8817.21,2005,M2_HI_sensitivity,False,yield_only,,,,,,,,,,,,,,31131,Otoe
10,175207,170390,15768.63,15335.099999999999,433.53,97.25068062349106,6.371033800712416,0.29630846880685485,4543.92,2005,M2_HI_sensitivity,False,yield_only,,,,,,,,,,,,,,31133,Pawnee
11,339614,324786,30565.26,29230.739999999998,1334.52,95.63386668394118,6.899372291759619,0.1423768265873529,4161.78,2005,M2_HI_sensitivity,False,yield_only,,,,,,,,,,,,,,31147,Richardson
12,96792,94568,8711.279999999999,8511.119999999999,200.16,97.70228944540871,6.409194777063,0.3994691650452584,3399.93,2005,M2_HI_sensitivity,False,yield_only,,,,,,,,,,,,,,31151,Saline
14,428223,415276,38540.07,37374.84,1165.23,96.97657528904332,6.683512520101557,0.2618330941349849,9785.97,2005,M2_HI_sensitivity,False,yield_only,,,,,,,,,,,,,,31155,Saunders
15,34792,34022,3131.2799999999997,3061.98,69.3,97.78684755116119,6.347529763330558,0.40576685673975665,1242.45,2005,M2_HI_sensitivity,False,yield_only,,,,,,,,,,,,,,31159,Seward
1,89433,87099,8048.969999999999,7838.91,210.06,97.39022508470028,8.545953205980515,0.1459144192241013,1143.81,2007,M1_fixed,False,yield_only,,,,,,,,,,,,,,31023,Butler
2,341266,333324,30713.94,29999.16,714.78,97.67278310760521,9.008201727594635,0.08876948554559527,2663.0099999999998,2007,M1_fixed,False,yield_only,,,,,,,,,,,,,,31025,Cass
4,505046,493345,45454.14,44401.049999999996,1053.09,97.6831813339775,8.305699635194026,0.34338850094761275,15246.81,2007,M1_fixed,False,yield_only,,,,,,,,,,,,,,31067,Gage
5,110870,107481,9978.3,9673.289999999999,305.01,96.94326688914946,8.14118311081563,0.4349699016570371,4207.59,2007,M1_fixed,False,yield_only,,,,,,,,,,,,,,31095,Jefferson
6,189186,183022,17026.739999999998,16471.98,554.76,96.7418307908619,7.874681736985999,0.32003256439116606,5271.57,2007,M1_fixed,False,yield_only,,,,,,,,,,,,,,31097,Johnson
7,524804,513902,47232.36,46251.18,981.18,97.92265302855924,8.350978315634864,0.28071500013621276,12983.4,2007,M1_fixed,False,yield_only,,,,,,,,,,,,,,31109,Lancaster
8,263027,253830,23672.43,22844.7,827.73,96.50340079155372,8.418154030646368,0.21891423393609896,5001.03,2007,M1_fixed,False,yield_only,,,,,,,,,,,,,,31127,Nemaha
9,424847,413487,38236.229999999996,37213.83,1022.4,97.32609621816795,8.310272608357646,0.2433740359430889,9056.88,2007,M1_fixed,False,yield_only,,,,,,,,,,,,,,31131,Otoe
10,170630,165794,15356.699999999999,14921.46,435.24,97.1657973392721,7.950587711739813,0.30278538427204843,4518.0,2007,M1_fixed,False,yield_only,,,,,,,,,,,,,,31133,Pawnee
11,357143,342314,32142.87,30808.26,1334.61,95.84788166084734,8.39898334153176,0.22839848793797507,7036.5599999999995,2007,M1_fixed,False,yield_only,,,,,,,,,,,,,,31147,Richardson
12,106904,104440,9621.359999999999,9399.6,221.76,97.69512833944474,8.34088307367299,0.3207679050172348,3015.0899999999997,2007,M1_fixed,False,yield_only,,,,,,,,,,,,,,31151,Saline
14,454132,440809,40871.88,39672.81,1199.07,97.0662714805387,8.588691105035542,0.17802268102511518,7062.66,2007,M1_fixed,False,yield_only,,,,,,,,,,,,,,31155,Saunders
15,31995,31305,2879.5499999999997,2817.45,62.099999999999994,97.84341303328645,8.187010611773413,0.30956716179524035,872.1899999999999,2007,M1_fixed,False,yield_only,,,,,,,,,,,,,,31159,Seward
1,89433,87099,8048.969999999999,7838.91,210.06,97.39022508470028,7.967352608177921,0.1459144192241013,1143.81,2007,M2_HI_sensitivity,False,yield_only,,,,,,,,,,,,,,31023,Butler
2,341266,333324,30713.94,29999.16,714.78,97.67278310760521,8.398304764076096,0.08876948554559527,2663.0099999999998,2007,M2_HI_sensitivity,False,yield_only,,,,,,,,,,,,,,31025,Cass
4,505046,493345,45454.14,44401.049999999996,1053.09,97.6831813339775,7.743365315095877,0.34338850094761275,15246.81,2007,M2_HI_sensitivity,False,yield_only,,,,,,,,,,,,,,31067,Gage
5,110870,107481,9978.3,9673.289999999999,305.01,96.94326688914946,7.589987320408446,0.4349699016570371,4207.59,2007,M2_HI_sensitivity,False,yield_only,,,,,,,,,,,,,,31095,Jefferson
6,189186,183022,17026.739999999998,16471.98,554.76,96.7418307908619,7.341529324211273,0.32003256439116606,5271.57,2007,M2_HI_sensitivity,False,yield_only,,,,,,,,,,,,,,31097,Johnson
7,524804,513902,47232.36,46251.18,981.18,97.92265302855924,7.7855784198372495,0.28071500013621276,12983.4,2007,M2_HI_sensitivity,False,yield_only,,,,,,,,,,,,,,31109,Lancaster
8,263027,253830,23672.43,22844.7,827.73,96.50340079155372,7.848206028478796,0.21891423393609896,5001.03,2007,M2_HI_sensitivity,False,yield_only,,,,,,,,,,,,,,31127,Nemaha
9,424847,413487,38236.229999999996,37213.83,1022.4,97.32609621816795,7.747628676520195,0.2433740359430889,9056.88,2007,M2_HI_sensitivity,False,yield_only,,,,,,,,,,,,,,31131,Otoe
10,170630,165794,15356.699999999999,14921.46,435.24,97.1657973392721,7.412296112208366,0.30278538427204843,4518.0,2007,M2_HI_sensitivity,False,yield_only,,,,,,,,,,,,,,31133,Pawnee
11,357143,342314,32142.87,30808.26,1334.61,95.84788166084734,7.83033328259063,0.22839848793797507,7036.5599999999995,2007,M2_HI_sensitivity,False,yield_only,,,,,,,,,,,,,,31147,Richardson
12,106904,104440,9621.359999999999,9399.6,221.76,97.69512833944474,7.776166672381986,0.3207679050172348,3015.0899999999997,2007,M2_HI_sensitivity,False,yield_only,,,,,,,,,,,,,,31151,Saline
14,454132,440809,40871.88,39672.81,1199.07,97.0662714805387,8.007196951922381,0.17802268102511518,7062.66,2007,M2_HI_sensitivity,False,yield_only,,,,,,,,,,,,,,31155,Saunders
15,31995,31305,2879.5499999999997,2817.45,62.099999999999994,97.84341303328645,7.632712086319752,0.30956716179524035,872.1899999999999,2007,M2_HI_sensitivity,False,yield_only,,,,,,,,,,,,,,31159,Seward
1,65729,63928,5915.61,5753.5199999999995,162.09,97.25996135647887,9.011844516068999,0.29225065698911273,1681.47,2009,M1_fixed,False,yield_only,,,,,,,,,,,,,,31023,Butler
2,319421,311366,28747.89,28022.94,724.9499999999999,97.47824970806553,9.765101658328774,0.0943873126802541,2645.0099999999998,2009,M1_fixed,False,yield_only,,,,,,,,,,,,,,31025,Cass
4,294634,288407,26517.059999999998,25956.629999999997,560.43,97.8865304072171,8.974603202222482,0.3436567073614718,8920.17,2009,M1_fixed,False,yield_only,,,,,,,,,,,,,,31067,Gage
5,63759,61762,5738.3099999999995,5558.58,179.73,96.86789316018131,8.600955583981978,0.5129529484148829,2851.29,2009,M1_fixed,False,yield_only,,,,,,,,,,,,,,31095,Jefferson
6,144237,139704,12981.33,12573.359999999999,407.96999999999997,96.85725576655088,8.67206440166715,0.2959471453931169,3721.0499999999997,2009,M1_fixed,False,yield_only,,,,,,,,,,,,,,31097,Johnson
7,475763,462487,42818.67,41623.83,1194.84,97.20953499956912,8.900177478841126,0.35444888180640755,14753.519999999999,2009,M1_fixed,False,yield_only,,,,,,,,,,,,,,31109,Lancaster
8,260072,250495,23406.48,22544.55,861.93,96.31755821464826,9.33147077503936,0.15947623705063974,3595.3199999999997,2009,M1_fixed,False,yield_only,,,,,,,,,,,,,,31127,Nemaha
9,400559,389022,36050.31,35011.979999999996,1038.33,97.1197751142778,9.323816413879051,0.17049678424356463,5969.429999999999,2009,M1_fixed,False,yield_only,,,,,,,,,,,,,,31131,Otoe
10,126337,123332,11370.33,11099.88,270.45,97.62144106635428,8.643160001732383,0.3748662147698894,4160.97,2009,M1_fixed,False,yield_only,,,,,,,,,,,,,,31133,Pawnee
11,304593,290885,27413.37,26179.649999999998,1233.72,95.49956827635566,9.468157937688703,0.15441153720542483,4042.44,2009,M1_fixed,False,yield_only,,,,,,,,,,,,,,31147,Richardson
12,91801,89470,8262.09,8052.299999999999,209.79,97.46081197372578,8.62859295097239,0.48056331731306584,3869.64,2009,M1_fixed,False,yield_only,,,,,,,,,,,,,,31151,Saline
14,370370,358863,33333.299999999996,32297.67,1035.6299999999999,96.89310689310689,9.242983982975115,0.22520571917416954,7273.62,2009,M1_fixed,False,yield_only,,,,,,,,,,,,,,31155,Saunders
15,28057,27570,2525.13,2481.2999999999997,43.83,98.26424778130234,8.895034222461021,0.3245194051505259,805.23,2009,M1_fixed,False,yield_only,,,,,,,,,,,,,,31159,Seward
1,65729,63928,5915.61,5753.5199999999995,162.09,97.25996135647887,9.011844516068999,0.29225065698911273,1681.47,2009,M2_HI_sensitivity,False,yield_only,,,,,,,,,,,,,,31023,Butler
2,319421,311366,28747.89,28022.94,724.9499999999999,97.47824970806553,9.765101658328774,0.0943873126802541,2645.0099999999998,2009,M2_HI_sensitivity,False,yield_only,,,,,,,,,,,,,,31025,Cass
4,294634,288407,26517.059999999998,25956.629999999997,560.43,97.8865304072171,8.974603202222482,0.3436567073614718,8920.17,2009,M2_HI_sensitivity,False,yield_only,,,,,,,,,,,,,,31067,Gage
5,63759,61762,5738.3099999999995,5558.58,179.73,96.86789316018131,8.600955583981978,0.5129529484148829,2851.29,2009,M2_HI_sensitivity,False,yield_only,,,,,,,,,,,,,,31095,Jefferson
6,144237,139704,12981.33,12573.359999999999,407.96999999999997,96.85725576655088,8.67206440166715,0.2959471453931169,3721.0499999999997,2009,M2_HI_sensitivity,False,yield_only,,,,,,,,,,,,,,31097,Johnson
7,475763,462487,42818.67,41623.83,1194.84,97.20953499956912,8.900177478841126,0.35444888180640755,14753.519999999999,2009,M2_HI_sensitivity,False,yield_only,,,,,,,,,,,,,,31109,Lancaster
8,260072,250495,23406.48,22544.55,861.93,96.31755821464826,9.33147077503936,0.15947623705063974,3595.3199999999997,2009,M2_HI_sensitivity,False,yield_only,,,,,,,,,,,,,,31127,Nemaha
9,400559,389022,36050.31,35011.979999999996,1038.33,97.1197751142778,9.323816413879051,0.17049678424356463,5969.429999999999,2009,M2_HI_sensitivity,False,yield_only,,,,,,,,,,,,,,31131,Otoe
10,126337,123332,11370.33,11099.88,270.45,97.62144106635428,8.643160001732383,0.3748662147698894,4160.97,2009,M2_HI_sensitivity,False,yield_only,,,,,,,,,,,,,,31133,Pawnee
11,304593,290885,27413.37,26179.649999999998,1233.72,95.49956827635566,9.468157937688703,0.15441153720542483,4042.44,2009,M2_HI_sensitivity,False,yield_only,,,,,,,,,,,,,,31147,Richardson
12,91801,89470,8262.09,8052.299999999999,209.79,97.46081197372578,8.62859295097239,0.48056331731306584,3869.64,2009,M2_HI_sensitivity,False,yield_only,,,,,,,,,,,,,,31151,Saline
14,370370,358863,33333.299999999996,32297.67,1035.6299999999999,96.89310689310689,9.242983982975115,0.22520571917416954,7273.62,2009,M2_HI_sensitivity,False,yield_only,,,,,,,,,,,,,,31155,Saunders
15,28057,27570,2525.13,2481.2999999999997,43.83,98.26424778130234,8.895034222461021,0.3245194051505259,805.23,2009,M2_HI_sensitivity,False,yield_only,,,,,,,,,,,,,,31159,Seward
1,95551,92923,8599.59,8363.07,236.51999999999998,97.24963631987106,5.224397022208202,0.19177168193020028,1603.8,2011,M1_fixed,False,yield_only,,,,,,,,,,,,,,31023,Butler
2,288042,280677,25923.78,25260.93,662.85,97.44308121732247,5.110840205881393,0.07852086205852278,1983.51,2011,M1_fixed,False,yield_only,,,,,,,,,,,,,,31025,Cass
4,605954,592175,54535.86,53295.75,1240.11,97.72606501483611,4.359670024453076,0.4155899860683075,22149.18,2011,M1_fixed,False,yield_only,,,,,,,,,,,,,,31067,Gage
5,159110,154133,14319.9,13871.97,447.93,96.87197536295645,4.426563390102964,0.3445920082007098,4780.17,2011,M1_fixed,False,yield_only,,,,,,,,,,,,,,31095,Jefferson
6,206634,200369,18597.059999999998,18033.21,563.85,96.96806914641347,4.104725304107601,0.3365740209313816,6069.51,2011,M1_fixed,False,yield_only,,,,,,,,,,,,,,31097,Johnson
7,560751,548706,50467.59,49383.54,1084.05,97.8519877806727,4.906649171957797,0.14955367719689597,7385.49,2011,M1_fixed,False,yield_only,,,,,,,,,,,,,,31109,Lancaster
8,282729,271009,25445.61,24390.809999999998,1054.8,95.85468770448026,4.537258490270596,0.20969414299894099,5114.61,2011,M1_fixed,False,yield_only,,,,,,,,,,,,,,31127,Nemaha
9,437137,423764,39342.33,38138.76,1203.57,96.94077600386149,4.573832728588068,0.20769815274539602,7921.349999999999,2011,M1_fixed,False,yield_only,,,,,,,,,,,,,,31131,Otoe
10,227892,221312,20510.28,19918.079999999998,592.1999999999999,97.11266740385797,3.9786881683752515,0.4464873120300752,8893.17,2011,M1_fixed,False,yield_only,,,,,,,,,,,,,,31133,Pawnee
11,355190,338178,31967.1,30436.02,1531.08,95.21045074467186,4.397393815766448,0.39816605456298165,12118.59,2011,M1_fixed,False,yield_only,,,,,,,,,,,,,,31147,Richardson
12,120864,117886,10877.76,10609.74,268.02,97.53607360338893,4.820937753668178,0.18300731214902533,1941.6599999999999,2011,M1_fixed,False,yield_only,,,,,,,,,,,,,,31151,Saline
14,476160,461861,42854.4,41567.49,1286.9099999999999,96.99701780913979,5.1990169448521915,0.08616445207540797,3581.64,2011,M1_fixed,False,yield_only,,,,,,,,,,,,,,31155,Saunders
15,37239,36418,3351.5099999999998,3277.62,73.89,97.79532210854212,5.05553017727946,0.18125652150035695,594.09,2011,M1_fixed,False,yield_only,,,,,,,,,,,,,,31159,Seward
1,95551,92923,8599.59,8363.07,236.51999999999998,97.24963631987106,5.152356794376091,0.19177168193020028,1603.8,2011,M2_HI_sensitivity,False,yield_only,,,,,,,,,,,,,,31023,Butler
2,288042,280677,25923.78,25260.93,662.85,97.44308121732247,5.040365835835082,0.07852086205852278,1983.51,2011,M2_HI_sensitivity,False,yield_only,,,,,,,,,,,,,,31025,Cass
4,605954,592175,54535.86,53295.75,1240.11,97.72606501483611,4.299553686300266,0.4155899860683075,22149.18,2011,M2_HI_sensitivity,False,yield_only,,,,,,,,,,,,,,31067,Gage
5,159110,154133,14319.9,13871.97,447.93,96.87197536295645,4.365524645865883,0.3445920082007098,4780.17,2011,M2_HI_sensitivity,False,yield_only,,,,,,,,,,,,,,31095,Jefferson
6,206634,200369,18597.059999999998,18033.21,563.85,96.96806914641347,4.0481244479307135,0.3365740209313816,6069.51,2011,M2_HI_sensitivity,False,yield_only,,,,,,,,,,,,,,31097,Johnson
7,560751,548706,50467.59,49383.54,1084.05,97.8519877806727,4.838990431532338,0.14955367719689597,7385.49,2011,M2_HI_sensitivity,False,yield_only,,,,,,,,,,,,,,31109,Lancaster
8,282729,271009,25445.61,24390.809999999998,1054.8,95.85468770448026,4.474693349968673,0.20969414299894099,5114.61,2011,M2_HI_sensitivity,False,yield_only,,,,,,,,,,,,,,31127,Nemaha
9,437137,423764,39342.33,38138.76,1203.57,96.94077600386149,4.510763258516658,0.20769815274539602,7921.349999999999,2011,M2_HI_sensitivity,False,yield_only,,,,,,,,,,,,,,31131,Otoe
10,227892,221312,20510.28,19918.079999999998,592.1999999999999,97.11266740385797,3.92382526281586,0.4464873120300752,8893.17,2011,M2_HI_sensitivity,False,yield_only,,,,,,,,,,,,,,31133,Pawnee
11,355190,338178,31967.1,30436.02,1531.08,95.21045074467186,4.336757297155919,0.39816605456298165,12118.59,2011,M2_HI_sensitivity,False,yield_only,,,,,,,,,,,,,,31147,Richardson
12,120864,117886,10877.76,10609.74,268.02,97.53607360338893,4.754460904623183,0.18300731214902533,1941.6599999999999,2011,M2_HI_sensitivity,False,yield_only,,,,,,,,,,,,,,31151,Saline
14,476160,461861,42854.4,41567.49,1286.9099999999999,96.99701780913979,5.127326688247562,0.08616445207540797,3581.64,2011,M2_HI_sensitivity,False,yield_only,,,,,,,,,,,,,,31155,Saunders
15,37239,36418,3351.5099999999998,3277.62,73.89,97.79532210854212,4.9858184872738605,0.18125652150035695,594.09,2011,M2_HI_sensitivity,False,yield_only,,,,,,,,,,,,,,31159,Seward
1,97065,94574,8735.85,8511.66,224.19,97.4336784628857,5.275631978363224,0.23151183200456785,1970.55,2013,M1_fixed,False,yield_only,,,,,,,,,,,,,,31023,Butler
2,286255,278980,25762.95,25108.2,654.75,97.45855967581352,5.6356192196502555,0.07777260018639329,1952.73,2013,M1_fixed,False,yield_only,,,,,,,,,,,,,,31025,Cass
4,523106,511486,47079.54,46033.74,1045.8,97.77865289253039,4.899948183215234,0.3636815083892814,16741.62,2013,M1_fixed,False,yield_only,,,,,,,,,,,,,,31067,Gage
5,109698,106597,9872.82,9593.73,279.09,97.17314809750405,5.012423421884398,0.2667898721352383,2559.5099999999998,2013,M1_fixed,False,yield_only,,,,,,,,,,,,,,31095,Jefferson
6,166727,161666,15005.43,14549.939999999999,455.49,96.96449885141578,4.371519445263048,0.4118800489898927,5992.83,2013,M1_fixed,False,yield_only,,,,,,,,,,,,,,31097,Johnson
7,497496,486774,44774.64,43809.659999999996,964.98,97.84480679241642,5.367108984068726,0.1536976091574324,6733.44,2013,M1_fixed,False,yield_only,,,,,,,,,,,,,,31109,Lancaster
8,277472,267058,24972.48,24035.219999999998,937.26,96.24682850882252,5.088675210216401,0.18078469845501727,4345.2,2013,M1_fixed,False,yield_only,,,,,,,,,,,,,,31127,Nemaha
9,373386,362951,33604.74,32665.59,939.15,97.20530496590659,5.098202159436681,0.22830354510663975,7457.67,2013,M1_fixed,False,yield_only,,,,,,,,,,,,,,31131,Otoe
10,187523,182674,16877.07,16440.66,436.40999999999997,97.41418386011316,4.076122023260075,0.6279492429136057,10323.9,2013,M1_fixed,False,yield_only,,,,,,,,,,,,,,31133,Pawnee
11,336647,322376,30298.23,29013.84,1284.3899999999999,95.76084147489804,4.860340230557912,0.3886641685485272,11276.64,2013,M1_fixed,False,yield_only,,,,,,,,,,,,,,31147,Richardson
12,104050,101525,9364.5,9137.25,227.25,97.57328207592504,5.300588516091235,0.17641960108347698,1611.99,2013,M1_fixed,False,yield_only,,,,,,,,,,,,,,31151,Saline
14,458567,444450,41271.03,40000.5,1270.53,96.92149674965708,5.626607070157734,0.09751603104961187,3900.69,2013,M1_fixed,False,yield_only,,,,,,,,,,,,,,31155,Saunders
15,30642,30010,2757.7799999999997,2700.9,56.879999999999995,97.93747144442268,5.451287901747111,0.1975341552815728,533.52,2013,M1_fixed,False,yield_only,,,,,,,,,,,,,,31159,Seward
1,97065,94574,8735.85,8511.66,224.19,97.4336784628857,5.877628103205211,0.23151183200456785,1970.55,2013,M2_HI_sensitivity,False,yield_only,,,,,,,,,,,,,,31023,Butler
2,286255,278980,25762.95,25108.2,654.75,97.45855967581352,6.278693061644855,0.07777260018639329,1952.73,2013,M2_HI_sensitivity,False,yield_only,,,,,,,,,,,,,,31025,Cass
4,523106,511486,47079.54,46033.74,1045.8,97.77865289253039,5.459075473703116,0.3636815083892814,16741.62,2013,M2_HI_sensitivity,False,yield_only,,,,,,,,,,,,,,31067,Gage
5,109698,106597,9872.82,9593.73,279.09,97.17314809750405,5.584385128036091,0.2667898721352383,2559.5099999999998,2013,M2_HI_sensitivity,False,yield_only,,,,,,,,,,,,,,31095,Jefferson
6,166727,161666,15005.43,14549.939999999999,455.49,96.96449885141578,4.8703483575338,0.4118800489898927,5992.83,2013,M2_HI_sensitivity,False,yield_only,,,,,,,,,,,,,,31097,Johnson
7,497496,486774,44774.64,43809.659999999996,964.98,97.84480679241642,5.979543440832843,0.1536976091574324,6733.44,2013,M2_HI_sensitivity,False,yield_only,,,,,,,,,,,,,,31109,Lancaster
8,277472,267058,24972.48,24035.219999999998,937.26,96.24682850882252,5.6693379179318715,0.18078469845501727,4345.2,2013,M2_HI_sensitivity,False,yield_only,,,,,,,,,,,,,,31127,Nemaha
9,373386,362951,33604.74,32665.59,939.15,97.20530496590659,5.6799519766581374,0.22830354510663975,7457.67,2013,M2_HI_sensitivity,False,yield_only,,,,,,,,,,,,,,31131,Otoe
10,187523,182674,16877.07,16440.66,436.40999999999997,97.41418386011316,4.541243485836228,0.6279492429136057,10323.9,2013,M2_HI_sensitivity,False,yield_only,,,,,,,,,,,,,,31133,Pawnee
11,336647,322376,30298.23,29013.84,1284.3899999999999,95.76084147489804,5.414947904439861,0.3886641685485272,11276.64,2013,M2_HI_sensitivity,False,yield_only,,,,,,,,,,,,,,31147,Richardson
12,104050,101525,9364.5,9137.25,227.25,97.57328207592504,5.905432399846127,0.17641960108347698,1611.99,2013,M2_HI_sensitivity,False,yield_only,,,,,,,,,,,,,,31151,Saline
14,458567,444450,41271.03,40000.5,1270.53,96.92149674965708,6.26865254764147,0.09751603104961187,3900.69,2013,M2_HI_sensitivity,False,yield_only,,,,,,,,,,,,,,31155,Saunders
15,30642,30010,2757.7799999999997,2700.9,56.879999999999995,97.93747144442268,6.073327917053238,0.1975341552815728,533.52,2013,M2_HI_sensitivity,False,yield_only,,,,,,,,,,,,,,31159,Seward
1,80599,78513,7253.91,7066.17,187.73999999999998,97.41187855928733,8.78666531597654,0.24886324557716558,1758.51,2015,M1_fixed,False,yield_only,,,,,,,,,,,,,,31023,Butler
2,295257,287774,26573.129999999997,25899.66,673.47,97.46559776736876,9.824645031781177,0.0716812498696894,1856.52,2015,M1_fixed,False,yield_only,,,,,,,,,,,,,,31025,Cass
4,553080,541090,49777.2,48698.1,1079.1,97.8321400159109,8.594944616371919,0.3338926980724094,16259.939999999999,2015,M1_fixed,False,yield_only,,,,,,,,,,,,,,31067,Gage
5,131915,128053,11872.35,11524.77,347.58,97.07235719971193,8.491841464651758,0.4539370416936737,5231.5199999999995,2015,M1_fixed,False,yield_only,,,,,,,,,,,,,,31095,Jefferson
6,198355,192312,17851.95,17308.079999999998,543.87,96.95344206095132,7.722338080789271,0.41584508507009443,7197.48,2015,M1_fixed,False,yield_only,,,,,,,,,,,,,,31097,Johnson
7,489928,479445,44093.52,43150.049999999996,943.4699999999999,97.86029783968256,8.98529168513723,0.2035687096538706,8784.0,2015,M1_fixed,False,yield_only,,,,,,,,,,,,,,31109,Lancaster
8,276973,266162,24927.57,23954.579999999998,972.99,96.09673145035798,9.371670472377463,0.15322247353115773,3670.3799999999997,2015,M1_fixed,False,yield_only,,,,,,,,,,,,,,31127,Nemaha
9,419316,407645,37738.439999999995,36688.049999999996,1050.3899999999999,97.21665760428888,8.876462877441393,0.24673429086582688,9052.199999999999,2015,M1_fixed,False,yield_only,,,,,,,,,,,,,,31131,Otoe
10,218397,212525,19655.73,19127.25,528.48,97.31131837891546,7.492350719986123,0.4812986707446183,9205.92,2015,M1_fixed,False,yield_only,,,,,,,,,,,,,,31133,Pawnee
11,314683,299874,28321.469999999998,26988.66,1332.81,95.29399427360232,9.255224508755544,0.16526941315352447,4460.4,2015,M1_fixed,False,yield_only,,,,,,,,,,,,,,31147,Richardson
12,112968,110285,10167.119999999999,9925.65,241.47,97.6249911479357,8.591771819668592,0.4577503740309199,4543.47,2015,M1_fixed,False,yield_only,,,,,,,,,,,,,,31151,Saline
14,384737,373201,34626.33,33588.09,1038.24,97.00158809784347,9.43084583336875,0.12153772363954009,4082.22,2015,M1_fixed,False,yield_only,,,,,,,,,,,,,,31155,Saunders
15,32178,31529,2896.02,2837.6099999999997,58.41,97.9830940394058,9.026104998318603,0.20673031177645976,586.62,2015,M1_fixed,False,yield_only,,,,,,,,,,,,,,31159,Seward
1,80599,78513,7253.91,7066.17,187.73999999999998,97.41187855928733,9.880201808417509,0.24886324557716558,1758.51,2015,M2_HI_sensitivity,False,yield_only,,,,,,,,,,,,,,31023,Butler
2,295257,287774,26573.129999999997,25899.66,673.47,97.46559776736876,11.047362351791689,0.0716812498696894,1856.52,2015,M2_HI_sensitivity,False,yield_only,,,,,,,,,,,,,,31025,Cass
4,553080,541090,49777.2,48698.1,1079.1,97.8321400159109,9.664620681675204,0.3338926980724094,16259.939999999999,2015,M2_HI_sensitivity,False,yield_only,,,,,,,,,,,,,,31067,Gage
5,131915,128053,11872.35,11524.77,347.58,97.07235719971193,9.548685919296107,0.4539370416936737,5231.5199999999995,2015,M2_HI_sensitivity,False,yield_only,,,,,,,,,,,,,,31095,Jefferson
6,198355,192312,17851.95,17308.079999999998,543.87,96.95344206095132,8.683414689747416,0.41584508507009443,7197.48,2015,M2_HI_sensitivity,False,yield_only,,,,,,,,,,,,,,31097,Johnson
7,489928,479445,44093.52,43150.049999999996,943.4699999999999,97.86029783968256,10.103548042657513,0.2035687096538706,8784.0,2015,M2_HI_sensitivity,False,yield_only,,,,,,,,,,,,,,31109,Lancaster
8,276973,266162,24927.57,23954.579999999998,972.99,96.09673145035798,10.53801325220184,0.15322247353115773,3670.3799999999997,2015,M2_HI_sensitivity,False,yield_only,,,,,,,,,,,,,,31127,Nemaha
9,419316,407645,37738.439999999995,36688.049999999996,1050.3899999999999,97.21665760428888,9.981175043122361,0.24673429086582688,9052.199999999999,2015,M2_HI_sensitivity,False,yield_only,,,,,,,,,,,,,,31131,Otoe
10,218397,212525,19655.73,19127.25,528.48,97.31131837891546,8.424804458246836,0.4812986707446183,9205.92,2015,M2_HI_sensitivity,False,yield_only,,,,,,,,,,,,,,31133,Pawnee
11,314683,299874,28321.469999999998,26988.66,1332.81,95.29399427360232,10.40707511182626,0.16526941315352447,4460.4,2015,M2_HI_sensitivity,False,yield_only,,,,,,,,,,,,,,31147,Richardson
12,112968,110285,10167.119999999999,9925.65,241.47,97.6249911479357,9.661053016375245,0.4577503740309199,4543.47,2015,M2_HI_sensitivity,False,yield_only,,,,,,,,,,,,,,31151,Saline
14,384737,373201,34626.33,33588.09,1038.24,97.00158809784347,10.604553230697425,0.12153772363954009,4082.22,2015,M2_HI_sensitivity,False,yield_only,,,,,,,,,,,,,,31155,Saunders
15,32178,31529,2896.02,2837.6099999999997,58.41,97.9830940394058,10.149440745099891,0.20673031177645976,586.62,2015,M2_HI_sensitivity,False,yield_only,,,,,,,,,,,,,,31159,Seward
1,90729,88519,8165.61,7966.71,198.9,97.56417462994192,8.342984704555773,0.24363131079203335,1940.9399999999998,2017,M1_fixed,False,yield_only,,,,,,,,,,,,,,31023,Butler
2,288245,280766,25942.05,25268.94,673.11,97.40533226942358,9.243432333505176,0.07410797603698453,1872.6299999999999,2017,M1_fixed,False,yield_only,,,,,,,,,,,,,,31025,Cass
4,517905,505567,46611.45,45501.03,1110.4199999999998,97.617709811645,7.797093794843035,0.35847276424291935,16310.88,2017,M1_fixed,False,yield_only,,,,,,,,,,,,,,31067,Gage
5,134784,130575,12130.56,11751.75,378.81,96.87722578347578,7.443930344641859,0.6671108558299828,7839.719999999999,2017,M1_fixed,False,yield_only,,,,,,,,,,,,,,31095,Jefferson
6,206217,200122,18559.53,18010.98,548.55,97.04437558494207,7.221836648406155,0.39198588860794914,7060.05,2017,M1_fixed,False,yield_only,,,,,,,,,,,,,,31097,Johnson
7,528037,516455,47523.33,46480.95,1042.3799999999999,97.80659309858969,8.56622692645453,0.17594175678423096,8177.94,2017,M1_fixed,False,yield_only,,,,,,,,,,,,,,31109,Lancaster
8,285375,274661,25683.75,24719.489999999998,964.26,96.24564169951817,8.433705845053836,0.16167930649054651,3996.6299999999997,2017,M1_fixed,False,yield_only,,,,,,,,,,,,,,31127,Nemaha
9,426309,414364,38367.81,37292.76,1075.05,97.19804179597428,8.453218205718514,0.18350773715863347,6843.509999999999,2017,M1_fixed,False,yield_only,,,,,,,,,,,,,,31131,Otoe
10,235671,229803,21210.39,20682.27,528.12,97.5100882161997,6.597812400191193,0.5624469654443154,11632.68,2017,M1_fixed,False,yield_only,,,,,,,,,,,,,,31133,Pawnee
11,337777,323942,30399.93,29154.78,1245.1499999999999,95.90410241076214,8.333018293635522,0.20874415790481013,6085.889999999999,2017,M1_fixed,False,yield_only,,,,,,,,,,,,,,31147,Richardson
12,89925,87791,8093.25,7901.19,192.06,97.62691131498471,8.063704531881305,0.2603455935118634,2057.04,2017,M1_fixed,False,yield_only,,,,,,,,,,,,,,31151,Saline
14,412899,400480,37160.909999999996,36043.2,1117.71,96.99224265498343,8.874651160401628,0.1118607670795046,4031.8199999999997,2017,M1_fixed,False,yield_only,,,,,,,,,,,,,,31155,Saunders
15,36996,36221,3329.64,3259.89,69.75,97.9051789382636,8.53970082553738,0.20209270864967838,658.8,2017,M1_fixed,False,yield_only,,,,,,,,,,,,,,31159,Seward
1,90729,88519,8165.61,7966.71,198.9,97.56417462994192,8.88150361761848,0.24363131079203335,1940.9399999999998,2017,M2_HI_sensitivity,False,yield_only,,,,,,,,,,,,,,31023,Butler
2,288245,280766,25942.05,25268.94,673.11,97.40533226942358,9.840072898583314,0.07410797603698453,1872.6299999999999,2017,M2_HI_sensitivity,False,yield_only,,,,,,,,,,,,,,31025,Cass
4,517905,505567,46611.45,45501.03,1110.4199999999998,97.617709811645,8.300376804974375,0.35847276424291935,16310.88,2017,M2_HI_sensitivity,False,yield_only,,,,,,,,,,,,,,31067,Gage
5,134784,130575,12130.56,11751.75,378.81,96.87722578347578,7.924417532356265,0.6671108558299828,7839.719999999999,2017,M2_HI_sensitivity,False,yield_only,,,,,,,,,,,,,,31095,Jefferson
6,206217,200122,18559.53,18010.98,548.55,97.04437558494207,7.687988240167525,0.39198588860794914,7060.05,2017,M2_HI_sensitivity,False,yield_only,,,,,,,,,,,,,,31097,Johnson
7,528037,516455,47523.33,46480.95,1042.3799999999999,97.80659309858969,9.119155566891159,0.17594175678423096,8177.94,2017,M2_HI_sensitivity,False,yield_only,,,,,,,,,,,,,,31109,Lancaster
8,285375,274661,25683.75,24719.489999999998,964.26,96.24564169951817,8.978080579034723,0.16167930649054651,3996.6299999999997,2017,M2_HI_sensitivity,False,yield_only,,,,,,,,,,,,,,31127,Nemaha
9,426309,414364,38367.81,37292.76,1075.05,97.19804179597428,8.998852413228636,0.18350773715863347,6843.509999999999,2017,M2_HI_sensitivity,False,yield_only,,,,,,,,,,,,,,31131,Otoe
10,235671,229803,21210.39,20682.27,528.12,97.5100882161997,7.023684777723307,0.5624469654443154,11632.68,2017,M2_HI_sensitivity,False,yield_only,,,,,,,,,,,,,,31133,Pawnee
11,337777,323942,30399.93,29154.78,1245.1499999999999,95.90410241076214,8.870893897361904,0.20874415790481013,6085.889999999999,2017,M2_HI_sensitivity,False,yield_only,,,,,,,,,,,,,,31147,Richardson
12,89925,87791,8093.25,7901.19,192.06,97.62691131498471,8.584196601074938,0.2603455935118634,2057.04,2017,M2_HI_sensitivity,False,yield_only,,,,,,,,,,,,,,31151,Saline
14,412899,400480,37160.909999999996,36043.2,1117.71,96.99224265498343,9.447487817955313,0.1118607670795046,4031.8199999999997,2017,M2_HI_sensitivity,False,yield_only,,,,,,,,,,,,,,31155,Saunders
15,36996,36221,3329.64,3259.89,69.75,97.9051789382636,9.09091727277654,0.20209270864967838,658.8,2017,M2_HI_sensitivity,False,yield_only,,,,,,,,,,,,,,31159,Seward
1,56626,56584,5096.34,5092.5599999999995,3.78,99.92582912443048,9.324231874271986,0.36644634525660963,1866.1499999999999,2019,M1_fixed,False,yield_only,,,,,,,,,,,,,,31023,Butler
2,384550,384318,34609.5,34588.619999999995,20.88,99.93966974385646,10.313043749567733,0.13537226983903955,4682.34,2019,M1_fixed,False,yield_only,,,,,,,,,,,,,,31025,Cass
4,583555,583020,52519.95,52471.799999999996,48.15,99.90832055247577,9.834192919838282,0.3844910980755377,20174.94,2019,M1_fixed,False,yield_only,,,,,,,,,,,,,,31067,Gage
5,133263,133156,11993.67,11984.039999999999,9.629999999999999,99.91970764578315,9.852270107511867,0.384766739763886,4611.0599999999995,2019,M1_fixed,False,yield_only,,,,,,,,,,,,,,31095,Jefferson
6,232775,232584,20949.75,20932.559999999998,17.189999999999998,99.91794651487488,10.010417275489784,0.24822859698001581,5196.0599999999995,2019,M1_fixed,False,yield_only,,,,,,,,,,,,,,31097,Johnson
7,571098,570651,51398.82,51358.59,40.23,99.9217297206434,10.102464170844328,0.2032993896444587,10441.17,2019,M1_fixed,False,yield_only,,,,,,,,,,,,,,31109,Lancaster
8,331732,331187,29855.879999999997,29806.829999999998,49.05,99.83571075446444,10.252044167479152,0.18235921095936736,5435.55,2019,M1_fixed,False,yield_only,,,,,,,,,,,,,,31127,Nemaha
9,533913,533339,48052.17,48000.509999999995,51.66,99.89249184792278,10.263552213114838,0.1832605528566259,8796.6,2019,M1_fixed,False,yield_only,,,,,,,,,,,,,,31131,Otoe
10,239783,239542,21580.469999999998,21558.78,21.689999999999998,99.8994924577639,9.861734341934243,0.3335490227183542,7190.91,2019,M1_fixed,False,yield_only,,,,,,,,,,,,,,31133,Pawnee
11,380407,379298,34236.63,34136.82,99.81,99.70847013856212,10.327396086578178,0.15018270594624808,5126.76,2019,M1_fixed,False,yield_only,,,,,,,,,,,,,,31147,Richardson
12,103025,102936,9272.25,9264.24,8.01,99.91361320067945,9.971861385551932,0.27462695266961995,2544.21,2019,M1_fixed,False,yield_only,,,,,,,,,,,,,,31151,Saline
14,343472,343168,30912.48,30885.12,27.36,99.91149205757675,9.86162725580333,0.3683735080193957,11377.26,2019,M1_fixed,False,yield_only,,,,,,,,,,,,,,31155,Saunders
15,32027,32019,2882.43,2881.71,0.72,99.97502107596715,9.722183733252427,0.27677316593272744,797.5799999999999,2019,M1_fixed,False,yield_only,,,,,,,,,,,,,,31159,Seward
1,56626,56584,5096.34,5092.5599999999995,3.78,99.92582912443048,9.324231874271986,0.36644634525660963,1866.1499999999999,2019,M1_fixed,False,UNL,-42.61865693125266,-536312.7447281784,159.72134306874673,2009931.754326468,522.901343068751,6580185.175136393,2656.5299999999997,1866.1499999999999,790.38,-45.17137206750268,-568436.0860019263,169.2881177958683,554.2213861984591,31023,Butler
2,384550,384318,34609.5,34588.619999999995,20.88,99.93966974385646,10.313043749567733,0.13537226983903955,4682.34,2019,M1_fixed,False,UNL,12.833745433509668,1096904.6035815226,215.17374543350923,18390973.481491964,578.3537454335303,49432092.06941275,11183.039999999999,4682.34,6500.7,13.6024438999054,1162605.523934354,228.06193376327656,612.9952021658852,31025,Cass
4,583555,583020,52519.95,52471.799999999996,48.15,99.90832055247577,9.834192919838282,0.3844910980755377,20174.94,2019,M1_fixed,False,UNL,-14.020127933369114,-1817858.7824914018,188.3198720666297,24417675.429279346,551.4998720666315,71507827.22838482,28386.0,20174.94,8211.06,-14.859886747106588,-1926742.4490301267,199.59960311626378,584.532871518852,31067,Gage
5,133263,133156,11993.67,11984.039999999999,9.629999999999999,99.91970764578315,9.852270107511867,0.384766739763886,4611.0599999999995,2019,M1_fixed,False,UNL,-13.006362312685198,-385160.10933067265,189.33363768731476,5606776.348256658,552.5136376873195,16361701.141508587,6577.469999999999,4611.0599999999995,1966.4099999999999,-13.785399953329296,-408229.91283372784,200.67408991004228,585.6073583126336,31095,Jefferson
6,232775,232584,20949.75,20932.559999999998,17.189999999999998,99.91794651487488,10.010417275489784,0.24822859698001581,5196.0599999999995,2019,M1_fixed,False,UNL,-4.137495938142184,-214013.97266165965,198.20250406185716,10252120.10354585,561.3825040618623,29037780.74304921,7625.5199999999995,5196.0599999999995,2429.46,-4.385318119036003,-226832.69447787432,210.0741717443349,595.0074401469266,31097,Johnson
7,571098,570651,51398.82,51358.59,40.23,99.9217297206434,10.102464170844328,0.2032993896444587,10441.17,2019,M1_fixed,False,UNL,1.02447835155846,130016.38340893465,203.36447835156488,25808953.355522674,566.5444783515586,71900068.95071793,19479.69,10441.17,9038.52,1.0858411814337017,137803.930314128,215.54533104481212,600.4785994473917,31109,Lancaster
8,331732,331187,29855.879999999997,29806.829999999998,49.05,99.83571075446444,10.252044167479152,0.18235921095936736,5435.55,2019,M1_fixed,False,UNL,9.412899209300672,693300.3231490172,211.75289920930288,15596507.535584034,574.9328992092968,42346269.300000355,9634.23,5435.55,4198.68,9.976700417920116,734826.6957825883,224.43619028129407,609.3694586838739,31127,Nemaha
9,533913,533339,48052.17,48000.509999999995,51.66,99.89249184792278,10.263552213114838,0.1832605528566259,8796.6,2019,M1_fixed,False,UNL,10.058268457956963,1193029.7626238011,212.39826845795895,25192950.144380543,575.5782684579475,68270399.40921229,15920.82,8796.6,7124.219999999999,10.660725128013699,1264488.2587927238,225.12021499138743,610.0534833939615,31131,Otoe
10,239783,239542,21580.469999999998,21558.78,21.689999999999998,99.8994924577639,9.861734341934243,0.3335490227183542,7190.91,2019,M1_fixed,False,UNL,-12.475609650448797,-664611.9746951526,189.86439034954833,10114627.736045362,553.0443903495567,29462281.57684247,9794.699999999999,7190.91,2603.79,-13.222856980180909,-704420.0111209374,201.23663288318767,586.1699012857828,31133,Pawnee
11,380407,379298,34236.63,34136.82,99.81,99.70847013856212,10.327396086578178,0.15018270594624808,5126.76,2019,M1_fixed,False,UNL,13.638622060359902,1150471.2243940248,215.97862206036174,18218643.251865413,579.1586220603534,48854299.65661416,9563.85,5126.76,4437.09,14.455529947139027,1219380.6063360241,228.9150198105126,613.8482882130901,31147,Richardson
12,103025,102936,9272.25,9264.24,8.01,99.91361320067945,9.971861385551932,0.27462695266961995,2544.21,2019,M1_fixed,False,UNL,-6.299703710703415,-144215.56144617373,196.0402962892977,4487839.856245954,559.2202962892985,12801914.61456078,4226.94,2544.21,1682.73,-6.677034911969179,-152853.59166801494,207.7824549514036,592.7157233539907,31151,Saline
14,343472,343168,30912.48,30885.12,27.36,99.91149205757675,9.86162725580333,0.3683735080193957,11377.26,2019,M1_fixed,False,UNL,-12.481615022519975,-952581.8006058945,189.8583849774763,14489762.89491884,553.0383849774879,42207222.351877205,18568.079999999998,11377.26,7190.82,-13.229222053971679,-1009638.2673276274,201.230267809396,586.1635362119946,31155,Saunders
15,32027,32019,2882.43,2881.71,0.72,99.97502107596715,9.722183733252427,0.27677316593272744,797.5799999999999,2019,M1_fixed,False,UNL,-20.301584131749607,-144564.74829321622,182.03841586824828,1296270.1629048279,545.218415868252,3882424.2750374586,1267.29,797.5799999999999,469.71,-21.517581181740344,-153223.6936403572,192.94190868162903,577.8751770842192,31159,Seward
1,56626,56584,5096.34,5092.5599999999995,3.78,99.92582912443048,9.324231874271986,0.36644634525660963,1866.1499999999999,2019,M1_fixed,False,ERS_Heartland,-201.88865693125095,-2540564.802474696,,,522.901343068751,6580185.175136393,5091.75,1866.1499999999999,3225.6,-213.98111285300644,-2692736.144625684,,554.2213861984591,31023,Butler
2,384550,384318,34609.5,34588.619999999995,20.88,99.93966974385646,10.313043749567733,0.13537226983903955,4682.34,2019,M1_fixed,False,ERS_Heartland,-146.43625456649414,-12515956.670436803,,,578.3537454335303,49432092.06941275,34414.65,4682.34,29732.309999999998,-155.20729688560422,-13265620.651843136,,612.9952021658852,31025,Cass
4,583555,583020,52519.95,52471.799999999996,48.15,99.90832055247577,9.834192919838282,0.3844910980755377,20174.94,2019,M1_fixed,False,ERS_Heartland,-173.29012793336787,-22468909.162587866,,,551.4998720666315,71507827.22838482,52331.22,20174.94,32156.28,-183.66962753261083,-23814721.73962158,,584.532871518852,31067,Gage
5,133263,133156,11993.67,11984.039999999999,9.629999999999999,99.91970764578315,9.852270107511867,0.384766739763886,4611.0599999999995,2019,M1_fixed,False,ERS_Heartland,-172.2763623126843,-5101655.708816335,,,552.5136376873195,16361701.141508587,11956.859999999999,4611.0599999999995,7345.8,-182.59514073883392,-5407227.838150186,,585.6073583126336,31095,Jefferson
6,232775,232584,20949.75,20932.559999999998,17.189999999999998,99.91794651487488,10.010417275489784,0.24822859698001581,5196.0599999999995,2019,M1_fixed,False,ERS_Heartland,-163.40749593814226,-8452331.52884223,,,561.3825040618623,29037780.74304921,20851.2,5196.0599999999995,15655.14,-173.19505890454167,-8958597.94322228,,595.0074401469266,31097,Johnson
7,571098,570651,51398.82,51358.59,40.23,99.9217297206434,10.102464170844328,0.2032993896444587,10441.17,2019,M1_fixed,False,ERS_Heartland,-158.24552164843513,-20082913.79128841,,,566.5444783515586,71900068.95071793,51182.46,10441.17,40741.29,-167.72389960406508,-21285813.218591396,,600.4785994473917,31109,Lancaster
8,331732,331187,29855.879999999997,29806.829999999998,49.05,99.83571075446444,10.252044167479152,0.18235921095936736,5435.55,2019,M1_fixed,False,ERS_Heartland,-149.85710079069682,-11037617.007702332,,,574.9328992092968,42346269.300000355,29661.48,5435.55,24225.93,-158.8330403675828,-11698733.383310845,,609.3694586838739,31127,Nemaha
9,533913,533339,48052.17,48000.509999999995,51.66,99.89249184792278,10.263552213114838,0.1832605528566259,8796.6,2019,M1_fixed,False,ERS_Heartland,-149.21173154204516,-17698278.526406594,,,575.5782684579475,68270399.40921229,47743.11,8796.6,38946.51,-158.14901565749412,-18758346.269808356,,610.0534833939615,31131,Otoe
10,239783,239542,21580.469999999998,21558.78,21.689999999999998,99.8994924577639,9.861734341934243,0.3335490227183542,7190.91,2019,M1_fixed,False,ERS_Heartland,-171.74560965045512,-9149387.643024374,,,553.0443903495567,29462281.57684247,21457.62,7190.91,14266.71,-182.0325977656932,-9697405.389370581,,586.1699012857828,31133,Pawnee
11,380407,379298,34236.63,34136.82,99.81,99.70847013856212,10.327396086578178,0.15018270594624808,5126.76,2019,M1_fixed,False,ERS_Heartland,-145.63137793963926,-12284577.499611752,,,579.1586220603534,48854299.65661416,33821.1,5126.76,28694.34,-154.35421083836567,-13020382.641859196,,613.8482882130901,31147,Richardson
12,103025,102936,9272.25,9264.24,8.01,99.91361320067945,9.971861385551932,0.27462695266961995,2544.21,2019,M1_fixed,False,ERS_Heartland,-165.56970371070216,-3790293.778189355,,,559.2202962892985,12801914.61456078,9255.33,2544.21,6711.12,-175.4867756974734,-4017319.709908078,,592.7157233539907,31151,Saline
14,343472,343168,30912.48,30885.12,27.36,99.91149205757675,9.86162725580333,0.3683735080193957,11377.26,2019,M1_fixed,False,ERS_Heartland,-171.7516150225218,-13107876.056098126,,,553.0383849774879,42207222.351877205,30852.629999999997,11377.26,19475.37,-182.03896283947918,-13892994.030755697,,586.1635362119946,31155,Saunders
15,32027,32019,2882.43,2881.71,0.72,99.97502107596715,9.722183733252427,0.27677316593272744,797.5799999999999,2019,M1_fixed,False,ERS_Heartland,-179.5715841317486,-1278704.1982611585,,,545.218415868252,3882424.2750374586,2880.0,797.5799999999999,2082.42,-190.32732196724487,-1355294.3068362146,,577.8751770842192,31159,Seward
4,583555,583020,52519.95,52471.799999999996,48.15,99.90832055247577,9.834192919838282,0.3844910980755377,20174.94,2019,M1_fixed,False,FINBIN_county,-37.171219310660085,-4819644.143115853,43.688780689342536,5664715.332834842,514.3287806893213,66688199.67318919,40868.64,20174.94,20693.7,-39.397651136521056,-5108324.722030309,46.30559266279095,545.135355978461,31067,Gage
6,232775,232584,20949.75,20932.559999999998,17.189999999999998,99.91794651487488,10.010417275489784,0.24822859698001581,5196.0599999999995,2019,M1_fixed,False,FINBIN_county,-27.95467671191125,-1445969.1337545705,52.90532328808831,2736553.360078273,523.5453232880952,27080634.32096782,12843.359999999999,5196.0599999999995,7647.299999999999,-29.629068433982216,-1532577.8530354183,56.074175365326546,554.9039386810264,31097,Johnson
7,571098,570651,51398.82,51358.59,40.23,99.9217297206434,10.102464170844328,0.2032993896444587,10441.17,2019,M1_fixed,False,FINBIN_county,-23.14061948933642,-2936772.3107755156,57.71938051066528,7325157.33024996,528.3593805106527,67054004.30343818,36802.08,10441.17,26360.91,-24.526665270364155,-3112675.15871203,61.17657852894688,560.006341844626,31109,Lancaster
10,239783,239542,21580.469999999998,21558.78,21.689999999999998,99.8994924577639,9.861734341934243,0.3335490227183542,7190.91,2019,M1_fixed,False,FINBIN_county,-35.730801560008366,-1903483.6170417953,45.129198439991846,2404163.5264320252,515.7691984399836,27476523.798562594,14376.06,7190.91,7185.15,-37.87095717588592,-2017495.925047291,47.832286623423535,546.6620499391073,31133,Pawnee
1,56626,56584,5096.34,5092.5599999999995,3.78,99.92582912443048,9.324231874271986,0.36644634525660963,1866.1499999999999,2019,M1_fixed,False,FINBIN_state,-176.23542579283608,-2217744.8031212986,-73.57542579283691,-925872.4087704602,476.6245742071594,5997838.787136733,5089.139999999999,1866.1499999999999,3222.99,-186.7913388918934,-2350580.3060419946,-77.98234793917247,505.1727935198879,31023,Butler
2,384550,384318,34609.5,34588.619999999995,20.88,99.93966974385646,10.313043749567733,0.13537226983903955,4682.34,2019,M1_fixed,False,FINBIN_state,-125.69056103735605,-10742815.162020594,-23.0305610373557,-1968429.914386433,527.1694389626517,45057351.92126878,34352.369999999995,4682.34,29670.03,-133.2190056376018,-11386273.892178662,-24.410014684879638,558.7451267741925,31025,Cass
4,583555,583020,52519.95,52471.799999999996,48.15,99.90832055247577,9.834192919838282,0.3844910980755377,20174.94,2019,M1_fixed,False,FINBIN_state,-150.16786661126145,-19470861.92541464,-47.50786661126614,-6159900.463616295,502.6921333887399,65179384.51867345,52293.6,20174.94,32118.66,-159.16242002234836,-20637101.491176087,-50.35342906963152,532.8017123894391,31067,Gage
5,133263,133156,11993.67,11984.039999999999,9.629999999999999,99.91970764578315,9.852270107511867,0.384766739763886,4611.0599999999995,2019,M1_fixed,False,FINBIN_state,-149.2438192480117,-4419588.225866043,-46.58381924801291,-1379496.3175142189,503.61618075198834,14913690.590484975,11951.189999999999,4611.0599999999995,7340.13,-158.18302530982422,-4684306.792158719,-49.37403435710369,533.7811071019619,31095,Jefferson
6,232775,232584,20949.75,20932.559999999998,17.189999999999998,99.91794651487488,10.010417275489784,0.24822859698001581,5196.0599999999995,2019,M1_fixed,False,FINBIN_state,-141.15984754761675,-7301561.1871620715,-38.49984754761664,-1991423.1805224179,511.7001524523941,26467937.147289697,20825.19,5196.0599999999995,15629.13,-149.61485071786694,-7738900.303474211,-40.80585976514502,542.3492816939306,31097,Johnson
7,571098,570651,51398.82,51358.59,40.23,99.9217297206434,10.102464170844328,0.2032993896444587,10441.17,2019,M1_fixed,False,FINBIN_state,-136.45470798254865,-17317445.121241182,-33.79470798255571,-4288880.973979487,516.4052920174518,65536912.848580174,51109.11,10441.17,40667.939999999995,-144.62788901548248,-18354702.21626133,-35.81889806276816,547.336243396304,31109,Lancaster
8,331732,331187,29855.879999999997,29806.829999999998,49.05,99.83571075446444,10.252044167479152,0.18235921095936736,5435.55,2019,M1_fixed,False,FINBIN_state,-128.808662370719,-9487309.410237152,-26.148662370722246,-1925960.925367558,524.0513376292686,38598624.46694993,29616.03,5435.55,24180.48,-136.52387082142764,-10055567.541244563,-27.71487986870927,555.4402615903452,31127,Nemaha
9,533913,533339,48052.17,48000.509999999995,51.66,99.89249184792278,10.263552213114838,0.1832605528566259,8796.6,2019,M1_fixed,False,FINBIN_state,-128.2204083005713,-15208458.98255423,-25.560408300572043,-3031767.1450969516,524.6395916994395,62228469.0614994,47655.99,8796.6,38859.39,-135.90038229818,-16119394.855226807,-27.09139134545898,556.0637501136175,31131,Otoe
10,239783,239542,21580.469999999998,21558.78,21.689999999999998,99.8994924577639,9.861734341934243,0.3335490227183542,7190.91,2019,M1_fixed,False,FINBIN_state,-148.7600381963855,-7924879.465739731,-46.10003819638423,-2455882.981086916,504.0999618036169,26854869.657291695,21417.93,7190.91,14227.019999999999,-157.67026738980186,-8399553.264066678,-48.86127643707872,534.2938650219868,31133,Pawnee
11,380407,379298,34236.63,34136.82,99.81,99.70847013856212,10.327396086578178,0.15018270594624808,5126.76,2019,M1_fixed,False,FINBIN_state,-124.95691599198264,-10540605.605285317,-22.29691599198138,-1880832.2518197715,527.9030840080302,44530694.13700533,33718.77,5126.76,28592.01,-132.441417705549,-11171952.658695683,-23.632426752825832,559.5227147062507,31147,Richardson
12,103025,102936,9272.25,9264.24,8.01,99.91361320067945,9.971861385551932,0.27462695266961995,2544.21,2019,M1_fixed,False,FINBIN_state,-143.13069993230488,-3276610.3294429937,-40.47069993230616,-926472.8915648421,509.7293000676909,11668945.171172041,9246.69,2544.21,6702.48,-151.70375057462402,-3472868.339099528,-42.89475962190357,540.2603818371575,31151,Saline
14,343472,343168,30912.48,30885.12,27.36,99.91149205757675,9.86162725580333,0.3683735080193957,11377.26,2019,M1_fixed,False,FINBIN_state,-148.7655120930275,-11353604.411123982,-46.10551209302729,-3518717.060908494,504.09448790696194,38471883.17373467,30841.02,11377.26,19463.76,-157.67606915456122,-12033647.376298185,-48.867078201839206,534.2880632572137,31155,Saunders
15,32027,32019,2882.43,2881.71,0.72,99.97502107596715,9.722183733252427,0.27677316593272744,797.5799999999999,2019,M1_fixed,False,FINBIN_state,-155.89341393608925,-1110095.251680179,-53.23341393608939,-379067.7139536171,496.96658606391304,3538829.7266966533,2877.48,797.5799999999999,2079.9,-165.23090849952123,-1176586.2477764273,-56.421917546799584,526.7332239122672,31159,Seward
1,56626,56584,5096.34,5092.5599999999995,3.78,99.92582912443048,8.985614505786463,0.36644634525660963,1866.1499999999999,2019,M2_HI_sensitivity,False,yield_only,,,,,,,,,,,,,,31023,Butler
2,384550,384318,34609.5,34588.619999999995,20.88,99.93966974385646,9.938516841615968,0.13537226983903955,4682.34,2019,M2_HI_sensitivity,False,yield_only,,,,,,,,,,,,,,31025,Cass
4,583555,583020,52519.95,52471.799999999996,48.15,99.90832055247577,9.477055884876904,0.3844910980755377,20174.94,2019,M2_HI_sensitivity,False,yield_only,,,,,,,,,,,,,,31067,Gage
5,133263,133156,11993.67,11984.039999999999,9.629999999999999,99.91970764578315,9.494476583564145,0.384766739763886,4611.0599999999995,2019,M2_HI_sensitivity,False,yield_only,,,,,,,,,,,,,,31095,Jefferson
6,232775,232584,20949.75,20932.559999999998,17.189999999999998,99.91794651487488,9.646880503937757,0.24822859698001581,5196.0599999999995,2019,M2_HI_sensitivity,False,yield_only,,,,,,,,,,,,,,31097,Johnson
7,571098,570651,51398.82,51358.59,40.23,99.9217297206434,9.735584637814965,0.2032993896444587,10441.17,2019,M2_HI_sensitivity,False,yield_only,,,,,,,,,,,,,,31109,Lancaster
8,331732,331187,29855.879999999997,29806.829999999998,49.05,99.83571075446444,9.879732510275907,0.18235921095936736,5435.55,2019,M2_HI_sensitivity,False,yield_only,,,,,,,,,,,,,,31127,Nemaha
9,533913,533339,48052.17,48000.509999999995,51.66,99.89249184792278,9.890822632596072,0.1832605528566259,8796.6,2019,M2_HI_sensitivity,False,yield_only,,,,,,,,,,,,,,31131,Otoe
10,239783,239542,21580.469999999998,21558.78,21.689999999999998,99.8994924577639,9.50359711617916,0.3335490227183542,7190.91,2019,M2_HI_sensitivity,False,yield_only,,,,,,,,,,,,,,31133,Pawnee
11,380407,379298,34236.63,34136.82,99.81,99.70847013856212,9.952347961832174,0.15018270594624808,5126.76,2019,M2_HI_sensitivity,False,yield_only,,,,,,,,,,,,,,31147,Richardson
12,103025,102936,9272.25,9264.24,8.01,99.91361320067945,9.6097248032454,0.27462695266961995,2544.21,2019,M2_HI_sensitivity,False,yield_only,,,,,,,,,,,,,,31151,Saline
14,343472,343168,30912.48,30885.12,27.36,99.91149205757675,9.503493919504159,0.3683735080193957,11377.26,2019,M2_HI_sensitivity,False,yield_only,,,,,,,,,,,,,,31155,Saunders
15,32027,32019,2882.43,2881.71,0.72,99.97502107596715,9.369114406707752,0.27677316593272744,797.5799999999999,2019,M2_HI_sensitivity,False,yield_only,,,,,,,,,,,,,,31159,Seward
1,56626,56584,5096.34,5092.5599999999995,3.78,99.92582912443048,8.985614505786463,0.36644634525660963,1866.1499999999999,2019,M2_HI_sensitivity,False,UNL,-61.60826156088975,-775277.7359678553,140.73173843910976,1770966.763086793,503.91173843910354,6341220.183896586,3822.66,1866.1499999999999,1956.51,-65.29839055904706,-821714.2816946524,149.16109930432404,534.0943677069038,31023,Butler
2,384550,384318,34609.5,34588.619999999995,20.88,99.93966974385646,9.938516841615968,0.13537226983903955,4682.34,2019,M2_HI_sensitivity,False,UNL,-8.16966008279258,-698263.6363592504,194.17033991720967,16595805.241551423,557.3503399172143,47636923.82947082,23099.309999999998,4682.34,18416.969999999998,-8.658995422125368,-740087.2948687737,205.80049444124865,590.7337628438398,31025,Cass
4,583555,583020,52519.95,52471.799999999996,48.15,99.90832055247577,9.477055884876904,0.3844910980755377,20174.94,2019,M2_HI_sensitivity,False,UNL,-34.04831231992281,-4414726.019187483,168.2916876800829,21820808.192584157,531.4716876800728,68910959.99168809,39050.1,20174.94,18875.16,-36.0876924525027,-4679153.355547598,178.37179741087496,563.3050658134506,31067,Gage
5,133263,133156,11993.67,11984.039999999999,9.629999999999999,99.91970764578315,9.494476583564145,0.384766739763886,4611.0599999999995,2019,M2_HI_sensitivity,False,UNL,-33.07136249031873,-979349.1282387414,169.26863750968033,5012587.329348562,532.4486375096809,15767512.122600367,9282.6,4611.0599999999995,4671.54,-35.05222659266777,-1038008.868440339,179.40726327070286,564.3405316732898,31095,Jefferson
6,232775,232584,20949.75,20932.559999999998,17.189999999999998,99.91794651487488,9.646880503937757,0.24822859698001581,5196.0599999999995,2019,M2_HI_sensitivity,False,UNL,-24.524576467955328,-1268545.5445083766,177.81542353204154,9197588.531699007,540.9954235320537,27983249.171202727,11897.46,5196.0599999999995,6701.4,-25.993516647390273,-1344527.183669662,188.465973215978,573.3992416185772,31097,Johnson
7,571098,570651,51398.82,51358.59,40.23,99.9217297206434,9.735584637814965,0.2032993896444587,10441.17,2019,M2_HI_sensitivity,False,UNL,-19.550063675311645,-2481095.447855698,182.78993632468848,23197841.52425724,545.9699363246817,69288957.11945245,34493.31,10441.17,24052.14,-20.721047161232416,-2629704.774387005,193.73844270213934,578.6717111047184,31109,Lancaster
8,331732,331187,29855.879999999997,29806.829999999998,49.05,99.83571075446444,9.879732510275907,0.18235921095936736,5435.55,2019,M2_HI_sensitivity,False,UNL,-11.466275420505168,-844540.2715559807,190.87372457949436,14058666.94087884,554.0537245794931,40808428.705295525,18054.09,5435.55,12618.539999999999,-12.153067002641372,-895125.4117177471,202.30642286072975,587.2396912633146,31127,Nemaha
9,533913,533339,48052.17,48000.509999999995,51.66,99.89249184792278,9.890822632596072,0.1832605528566259,8796.6,2019,M2_HI_sensitivity,False,UNL,-10.844343240545776,-1286267.5415910746,191.4956567594504,22713652.84016498,554.6756567594371,65791102.1049965,28752.48,8796.6,19955.88,-11.493883163342637,-1363310.669158026,202.96560670002495,587.898875102597,31131,Otoe
10,239783,239542,21580.469999999998,21558.78,21.689999999999998,99.8994924577639,9.50359711617916,0.3335490227183542,7190.91,2019,M2_HI_sensitivity,False,UNL,-32.55988456718219,-1734559.6555485937,169.7801154328201,9044680.055192199,532.9601154328025,28392333.895987917,13626.539999999999,7190.91,6435.63,-34.51011285108312,-1838453.9827346893,179.94937701229094,564.8826454148585,31133,Pawnee
11,380407,379298,34236.63,34136.82,99.81,99.70847013856212,9.952347961832174,0.15018270594624808,5126.76,2019,M2_HI_sensitivity,False,UNL,-7.3940132054173695,-623713.9930980413,194.94598679458124,16444458.034373075,558.1259867945831,47080114.439122684,18953.46,5126.76,13826.699999999999,-7.836889888686578,-661072.3770903056,206.62259997468357,591.5558683772718,31147,Richardson
12,103025,102936,9272.25,9264.24,8.01,99.91361320067945,9.6097248032454,0.27462695266961995,2544.21,2019,M2_HI_sensitivity,False,UNL,-26.60826186495871,-609127.9209595342,175.73173813504158,4022927.4967325744,538.9117381350403,12337002.255047351,6617.5199999999995,2544.21,4073.31,-28.202007836859,-645612.6479713249,186.25748202651292,571.1907504290979,31151,Saline
14,343472,343168,30912.48,30885.12,27.36,99.91149205757675,9.503493919504159,0.3683735080193957,11377.26,2019,M2_HI_sensitivity,False,UNL,-32.56567181922418,-2485372.785775453,169.7743281807778,12956971.909749715,532.9543281807867,40674431.36670787,25381.35,11377.26,14004.09,-34.516246740183824,-2634238.310555058,179.9432431231899,564.8765115257855,31155,Saunders
15,32027,32019,2882.43,2881.71,0.72,99.97502107596715,9.369114406707752,0.27677316593272744,797.5799999999999,2019,M2_HI_sensitivity,False,UNL,-40.10165211976311,-285558.2700942687,162.23834788023748,1155276.6411037946,525.4183478802399,3741430.7532364163,1994.1299999999999,797.5799999999999,1196.55,-42.503607078594406,-302662.25625523255,171.95588278477786,556.8891511873667,31159,Seward
1,56626,56584,5096.34,5092.5599999999995,3.78,99.92582912443048,8.985614505786463,0.36644634525660963,1866.1499999999999,2019,M2_HI_sensitivity,False,ERS_Heartland,-220.87826156088886,-2779529.7937143836,,,503.91173843910354,6341220.183896586,5092.5599999999995,1866.1499999999999,3226.41,-234.10813134455168,-2946014.340318421,,534.0943677069038,31023,Butler
2,384550,384318,34609.5,34588.619999999995,20.88,99.93966974385646,9.938516841615968,0.13537226983903955,4682.34,2019,M2_HI_sensitivity,False,ERS_Heartland,-167.4396600827903,-14311124.910377057,,,557.3503399172143,47636923.82947082,34524.45,4682.34,29842.11,-177.46873620762852,-15168313.470645713,,590.7337628438398,31025,Cass
4,583555,583020,52519.95,52471.799999999996,48.15,99.90832055247577,9.477055884876904,0.3844910980755377,20174.94,2019,M2_HI_sensitivity,False,ERS_Heartland,-193.3183123199194,-25065776.39928367,,,531.4716876800728,68910959.99168809,52402.77,20174.94,32227.829999999998,-204.89743323800465,-26567132.646138754,,563.3050658134506,31067,Gage
5,133263,133156,11993.67,11984.039999999999,9.629999999999999,99.91970764578315,9.494476583564145,0.384766739763886,4611.0599999999995,2019,M2_HI_sensitivity,False,ERS_Heartland,-192.34136249032312,-5695844.72772456,,,532.4486375096809,15767512.122600367,11967.84,4611.0599999999995,7356.78,-203.861967378178,-6037006.793756963,,564.3405316732898,31095,Jefferson
6,232775,232584,20949.75,20932.559999999998,17.189999999999998,99.91794651487488,9.646880503937757,0.24822859698001581,5196.0599999999995,2019,M2_HI_sensitivity,False,ERS_Heartland,-183.79457646795672,-9506863.100689014,,,540.9954235320537,27983249.171202727,20891.34,5196.0599999999995,15695.279999999999,-194.8032574328973,-10076292.43241414,,573.3992416185772,31097,Johnson
7,571098,570651,51398.82,51358.59,40.23,99.9217297206434,9.735584637814965,0.2032993896444587,10441.17,2019,M2_HI_sensitivity,False,ERS_Heartland,-178.8200636753118,-22694025.622553874,,,545.9699363246817,69288957.11945245,51320.43,10441.17,40879.26,-189.53078794673814,-24053321.923293408,,578.6717111047184,31109,Lancaster
8,331732,331187,29855.879999999997,29806.829999999998,49.05,99.83571075446444,9.879732510275907,0.18235921095936736,5435.55,2019,M2_HI_sensitivity,False,ERS_Heartland,-170.73627542050656,-12575457.602407616,,,554.0537245794931,40808428.705295525,29744.55,5435.55,24309.0,-180.9628077881484,-13328685.490811484,,587.2396912633146,31127,Nemaha
9,533913,533339,48052.17,48000.509999999995,51.66,99.89249184792278,9.890822632596072,0.1832605528566259,8796.6,2019,M2_HI_sensitivity,False,ERS_Heartland,-170.11434324054008,-20177575.830620542,,,554.6756567594371,65791102.1049965,47892.96,8796.6,39096.36,-180.3036239488422,-21386145.197758123,,587.898875102597,31131,Otoe
10,239783,239542,21580.469999999998,21558.78,21.689999999999998,99.8994924577639,9.50359711617916,0.3335490227183542,7190.91,2019,M2_HI_sensitivity,False,ERS_Heartland,-191.82988456718013,-10219335.323877368,,,532.9601154328025,28392333.895987917,21526.2,7190.91,14335.289999999999,-203.31985363658652,-10831439.360983858,,564.8826454148585,31133,Pawnee
11,380407,379298,34236.63,34136.82,99.81,99.70847013856212,9.952347961832174,0.15018270594624808,5126.76,2019,M2_HI_sensitivity,False,ERS_Heartland,-166.66401320541766,-14058762.717103913,,,558.1259867945831,47080114.439122684,34008.659999999996,5126.76,28881.899999999998,-176.64663067419247,-14900835.625285625,,591.5558683772718,31147,Richardson
12,103025,102936,9272.25,9264.24,8.01,99.91361320067945,9.6097248032454,0.27462695266961995,2544.21,2019,M2_HI_sensitivity,False,ERS_Heartland,-185.87826186495766,-4255206.13770272,,,538.9117381350403,12337002.255047351,9264.15,2544.21,6719.94,-197.01174862236346,-4510078.766211393,,571.1907504290979,31151,Saline
14,343472,343168,30912.48,30885.12,27.36,99.91149205757675,9.503493919504159,0.3683735080193957,11377.26,2019,M2_HI_sensitivity,False,ERS_Heartland,-191.83567181922214,-14640667.041267388,,,532.9543281807867,40674431.36670787,30864.96,11377.26,19487.7,-203.32598752568722,-15517594.073982812,,564.8765115257855,31155,Saunders
15,32027,32019,2882.43,2881.71,0.72,99.97502107596715,9.369114406707752,0.27677316593272744,797.5799999999999,2019,M2_HI_sensitivity,False,ERS_Heartland,-199.37165211976196,-1419697.72006221,,,525.4183478802399,3741430.7532364163,2881.71,797.5799999999999,2084.13,-211.31334786409877,-1504732.8694510888,,556.8891511873667,31159,Seward
4,583555,583020,52519.95,52471.799999999996,48.15,99.90832055247577,9.477055884876904,0.3844910980755377,20174.94,2019,M2_HI_sensitivity,False,FINBIN_county,-55.849504069560815,-7241482.528058718,25.010495930440424,3242876.947891799,495.6504959304408,64266361.28824895,46973.25,20174.94,26798.309999999998,-59.19470273737427,-7675223.133448608,26.50854106193627,525.3383043776291,31067,Gage
6,232775,232584,20949.75,20932.559999999998,17.189999999999998,99.91794651487488,9.646880503937757,0.24822859698001581,5196.0599999999995,2019,M2_HI_sensitivity,False,FINBIN_county,-46.967668014015956,-2429425.277658869,33.89233198598515,1753097.2161740544,504.532331985992,26097178.1770636,16785.18,5196.0599999999995,11589.119999999999,-49.78087438152643,-2574939.733655733,35.92236941778397,534.7521327334838,31097,Johnson
7,571098,570651,51398.82,51358.59,40.23,99.9217297206434,9.735584637814965,0.2032993896444587,10441.17,2019,M2_HI_sensitivity,False,FINBIN_county,-42.328437383595606,-5371895.204612928,38.53156261640561,4890034.436412484,509.1715626164167,64618881.4096037,44018.28,10441.17,33577.11,-44.86376933873471,-5693653.776716324,40.8394744605758,539.66923777628,31109,Lancaster
10,239783,239542,21580.469999999998,21558.78,21.689999999999998,99.8994924577639,9.50359711617916,0.3335490227183542,7190.91,2019,M2_HI_sensitivity,False,FINBIN_county,-54.46139634735409,-2901316.824205723,26.398603652646088,1406330.3192680953,497.0386036526491,26478690.591399264,17544.329999999998,7190.91,10353.42,-57.7234520010895,-3075096.006974285,27.97979179821992,526.8095551139156,31133,Pawnee
1,56626,56584,5096.34,5092.5599999999995,3.78,99.92582912443048,8.985614505786463,0.36644634525660963,1866.1499999999999,2019,M2_HI_sensitivity,False,FINBIN_state,-193.5444504127511,-2435561.3926362745,-90.88445041275065,-1143688.9982854198,459.31554958725206,5780022.197621853,5092.5599999999995,1866.1499999999999,3226.41,-205.13711624693696,-2581443.3814159255,-96.32812529421469,486.82701616485247,31023,Butler
2,384550,384318,34609.5,34588.619999999995,20.88,99.93966974385646,9.938516841615968,0.13537226983903955,4682.34,2019,M2_HI_sensitivity,False,FINBIN_state,-144.8351651654679,-12379111.012726812,-42.17516516546496,-3604725.7650924274,508.0248348345397,43421056.07056255,34501.86,4682.34,29819.52,-153.51030757963537,-13120578.396517929,-44.70131662691043,538.4538248321588,31025,Cass
4,583555,583020,52519.95,52471.799999999996,48.15,99.90832055247577,9.477055884876904,0.3844910980755377,20174.94,2019,M2_HI_sensitivity,False,FINBIN_state,-168.42355667960504,-21837906.411663108,-65.763556679611,-8526944.949864926,484.43644332039304,62812340.03242456,52386.659999999996,20174.94,32211.719999999998,-178.5115649228168,-23145924.03246675,-69.70257397010131,513.4525674889672,31067,Gage
5,133263,133156,11993.67,11984.039999999999,9.629999999999999,99.91970764578315,9.494476583564145,0.384766739763886,4611.0599999999995,2019,M2_HI_sensitivity,False,FINBIN_state,-167.53306690992804,-4961191.516600848,-64.87306690992546,-1921099.608248911,485.3269330900804,14372087.299750421,11961.63,4611.0599999999995,7350.57,-177.56773779158482,-5258350.310194251,-68.75874683886028,514.3963946202102,31095,Jefferson
6,232775,232584,20949.75,20932.559999999998,17.189999999999998,99.91794651487488,9.646880503937757,0.24822859698001581,5196.0599999999995,2019,M2_HI_sensitivity,False,FINBIN_state,-159.74267145054137,-8262766.714900352,-57.082671450541035,-2952628.708260685,493.11732854945984,25506731.61955092,20880.27,5196.0599999999995,15684.21,-169.3107236764618,-8757678.830372524,-60.501732723739636,522.6534087353256,31097,Johnson
7,571098,570651,51398.82,51358.59,40.23,99.9217297206434,9.735584637814965,0.2032993896444587,10441.17,2019,M2_HI_sensitivity,False,FINBIN_state,-155.20840304004935,-19697473.555439986,-52.54840304004659,-6668909.408177046,497.65159695994925,63156884.41438113,51288.659999999996,10441.17,40847.49,-164.50486773983178,-20877286.40059757,-55.69587678710703,527.4592646719528,31109,Lancaster
8,331732,331187,29855.879999999997,29806.829999999998,49.05,99.83571075446444,9.879732510275907,0.18235921095936736,5435.55,2019,M2_HI_sensitivity,False,FINBIN_state,-147.8400300457924,-10889051.112311153,-45.18003004579049,-3327702.627441179,505.0199699542049,37196882.76487664,29724.39,5435.55,24288.84,-156.69515382527513,-11541268.887231536,-47.8861628725513,535.2689785865081,31127,Nemaha
9,533913,533339,48052.17,48000.509999999995,51.66,99.89249184792278,9.890822632596072,0.1832605528566259,8796.6,2019,M2_HI_sensitivity,False,FINBIN_state,-147.27313886375697,-17468338.47534614,-44.61313886375748,-5291646.637888833,505.5868611362416,59968589.56870606,47858.759999999995,8796.6,39062.159999999996,-156.09430775575174,-18514633.57805397,-47.285316803030476,535.8698246560328,31131,Otoe
10,239783,239542,21580.469999999998,21558.78,21.689999999999998,99.8994924577639,9.50359711617916,0.3335490227183542,7190.91,2019,M2_HI_sensitivity,False,FINBIN_state,-167.06685478298962,-8900136.77683773,-64.40685478298673,-3431140.2921848274,485.79314521702935,25879612.346194584,21511.53,7190.91,14320.619999999999,-177.073601116131,-9433225.229192706,-68.2646101634061,514.8905312956753,31133,Pawnee
11,380407,379298,34236.63,34136.82,99.81,99.70847013856212,9.952347961832174,0.15018270594624808,5126.76,2019,M2_HI_sensitivity,False,FINBIN_state,-144.12816303673432,-12157775.431028971,-41.4681630367395,-3498002.0775639694,508.7318369632652,42913524.31126055,33967.08,5126.76,28840.32,-152.76095838589947,-12885985.553088397,-43.951967433183135,539.2031740258861,31147,Richardson
12,103025,102936,9272.25,9264.24,8.01,99.91361320067945,9.6097248032454,0.27462695266961995,2544.21,2019,M2_HI_sensitivity,False,FINBIN_state,-161.64195068990995,-3700377.9451394533,-58.98195068991,-1350240.5072612732,491.218049310095,11245177.55547579,9263.16,2544.21,6718.95,-171.32376339566252,-3922018.2189200283,-62.51477244294078,520.6403690161288,31151,Saline
14,343472,343168,30912.48,30885.12,27.36,99.91149205757675,9.503493919504159,0.3683735080193957,11377.26,2019,M2_HI_sensitivity,False,FINBIN_state,-167.0721298632246,-12750743.394106125,-64.4121298632245,-4915856.043890646,485.78787013678084,37074744.19075375,30862.8,11377.26,19485.54,-177.07919215604488,-13514470.315700086,-68.27020120332297,514.884940255747,31155,Saunders
15,32027,32019,2882.43,2881.71,0.72,99.97502107596715,9.369114406707752,0.27677316593272744,797.5799999999999,2019,M2_HI_sensitivity,False,FINBIN_state,-173.9411759071626,-1238610.8468018316,-71.2811759071648,-507583.3090752842,478.9188240928331,3410314.131574954,2881.62,797.5799999999999,2084.04,-184.3596711045027,-1312799.497599879,-75.55068015178323,507.6044613072788,31159,Seward
1,16185,12747,1456.6499999999999,1147.23,309.42,78.758109360519,11.816547253220335,0.10449517533537303,119.88,2021,M1_fixed,True,yield_only,,,,,,,,,,,,,,31023,Butler
2,327932,314678,29513.879999999997,28321.02,1192.86,95.95830842979642,11.659078905971395,0.14731884656696687,4172.22,2021,M1_fixed,True,yield_only,,,,,,,,,,,,,,31025,Cass
4,153116,140448,13780.439999999999,12640.32,1140.12,91.72653413098566,10.826109386561237,0.6400803144224196,8090.82,2021,M1_fixed,True,yield_only,,,,,,,,,,,,,,31067,Gage
5,8116,7461,730.4399999999999,671.49,58.949999999999996,91.9295219319862,10.1358911588802,0.8352767725505964,560.88,2021,M1_fixed,True,yield_only,,,,,,,,,,,,,,31095,Jefferson
6,129110,111353,11619.9,10021.77,1598.1299999999999,86.24661141662149,11.342497336499735,0.38474042010543047,3855.7799999999997,2021,M1_fixed,True,yield_only,,,,,,,,,,,,,,31097,Johnson
7,266481,250331,23983.29,22529.79,1453.5,93.93953039803964,11.429008216965267,0.3207073834243462,7225.469999999999,2021,M1_fixed,True,yield_only,,,,,,,,,,,,,,31109,Lancaster
8,264930,255773,23843.7,23019.57,824.13,96.54361529460613,11.695687725516823,0.1458128887724662,3356.5499999999997,2021,M1_fixed,True,yield_only,,,,,,,,,,,,,,31127,Nemaha
9,459626,430234,41366.34,38721.06,2645.2799999999997,93.60523556108662,11.580275458033203,0.23027236341153884,8916.39,2021,M1_fixed,True,yield_only,,,,,,,,,,,,,,31131,Otoe
10,129943,114943,11694.869999999999,10344.869999999999,1350.0,88.45647707071562,11.285767793557907,0.4137616035774253,4280.3099999999995,2021,M1_fixed,True,yield_only,,,,,,,,,,,,,,31133,Pawnee
11,273488,264373,24613.92,23793.57,820.35,96.66712981922424,11.914748828016183,0.08608292072185889,2048.22,2021,M1_fixed,True,yield_only,,,,,,,,,,,,,,31147,Richardson
12,18430,17021,1658.7,1531.8899999999999,126.81,92.35485621269669,11.083751509034265,0.4973855825157159,761.9399999999999,2021,M1_fixed,True,yield_only,,,,,,,,,,,,,,31151,Saline
14,27863,23404,2507.67,2106.36,401.31,83.99669813013674,11.89673948059773,0.08464365065800718,178.29,2021,M1_fixed,True,yield_only,,,,,,,,,,,,,,31155,Saunders
15,11529,10245,1037.61,922.05,115.56,88.86286755139214,11.290181629596075,0.4078086871644705,376.02,2021,M1_fixed,True,yield_only,,,,,,,,,,,,,,31159,Seward
1,16185,12747,1456.6499999999999,1147.23,309.42,78.758109360519,11.816547253220335,0.10449517533537303,119.88,2021,M1_fixed,True,UNL,549.8407397103038,1558725.4055426994,776.3307397102947,2200794.44773,1122.0207397103025,3180779.644399796,0.0,0.0,119.88,549.8407397103038,1558725.4055426994,776.3307397102947,1122.0207397103025,31023,Butler
2,327932,314678,29513.879999999997,28321.02,1192.86,95.95830842979642,11.659078905971395,0.14731884656696687,4172.22,2021,M1_fixed,True,UNL,534.8885927188874,37432982.42140142,761.3785927188767,53283378.75445343,1107.0685927188904,77475720.6166691,0.09,0.09,4172.13,534.8885927188874,37432982.42140142,761.3785927188767,1107.0685927188904,31025,Cass
4,153116,140448,13780.439999999999,12640.32,1140.12,91.72653413098566,10.826109386561237,0.6400803144224196,8090.82,2021,M1_fixed,True,UNL,455.7953469257835,14236727.074779946,682.285346925786,21311122.05690332,1027.975346925779,32108718.42482311,1.08,1.08,8089.74,455.7953469257835,14236727.074779946,682.285346925786,1027.975346925779,31067,Gage
5,8116,7461,730.4399999999999,671.49,58.949999999999996,91.9295219319862,10.1358911588802,0.8352767725505964,560.88,2021,M1_fixed,True,UNL,390.25681440959846,647548.4201944818,616.7468144095994,1023360.5425573644,962.4368144095982,1596959.7857010965,0.09,0.09,560.79,390.25681440959846,647548.4201944818,616.7468144095994,962.4368144095982,31095,Jefferson
6,129110,111353,11619.9,10021.77,1598.1299999999999,86.24661141662149,11.342497336499735,0.38474042010543047,3855.7799999999997,2021,M1_fixed,True,UNL,504.828112347982,12501731.476021133,731.3181123479906,18110605.254532788,1077.0081123479897,26671387.525245033,0.0,0.0,3855.7799999999997,504.828112347982,12501731.476021133,731.3181123479906,1077.0081123479897,31097,Johnson
7,266481,250331,23983.29,22529.79,1453.5,93.93953039803964,11.429008216965267,0.3207073834243462,7225.469999999999,2021,M1_fixed,True,UNL,513.0426102053266,28562274.176564235,739.5326102053211,41171498.7313451,1085.2226102053307,60416864.25009838,0.0,0.0,7225.469999999999,513.0426102053266,28562274.176564235,739.5326102053211,1085.2226102053307,31109,Lancaster
8,264930,255773,23843.7,23019.57,824.13,96.54361529460613,11.695687725516823,0.1458128887724662,3356.5499999999997,2021,M1_fixed,True,UNL,538.3647227512862,30623583.165211882,764.8547227513011,43506922.39227628,1110.5447227512855,63170667.09360261,0.18,0.18,3356.37,538.3647227512862,30623583.165211882,764.8547227513011,1110.5447227512855,31127,Nemaha
9,459626,430234,41366.34,38721.06,2645.2799999999997,93.60523556108662,11.580275458033203,0.23027236341153884,8916.39,2021,M1_fixed,True,UNL,527.405941395068,50463161.94485533,753.8959413950581,72134138.04091012,1099.585941395075,105210387.44108614,0.44999999999999996,0.44999999999999996,8915.94,527.405941395068,50463161.94485533,753.8959413950581,1099.585941395075,31131,Otoe
10,129943,114943,11694.869999999999,10344.869999999999,1350.0,88.45647707071562,11.285767793557907,0.4137616035774253,4280.3099999999995,2021,M1_fixed,True,UNL,499.4414522372851,12767087.23197504,725.9314522372899,18556790.057435106,1071.6214522372861,27393570.35560821,0.09,0.09,4280.22,499.4414522372851,12767087.23197504,725.9314522372899,1071.6214522372861,31133,Pawnee
11,273488,264373,24613.92,23793.57,820.35,96.66712981922424,11.914748828016183,0.08608292072185889,2048.22,2021,M1_fixed,True,UNL,559.1653081508172,32876231.603906866,785.6553081508258,46192754.62031831,1131.3453081508217,66517664.51277731,0.18,0.18,2048.04,559.1653081508172,32876231.603906866,785.6553081508258,1131.3453081508217,31147,Richardson
12,18430,17021,1658.7,1531.8899999999999,126.81,92.35485621269669,11.083751509034265,0.4973855825157159,761.9399999999999,2021,M1_fixed,True,UNL,480.25932939400246,1817965.32249856,706.7493293940094,2675316.633949946,1052.4393293940036,3983885.5546776415,0.0,0.0,761.9399999999999,480.25932939400246,1817965.32249856,706.7493293940094,1052.4393293940036,31151,Saline
14,27863,23404,2507.67,2106.36,401.31,83.99669813013674,11.89673948059773,0.08464365065800718,178.29,2021,M1_fixed,True,UNL,557.4552602934164,2901515.0020451597,783.9452602934149,4080379.35156678,1129.6352602934205,5879671.227526594,0.0,0.0,178.29,557.4552602934164,2901515.0020451597,783.9452602934149,1129.6352602934205,31155,Saunders
15,11529,10245,1037.61,922.05,115.56,88.86286755139214,11.290181629596075,0.4078086871644705,376.02,2021,M1_fixed,True,UNL,499.8605607526957,1138899.8816238877,726.3505607526915,1654942.6632359563,1072.0405607526936,2442574.917090345,0.0,0.0,376.02,499.8605607526957,1138899.8816238877,726.3505607526915,1072.0405607526936,31159,Seward
1,16185,12747,1456.6499999999999,1147.23,309.42,78.758109360519,11.816547253220335,0.10449517533537303,119.88,2021,M1_fixed,True,ERS_Heartland,338.43073971030213,959406.1587378789,,,1122.0207397103025,3180779.644399796,0.0,0.0,119.88,338.43073971030213,959406.1587378789,,1122.0207397103025,31023,Butler
2,327932,314678,29513.879999999997,28321.02,1192.86,95.95830842979642,11.659078905971395,0.14731884656696687,4172.22,2021,M1_fixed,True,ERS_Heartland,323.4785927188886,22637926.17710513,,,1107.0685927188904,77475720.6166691,1.89,1.89,4170.33,323.4785927188886,22637926.17710513,,1107.0685927188904,31025,Cass
4,153116,140448,13780.439999999999,12640.32,1140.12,91.72653413098566,10.826109386561237,0.6400803144224196,8090.82,2021,M1_fixed,True,ERS_Heartland,244.38534692578028,7633354.549852979,,,1027.975346925779,32108718.42482311,10.35,10.35,8080.469999999999,244.38534692578028,7633354.549852979,,1027.975346925779,31067,Gage
5,8116,7461,730.4399999999999,671.49,58.949999999999996,91.9295219319862,10.1358911588802,0.8352767725505964,560.88,2021,M1_fixed,True,ERS_Heartland,178.8468144095985,296758.3597558899,,,962.4368144095982,1596959.7857010965,3.78,3.78,557.1,178.8468144095985,296758.3597558899,,962.4368144095982,31095,Jefferson
6,129110,111353,11619.9,10021.77,1598.1299999999999,86.24661141662149,11.342497336499735,0.38474042010543047,3855.7799999999997,2021,M1_fixed,True,ERS_Heartland,293.4181123479784,7266303.838972589,,,1077.0081123479897,26671387.525245033,1.3499999999999999,1.3499999999999999,3854.43,293.4181123479784,7266303.838972589,,1077.0081123479897,31097,Johnson
7,266481,250331,23983.29,22529.79,1453.5,93.93953039803964,11.429008216965267,0.3207073834243462,7225.469999999999,2021,M1_fixed,True,ERS_Heartland,301.6326102053361,16792588.260514215,,,1085.2226102053307,60416864.25009838,4.5,4.5,7220.969999999999,301.6326102053361,16792588.260514215,,1085.2226102053307,31109,Lancaster
8,264930,255773,23843.7,23019.57,824.13,96.54361529460613,11.695687725516823,0.1458128887724662,3356.5499999999997,2021,M1_fixed,True,ERS_Heartland,326.9547227512882,18598033.489758313,,,1110.5447227512855,63170667.09360261,3.96,3.96,3352.5899999999997,326.9547227512882,18598033.489758313,,1110.5447227512855,31127,Nemaha
9,459626,430234,41366.34,38721.06,2645.2799999999997,93.60523556108662,11.580275458033203,0.23027236341153884,8916.39,2021,M1_fixed,True,ERS_Heartland,315.99594139505155,30235067.739956677,,,1099.585941395075,105210387.44108614,2.61,2.61,8913.779999999999,315.99594139505155,30235067.739956677,,1099.585941395075,31131,Otoe
10,129943,114943,11694.869999999999,10344.869999999999,1350.0,88.45647707071562,11.285767793557907,0.4137616035774253,4280.3099999999995,2021,M1_fixed,True,ERS_Heartland,288.03145223728967,7362870.382090012,,,1071.6214522372861,27393570.35560821,1.17,1.17,4279.139999999999,288.03145223728967,7362870.382090012,,1071.6214522372861,31133,Pawnee
11,273488,264373,24613.92,23793.57,820.35,96.66712981922424,11.914748828016183,0.08608292072185889,2048.22,2021,M1_fixed,True,ERS_Heartland,347.755308150824,20446340.08154675,,,1131.3453081508217,66517664.51277731,0.54,0.54,2047.6799999999998,347.755308150824,20446340.08154675,,1131.3453081508217,31147,Richardson
12,18430,17021,1658.7,1531.8899999999999,126.81,92.35485621269669,11.083751509034265,0.4973855825157159,761.9399999999999,2021,M1_fixed,True,ERS_Heartland,268.8493293940045,1017697.5810798202,,,1052.4393293940036,3983885.5546776415,0.09,0.09,761.85,268.8493293940045,1017697.5810798202,,1052.4393293940036,31151,Saline
14,27863,23404,2507.67,2106.36,401.31,83.99669813013674,11.89673948059773,0.08464365065800718,178.29,2021,M1_fixed,True,ERS_Heartland,346.04526029341804,1801140.980532663,,,1129.6352602934205,5879671.227526594,0.18,0.18,178.10999999999999,346.04526029341804,1801140.980532663,,1129.6352602934205,31155,Saunders
15,11529,10245,1037.61,922.05,115.56,88.86286755139214,11.290181629596075,0.4078086871644705,376.02,2021,M1_fixed,True,ERS_Heartland,288.4505607526941,657215.9023726614,,,1072.0405607526936,2442574.917090345,0.18,0.18,375.84,288.4505607526941,657215.9023726614,,1072.0405607526936,31159,Seward
1,16185,12747,1456.6499999999999,1147.23,309.42,78.758109360519,11.816547253220335,0.10449517533537303,119.88,2021,M1_fixed,True,FINBIN_state,302.9592358048967,858849.1604709015,405.41923580489606,1149309.6402382778,1019.0192358048943,2888784.0730438875,0.0,0.0,119.88,302.9592358048967,858849.1604709015,405.41923580489606,1019.0192358048943,31023,Butler
2,327932,314678,29513.879999999997,28321.02,1192.86,95.95830842979642,11.659078905971395,0.14731884656696687,4172.22,2021,M1_fixed,True,FINBIN_state,289.37969590728693,20251591.111611042,391.8396959072921,27422025.16293635,1005.4396959072849,70363449.46405809,2.16,2.16,4170.0599999999995,289.37969590728693,20251591.111611042,391.8396959072921,1005.4396959072849,31025,Cass
4,153116,140448,13780.439999999999,12640.32,1140.12,91.72653413098566,10.826109386561237,0.6400803144224196,8090.82,2021,M1_fixed,True,FINBIN_state,217.54721007799324,6795067.735223092,320.0072100779993,9995396.711638808,933.6072100780038,29161138.073424704,12.33,12.33,8078.49,217.54721007799324,6795067.735223092,320.0072100779993,933.6072100780038,31067,Gage
5,8116,7461,730.4399999999999,671.49,58.949999999999996,91.9295219319862,10.1358911588802,0.8352767725505964,560.88,2021,M1_fixed,True,FINBIN_state,158.02511484679738,262209.1650722458,260.4851148467979,432219.8059716276,874.0851148468013,1450358.8773737429,4.59,4.59,556.29,158.02511484679738,262209.1650722458,260.4851148467979,874.0851148468013,31095,Jefferson
6,129110,111353,11619.9,10021.77,1598.1299999999999,86.24661141662149,11.342497336499735,0.38474042010543047,3855.7799999999997,2021,M1_fixed,True,FINBIN_state,262.07876763443306,6490205.870852425,364.5387676344338,9027559.42882976,978.1387676344291,24222954.150427166,1.3499999999999999,1.3499999999999999,3854.43,262.07876763443306,6490205.870852425,364.5387676344338,978.1387676344291,31097,Johnson
7,266481,250331,23983.29,22529.79,1453.5,93.93953039803964,11.429008216965267,0.3207073834243462,7225.469999999999,2021,M1_fixed,True,FINBIN_state,269.53917458848406,15005872.12988019,371.99917458847966,20710058.39807227,985.5991745884855,54870596.11193957,4.68,4.68,7220.79,269.53917458848406,15005872.12988019,371.99917458847966,985.5991745884855,31109,Lancaster
8,264930,255773,23843.7,23019.57,824.13,96.54361529460613,11.695687725516823,0.1458128887724662,3356.5499999999997,2021,M1_fixed,True,FINBIN_state,292.5367172027201,16640247.976043984,394.9967172027197,22468438.788905155,1008.596717202739,57371599.85441112,4.05,4.05,3352.5,292.5367172027201,16640247.976043984,394.9967172027197,1008.596717202739,31127,Nemaha
9,459626,430234,41366.34,38721.06,2645.2799999999997,93.60523556108662,11.580275458033203,0.23027236341153884,8916.39,2021,M1_fixed,True,FINBIN_state,282.583951974983,27038147.681481812,385.04395197499275,36841707.26822772,998.6439519750143,95552073.87399511,2.6999999999999997,2.6999999999999997,8913.69,282.583951974983,27038147.681481812,385.04395197499275,998.6439519750143,31131,Otoe
10,129943,114943,11694.869999999999,10344.869999999999,1350.0,88.45647707071562,11.285767793557907,0.4137616035774253,4280.3099999999995,2021,M1_fixed,True,FINBIN_state,257.1866029219092,6574391.812474821,359.64660292190223,9193549.177023303,973.2466029219158,24878840.596963692,1.17,1.17,4279.139999999999,257.1866029219092,6574391.812474821,359.64660292190223,973.2466029219158,31133,Pawnee
11,273488,264373,24613.92,23793.57,820.35,96.66712981922424,11.914748828016183,0.08608292072185889,2048.22,2021,M1_fixed,True,FINBIN_state,311.4278088625701,18310457.789168786,413.88780886256114,24334613.15259033,1027.4878088625942,60411342.910505414,0.54,0.54,2047.6799999999998,311.4278088625701,18310457.789168786,413.88780886256114,1027.4878088625942,31147,Richardson
12,18430,17021,1658.7,1531.8899999999999,126.81,92.35485621269669,11.083751509034265,0.4973855825157159,761.9399999999999,2021,M1_fixed,True,FINBIN_state,239.76539895563607,907603.7760398834,342.2253989556351,1295454.0801208827,955.8253989556358,3618164.8607582403,0.27,0.27,761.67,239.76539895563607,907603.7760398834,342.2253989556351,955.8253989556358,31151,Saline
14,27863,23404,2507.67,2106.36,401.31,83.99669813013674,11.89673948059773,0.08464365065800718,178.29,2021,M1_fixed,True,FINBIN_state,309.8747433984802,1612876.0113454491,412.33474339848124,2146173.02777879,1025.934743398485,5339917.408839654,0.18,0.18,178.10999999999999,309.8747433984802,1612876.0113454491,412.33474339848124,1025.934743398485,31155,Saunders
15,11529,10245,1037.61,922.05,115.56,88.86286755139214,11.290181629596075,0.4078086871644705,376.02,2021,M1_fixed,True,FINBIN_state,257.56723727559654,586850.2520015764,360.0272372755981,820298.719501132,973.6272372756036,2218346.539701468,0.27,0.27,375.75,257.56723727559654,586850.2520015764,360.0272372755981,973.6272372756036,31159,Seward
1,16185,12747,1456.6499999999999,1147.23,309.42,78.758109360519,11.816547253220335,0.10449517533537303,119.88,2021,M2_HI_sensitivity,True,yield_only,,,,,,,,,,,,,,31023,Butler
2,327932,314678,29513.879999999997,28321.02,1192.86,95.95830842979642,11.659078905971395,0.14731884656696687,4172.22,2021,M2_HI_sensitivity,True,yield_only,,,,,,,,,,,,,,31025,Cass
4,153116,140448,13780.439999999999,12640.32,1140.12,91.72653413098566,10.826109386561237,0.6400803144224196,8090.82,2021,M2_HI_sensitivity,True,yield_only,,,,,,,,,,,,,,31067,Gage
5,8116,7461,730.4399999999999,671.49,58.949999999999996,91.9295219319862,10.1358911588802,0.8352767725505964,560.88,2021,M2_HI_sensitivity,True,yield_only,,,,,,,,,,,,,,31095,Jefferson
6,129110,111353,11619.9,10021.77,1598.1299999999999,86.24661141662149,11.342497336499735,0.38474042010543047,3855.7799999999997,2021,M2_HI_sensitivity,True,yield_only,,,,,,,,,,,,,,31097,Johnson
7,266481,250331,23983.29,22529.79,1453.5,93.93953039803964,11.429008216965267,0.3207073834243462,7225.469999999999,2021,M2_HI_sensitivity,True,yield_only,,,,,,,,,,,,,,31109,Lancaster
8,264930,255773,23843.7,23019.57,824.13,96.54361529460613,11.695687725516823,0.1458128887724662,3356.5499999999997,2021,M2_HI_sensitivity,True,yield_only,,,,,,,,,,,,,,31127,Nemaha
9,459626,430234,41366.34,38721.06,2645.2799999999997,93.60523556108662,11.580275458033203,0.23027236341153884,8916.39,2021,M2_HI_sensitivity,True,yield_only,,,,,,,,,,,,,,31131,Otoe
10,129943,114943,11694.869999999999,10344.869999999999,1350.0,88.45647707071562,11.285767793557907,0.4137616035774253,4280.3099999999995,2021,M2_HI_sensitivity,True,yield_only,,,,,,,,,,,,,,31133,Pawnee
11,273488,264373,24613.92,23793.57,820.35,96.66712981922424,11.914748828016183,0.08608292072185889,2048.22,2021,M2_HI_sensitivity,True,yield_only,,,,,,,,,,,,,,31147,Richardson
12,18430,17021,1658.7,1531.8899999999999,126.81,92.35485621269669,11.083751509034265,0.4973855825157159,761.9399999999999,2021,M2_HI_sensitivity,True,yield_only,,,,,,,,,,,,,,31151,Saline
14,27863,23404,2507.67,2106.36,401.31,83.99669813013674,11.89673948059773,0.08464365065800718,178.29,2021,M2_HI_sensitivity,True,yield_only,,,,,,,,,,,,,,31155,Saunders
15,11529,10245,1037.61,922.05,115.56,88.86286755139214,11.290181629596075,0.4078086871644705,376.02,2021,M2_HI_sensitivity,True,yield_only,,,,,,,,,,,,,,31159,Seward
1,16185,12747,1456.6499999999999,1147.23,309.42,78.758109360519,11.816547253220335,0.10449517533537303,119.88,2021,M2_HI_sensitivity,True,UNL,549.8407397103038,1558725.4055426994,776.3307397102947,2200794.44773,1122.0207397103025,3180779.644399796,0.0,0.0,119.88,549.8407397103038,1558725.4055426994,776.3307397102947,1122.0207397103025,31023,Butler
2,327932,314678,29513.879999999997,28321.02,1192.86,95.95830842979642,11.659078905971395,0.14731884656696687,4172.22,2021,M2_HI_sensitivity,True,UNL,534.8885927188874,37432982.42140142,761.3785927188767,53283378.75445343,1107.0685927188904,77475720.6166691,0.09,0.09,4172.13,534.8885927188874,37432982.42140142,761.3785927188767,1107.0685927188904,31025,Cass
4,153116,140448,13780.439999999999,12640.32,1140.12,91.72653413098566,10.826109386561237,0.6400803144224196,8090.82,2021,M2_HI_sensitivity,True,UNL,455.7953469257835,14236727.074779946,682.285346925786,21311122.05690332,1027.975346925779,32108718.42482311,1.08,1.08,8089.74,455.7953469257835,14236727.074779946,682.285346925786,1027.975346925779,31067,Gage
5,8116,7461,730.4399999999999,671.49,58.949999999999996,91.9295219319862,10.1358911588802,0.8352767725505964,560.88,2021,M2_HI_sensitivity,True,UNL,390.25681440959846,647548.4201944818,616.7468144095994,1023360.5425573644,962.4368144095982,1596959.7857010965,0.09,0.09,560.79,390.25681440959846,647548.4201944818,616.7468144095994,962.4368144095982,31095,Jefferson
6,129110,111353,11619.9,10021.77,1598.1299999999999,86.24661141662149,11.342497336499735,0.38474042010543047,3855.7799999999997,2021,M2_HI_sensitivity,True,UNL,504.828112347982,12501731.476021133,731.3181123479906,18110605.254532788,1077.0081123479897,26671387.525245033,0.0,0.0,3855.7799999999997,504.828112347982,12501731.476021133,731.3181123479906,1077.0081123479897,31097,Johnson
7,266481,250331,23983.29,22529.79,1453.5,93.93953039803964,11.429008216965267,0.3207073834243462,7225.469999999999,2021,M2_HI_sensitivity,True,UNL,513.0426102053266,28562274.176564235,739.5326102053211,41171498.7313451,1085.2226102053307,60416864.25009838,0.0,0.0,7225.469999999999,513.0426102053266,28562274.176564235,739.5326102053211,1085.2226102053307,31109,Lancaster
8,264930,255773,23843.7,23019.57,824.13,96.54361529460613,11.695687725516823,0.1458128887724662,3356.5499999999997,2021,M2_HI_sensitivity,True,UNL,538.3647227512862,30623583.165211882,764.8547227513011,43506922.39227628,1110.5447227512855,63170667.09360261,0.18,0.18,3356.37,538.3647227512862,30623583.165211882,764.8547227513011,1110.5447227512855,31127,Nemaha
9,459626,430234,41366.34,38721.06,2645.2799999999997,93.60523556108662,11.580275458033203,0.23027236341153884,8916.39,2021,M2_HI_sensitivity,True,UNL,527.405941395068,50463161.94485533,753.8959413950581,72134138.04091012,1099.585941395075,105210387.44108614,0.44999999999999996,0.44999999999999996,8915.94,527.405941395068,50463161.94485533,753.8959413950581,1099.585941395075,31131,Otoe
10,129943,114943,11694.869999999999,10344.869999999999,1350.0,88.45647707071562,11.285767793557907,0.4137616035774253,4280.3099999999995,2021,M2_HI_sensitivity,True,UNL,499.4414522372851,12767087.23197504,725.9314522372899,18556790.057435106,1071.6214522372861,27393570.35560821,0.09,0.09,4280.22,499.4414522372851,12767087.23197504,725.9314522372899,1071.6214522372861,31133,Pawnee
11,273488,264373,24613.92,23793.57,820.35,96.66712981922424,11.914748828016183,0.08608292072185889,2048.22,2021,M2_HI_sensitivity,True,UNL,559.1653081508172,32876231.603906866,785.6553081508258,46192754.62031831,1131.3453081508217,66517664.51277731,0.18,0.18,2048.04,559.1653081508172,32876231.603906866,785.6553081508258,1131.3453081508217,31147,Richardson
12,18430,17021,1658.7,1531.8899999999999,126.81,92.35485621269669,11.083751509034265,0.4973855825157159,761.9399999999999,2021,M2_HI_sensitivity,True,UNL,480.25932939400246,1817965.32249856,706.7493293940094,2675316.633949946,1052.4393293940036,3983885.5546776415,0.0,0.0,761.9399999999999,480.25932939400246,1817965.32249856,706.7493293940094,1052.4393293940036,31151,Saline
14,27863,23404,2507.67,2106.36,401.31,83.99669813013674,11.89673948059773,0.08464365065800718,178.29,2021,M2_HI_sensitivity,True,UNL,557.4552602934164,2901515.0020451597,783.9452602934149,4080379.35156678,1129.6352602934205,5879671.227526594,0.0,0.0,178.29,557.4552602934164,2901515.0020451597,783.9452602934149,1129.6352602934205,31155,Saunders
15,11529,10245,1037.61,922.05,115.56,88.86286755139214,11.290181629596075,0.4078086871644705,376.02,2021,M2_HI_sensitivity,True,UNL,499.8605607526957,1138899.8816238877,726.3505607526915,1654942.6632359563,1072.0405607526936,2442574.917090345,0.0,0.0,376.02,499.8605607526957,1138899.8816238877,726.3505607526915,1072.0405607526936,31159,Seward
1,16185,12747,1456.6499999999999,1147.23,309.42,78.758109360519,11.816547253220335,0.10449517533537303,119.88,2021,M2_HI_sensitivity,True,ERS_Heartland,338.43073971030213,959406.1587378789,,,1122.0207397103025,3180779.644399796,0.0,0.0,119.88,338.43073971030213,959406.1587378789,,1122.0207397103025,31023,Butler
2,327932,314678,29513.879999999997,28321.02,1192.86,95.95830842979642,11.659078905971395,0.14731884656696687,4172.22,2021,M2_HI_sensitivity,True,ERS_Heartland,323.4785927188886,22637926.17710513,,,1107.0685927188904,77475720.6166691,1.89,1.89,4170.33,323.4785927188886,22637926.17710513,,1107.0685927188904,31025,Cass
4,153116,140448,13780.439999999999,12640.32,1140.12,91.72653413098566,10.826109386561237,0.6400803144224196,8090.82,2021,M2_HI_sensitivity,True,ERS_Heartland,244.38534692578028,7633354.549852979,,,1027.975346925779,32108718.42482311,10.35,10.35,8080.469999999999,244.38534692578028,7633354.549852979,,1027.975346925779,31067,Gage
5,8116,7461,730.4399999999999,671.49,58.949999999999996,91.9295219319862,10.1358911588802,0.8352767725505964,560.88,2021,M2_HI_sensitivity,True,ERS_Heartland,178.8468144095985,296758.3597558899,,,962.4368144095982,1596959.7857010965,3.78,3.78,557.1,178.8468144095985,296758.3597558899,,962.4368144095982,31095,Jefferson
6,129110,111353,11619.9,10021.77,1598.1299999999999,86.24661141662149,11.342497336499735,0.38474042010543047,3855.7799999999997,2021,M2_HI_sensitivity,True,ERS_Heartland,293.4181123479784,7266303.838972589,,,1077.0081123479897,26671387.525245033,1.3499999999999999,1.3499999999999999,3854.43,293.4181123479784,7266303.838972589,,1077.0081123479897,31097,Johnson
7,266481,250331,23983.29,22529.79,1453.5,93.93953039803964,11.429008216965267,0.3207073834243462,7225.469999999999,2021,M2_HI_sensitivity,True,ERS_Heartland,301.6326102053361,16792588.260514215,,,1085.2226102053307,60416864.25009838,4.5,4.5,7220.969999999999,301.6326102053361,16792588.260514215,,1085.2226102053307,31109,Lancaster
8,264930,255773,23843.7,23019.57,824.13,96.54361529460613,11.695687725516823,0.1458128887724662,3356.5499999999997,2021,M2_HI_sensitivity,True,ERS_Heartland,326.9547227512882,18598033.489758313,,,1110.5447227512855,63170667.09360261,3.96,3.96,3352.5899999999997,326.9547227512882,18598033.489758313,,1110.5447227512855,31127,Nemaha
9,459626,430234,41366.34,38721.06,2645.2799999999997,93.60523556108662,11.580275458033203,0.23027236341153884,8916.39,2021,M2_HI_sensitivity,True,ERS_Heartland,315.99594139505155,30235067.739956677,,,1099.585941395075,105210387.44108614,2.61,2.61,8913.779999999999,315.99594139505155,30235067.739956677,,1099.585941395075,31131,Otoe
10,129943,114943,11694.869999999999,10344.869999999999,1350.0,88.45647707071562,11.285767793557907,0.4137616035774253,4280.3099999999995,2021,M2_HI_sensitivity,True,ERS_Heartland,288.03145223728967,7362870.382090012,,,1071.6214522372861,27393570.35560821,1.17,1.17,4279.139999999999,288.03145223728967,7362870.382090012,,1071.6214522372861,31133,Pawnee
11,273488,264373,24613.92,23793.57,820.35,96.66712981922424,11.914748828016183,0.08608292072185889,2048.22,2021,M2_HI_sensitivity,True,ERS_Heartland,347.755308150824,20446340.08154675,,,1131.3453081508217,66517664.51277731,0.54,0.54,2047.6799999999998,347.755308150824,20446340.08154675,,1131.3453081508217,31147,Richardson
12,18430,17021,1658.7,1531.8899999999999,126.81,92.35485621269669,11.083751509034265,0.4973855825157159,761.9399999999999,2021,M2_HI_sensitivity,True,ERS_Heartland,268.8493293940045,1017697.5810798202,,,1052.4393293940036,3983885.5546776415,0.09,0.09,761.85,268.8493293940045,1017697.5810798202,,1052.4393293940036,31151,Saline
14,27863,23404,2507.67,2106.36,401.31,83.99669813013674,11.89673948059773,0.08464365065800718,178.29,2021,M2_HI_sensitivity,True,ERS_Heartland,346.04526029341804,1801140.980532663,,,1129.6352602934205,5879671.227526594,0.18,0.18,178.10999999999999,346.04526029341804,1801140.980532663,,1129.6352602934205,31155,Saunders
15,11529,10245,1037.61,922.05,115.56,88.86286755139214,11.290181629596075,0.4078086871644705,376.02,2021,M2_HI_sensitivity,True,ERS_Heartland,288.4505607526941,657215.9023726614,,,1072.0405607526936,2442574.917090345,0.18,0.18,375.84,288.4505607526941,657215.9023726614,,1072.0405607526936,31159,Seward
1,16185,12747,1456.6499999999999,1147.23,309.42,78.758109360519,11.816547253220335,0.10449517533537303,119.88,2021,M2_HI_sensitivity,True,FINBIN_state,302.9592358048967,858849.1604709015,405.41923580489606,1149309.6402382778,1019.0192358048943,2888784.0730438875,0.0,0.0,119.88,302.9592358048967,858849.1604709015,405.41923580489606,1019.0192358048943,31023,Butler
2,327932,314678,29513.879999999997,28321.02,1192.86,95.95830842979642,11.659078905971395,0.14731884656696687,4172.22,2021,M2_HI_sensitivity,True,FINBIN_state,289.37969590728693,20251591.111611042,391.8396959072921,27422025.16293635,1005.4396959072849,70363449.46405809,2.16,2.16,4170.0599999999995,289.37969590728693,20251591.111611042,391.8396959072921,1005.4396959072849,31025,Cass
4,153116,140448,13780.439999999999,12640.32,1140.12,91.72653413098566,10.826109386561237,0.6400803144224196,8090.82,2021,M2_HI_sensitivity,True,FINBIN_state,217.54721007799324,6795067.735223092,320.0072100779993,9995396.711638808,933.6072100780038,29161138.073424704,12.33,12.33,8078.49,217.54721007799324,6795067.735223092,320.0072100779993,933.6072100780038,31067,Gage
5,8116,7461,730.4399999999999,671.49,58.949999999999996,91.9295219319862,10.1358911588802,0.8352767725505964,560.88,2021,M2_HI_sensitivity,True,FINBIN_state,158.02511484679738,262209.1650722458,260.4851148467979,432219.8059716276,874.0851148468013,1450358.8773737429,4.59,4.59,556.29,158.02511484679738,262209.1650722458,260.4851148467979,874.0851148468013,31095,Jefferson
6,129110,111353,11619.9,10021.77,1598.1299999999999,86.24661141662149,11.342497336499735,0.38474042010543047,3855.7799999999997,2021,M2_HI_sensitivity,True,FINBIN_state,262.07876763443306,6490205.870852425,364.5387676344338,9027559.42882976,978.1387676344291,24222954.150427166,1.3499999999999999,1.3499999999999999,3854.43,262.07876763443306,6490205.870852425,364.5387676344338,978.1387676344291,31097,Johnson
7,266481,250331,23983.29,22529.79,1453.5,93.93953039803964,11.429008216965267,0.3207073834243462,7225.469999999999,2021,M2_HI_sensitivity,True,FINBIN_state,269.53917458848406,15005872.12988019,371.99917458847966,20710058.39807227,985.5991745884855,54870596.11193957,4.68,4.68,7220.79,269.53917458848406,15005872.12988019,371.99917458847966,985.5991745884855,31109,Lancaster
8,264930,255773,23843.7,23019.57,824.13,96.54361529460613,11.695687725516823,0.1458128887724662,3356.5499999999997,2021,M2_HI_sensitivity,True,FINBIN_state,292.5367172027201,16640247.976043984,394.9967172027197,22468438.788905155,1008.596717202739,57371599.85441112,4.05,4.05,3352.5,292.5367172027201,16640247.976043984,394.9967172027197,1008.596717202739,31127,Nemaha
9,459626,430234,41366.34,38721.06,2645.2799999999997,93.60523556108662,11.580275458033203,0.23027236341153884,8916.39,2021,M2_HI_sensitivity,True,FINBIN_state,282.583951974983,27038147.681481812,385.04395197499275,36841707.26822772,998.6439519750143,95552073.87399511,2.6999999999999997,2.6999999999999997,8913.69,282.583951974983,27038147.681481812,385.04395197499275,998.6439519750143,31131,Otoe
10,129943,114943,11694.869999999999,10344.869999999999,1350.0,88.45647707071562,11.285767793557907,0.4137616035774253,4280.3099999999995,2021,M2_HI_sensitivity,True,FINBIN_state,257.1866029219092,6574391.812474821,359.64660292190223,9193549.177023303,973.2466029219158,24878840.596963692,1.17,1.17,4279.139999999999,257.1866029219092,6574391.812474821,359.64660292190223,973.2466029219158,31133,Pawnee
11,273488,264373,24613.92,23793.57,820.35,96.66712981922424,11.914748828016183,0.08608292072185889,2048.22,2021,M2_HI_sensitivity,True,FINBIN_state,311.4278088625701,18310457.789168786,413.88780886256114,24334613.15259033,1027.4878088625942,60411342.910505414,0.54,0.54,2047.6799999999998,311.4278088625701,18310457.789168786,413.88780886256114,1027.4878088625942,31147,Richardson
12,18430,17021,1658.7,1531.8899999999999,126.81,92.35485621269669,11.083751509034265,0.4973855825157159,761.9399999999999,2021,M2_HI_sensitivity,True,FINBIN_state,239.76539895563607,907603.7760398834,342.2253989556351,1295454.0801208827,955.8253989556358,3618164.8607582403,0.27,0.27,761.67,239.76539895563607,907603.7760398834,342.2253989556351,955.8253989556358,31151,Saline
14,27863,23404,2507.67,2106.36,401.31,83.99669813013674,11.89673948059773,0.08464365065800718,178.29,2021,M2_HI_sensitivity,True,FINBIN_state,309.8747433984802,1612876.0113454491,412.33474339848124,2146173.02777879,1025.934743398485,5339917.408839654,0.18,0.18,178.10999999999999,309.8747433984802,1612876.0113454491,412.33474339848124,1025.934743398485,31155,Saunders
15,11529,10245,1037.61,922.05,115.56,88.86286755139214,11.290181629596075,0.4078086871644705,376.02,2021,M2_HI_sensitivity,True,FINBIN_state,257.56723727559654,586850.2520015764,360.0272372755981,820298.719501132,973.6272372756036,2218346.539701468,0.27,0.27,375.75,257.56723727559654,586850.2520015764,360.0272372755981,973.6272372756036,31159,Seward
